listing_id,title,price_chf,source_status,ad_text,location,profile_creation_year,profile_creation_missing,content_score,price_score,profile_score,fraud_index,manual_state_code,risk_target,content_band,price_band,profile_band,risk_band,risk_target_label,dataset,market_price_chf,price_ratio,confirmed_extreme,confirmed_positive,confirmed_negative
1,iPhone 14 pro max 256gb,350,POSITIVE,iPhone 14 pro max couleur gold disponible a vendre urgent a 350 pour des raisons personnelles état nickel jamais devisé  batterie 100% tat nickel 10/10 Mémoire 256gb Tout d'origine a vérifier avant l'achat  veuillez me contacter pour plus d'informations,"Metz, GES",,1,1,3,2,10,3,1,unique,suspiciously-low,intermediate-or-missing,fraud-confirmed,unfavorable,case_study_sample,850,0.4117647058823529,1,1,0
2,iPhone 14 pro max 256GB,350,IDENTIFIED,"iPhone 14 pro max 256gb batterie 100% état nickel sans aucun problème avec son chargeur et sa boîte, accompagné de sa facture d'achat juste quelques mois d'utilisation a vendre pour des raisons avec garantie... Contacter moi si vous êtes intéressé","Montpellier, OCC",,1,2,3,2,7,2,1,similar,suspiciously-low,intermediate-or-missing,marked,unfavorable,case_study_sample,850,0.4117647058823529,0,0,0
3,iPhone 14 pro max 256 GB,350,IDENTIFIED,Apple iPhone 14 pro max 256gb n'a aucun défaut et fonctionne parfaitement très bien et la facture d'achat est incluse dans l'emballage d'origine avec une bonne garantie contacter moi en privé pour plus d'information  Merci !,"Paris, IDF",,1,2,3,2,7,2,1,similar,suspiciously-low,intermediate-or-missing,marked,unfavorable,case_study_sample,850,0.4117647058823529,0,0,0
4,iPhone 14 pro max 256gb,350,POSITIVE,iPhone 14 pro max couleur gold disponible a vendre urgent a 350 pour des raisons personnelles état nickel jamais devisé  batterie 100% tat nickel 10/10 Mémoire 256gb Tout d'origine a vérifier avant l'achat  veuillez me contacter pour plus d'informations,"Périgueux, NAQ",,1,3,3,2,10,3,1,duplicated,suspiciously-low,intermediate-or-missing,fraud-confirmed,unfavorable,case_study_sample,850,0.4117647058823529,1,1,0
5,iPhone 14 pro max 256gb,350,IDENTIFIED,"Vente de iPhone 14 pro max à 350 l'iPhone 14 Pro Max 256GB original , Batterie  100% avec ça facture","Besançon, BFC",,1,2,3,2,7,2,1,similar,suspiciously-low,intermediate-or-missing,marked,unfavorable,case_study_sample,850,0.4117647058823529,0,0,0
6,iPhone 14 pro max 256gb,350,POSITIVE,iPhone 14 pro max couleur gold disponible a vendre urgent a 350 pour des raisons personnelles état nickel jamais devisé  batterie 100% tat nickel 10/10 Mémoire 256gb Tout d'origine a vérifier avant l'achat  veuillez me contacter pour plus d'informations,"Saint-Denis, IDF",,1,3,3,2,10,3,1,duplicated,suspiciously-low,intermediate-or-missing,fraud-confirmed,unfavorable,case_study_sample,850,0.4117647058823529,1,1,0
7,iPhone 14 pro max 256gb,350,IDENTIFIED,"Vente de iPhone 14 pro max à 350 l'iPhone 14 Pro Max 256GB original , Batterie  100% avec ça facture","Champigny-sur-Marne, IDF",,1,2,3,2,7,2,1,similar,suspiciously-low,intermediate-or-missing,marked,unfavorable,case_study_sample,850,0.4117647058823529,0,0,0
8,iPhone 14 pro max 256GB,350,IDENTIFIED,"iPhone 14 pro max 256gb batterie 100% état nickel sans aucun problème avec son chargeur et sa boîte, accompagné de sa facture d'achat juste quelques mois d'utilisation a vendre pour des raisons avec garantie... Contacter moi si vous êtes intéressé","Angers, PDL",,1,2,3,2,7,2,1,similar,suspiciously-low,intermediate-or-missing,marked,unfavorable,case_study_sample,850,0.4117647058823529,0,0,0
9,iPhone 14 pro max...,350,IDENTIFIED,"iPhone 14 pro max encore très propre avec tout ses accessoires sans aucun problème, capacité de batterie 100%","Lyon, ARA",,1,1,3,2,6,2,1,unique,suspiciously-low,intermediate-or-missing,marked,unfavorable,case_study_sample,850,0.4117647058823529,0,0,0
10,iPhone 14 pro max 256GB,350,IDENTIFIED,"iPhone 14 pro max 256gb batterie 100% état nickel sans aucun problème avec son chargeur et sa boîte, accompagné de sa facture d'achat juste quelques mois d'utilisation a vendre pour des raisons avec garantie... Contacter moi si vous êtes intéressé","Lille, HDF",,1,2,3,2,7,2,1,similar,suspiciously-low,intermediate-or-missing,marked,unfavorable,case_study_sample,850,0.4117647058823529,0,0,0
11,iPhone 14 pro max 256GB,350,IDENTIFIED,"iPhone 14 pro max 256gb batterie 100% état nickel sans aucun problème avec son chargeur et sa boîte, accompagné de sa facture d'achat juste quelques mois d'utilisation a vendre pour des raisons avec garantie... Contacter moi si vous êtes intéressé","Paris, IDF",,1,2,3,2,7,2,1,similar,suspiciously-low,intermediate-or-missing,marked,unfavorable,case_study_sample,850,0.4117647058823529,0,0,0
12,iPhone 14 pro max 256GB,350,IDENTIFIED,"iPhone 14 pro max 256gb batterie 100% état nickel sans aucun problème avec son chargeur et sa boîte, accompagné de sa facture d'achat juste quelques mois d'utilisation a vendre pour des raisons avec garantie... Contacter moi si vous êtes intéressé","La Rochelle, NAQ",,1,2,3,2,7,2,1,similar,suspiciously-low,intermediate-or-missing,marked,unfavorable,case_study_sample,850,0.4117647058823529,0,0,0
13,iPhone 14 pro max 256gb,350,IDENTIFIED,"Vente de iPhone 14 pro max à 350 l'iPhone 14 Pro Max 256GB original , Batterie  100% avec ça facture","Le Mans, PDL",,1,2,3,2,7,2,1,similar,suspiciously-low,intermediate-or-missing,marked,unfavorable,case_study_sample,850,0.4117647058823529,0,0,0
14,iPhone 14 pro max 256 GB,350,IDENTIFIED,En Vente un iphone 14 pro max état neuf disponible avec garantie état batterie 100% capacité 256 GB,"Limoges, NAQ",,1,2,3,2,7,2,1,similar,suspiciously-low,intermediate-or-missing,marked,unfavorable,case_study_sample,850,0.4117647058823529,0,0,0
15,iPhone 14 pro max 256GB,350,IDENTIFIED,"iPhone 14 pro max 256gb batterie 100% état nickel sans aucun problème avec son chargeur et sa boîte, accompagné de sa facture d'achat juste quelques mois d'utilisation a vendre pour des raisons avec garantie... Contacter moi si vous êtes intéressé","Chambéry, ARA",,1,2,3,2,7,2,1,similar,suspiciously-low,intermediate-or-missing,marked,unfavorable,case_study_sample,850,0.4117647058823529,0,0,0
16,iPhone 14 pro max 256gb,350,IDENTIFIED,"Vente de iPhone 14 pro max à 350 l'iPhone 14 Pro Max 256GB original , Batterie  100% avec ça facture","Péronnas, ARA",,1,2,3,2,7,2,1,similar,suspiciously-low,intermediate-or-missing,marked,unfavorable,case_study_sample,850,0.4117647058823529,0,0,0
17,iPhone 14 pro max 256GB,350,IDENTIFIED,"iPhone 14 pro max 256gb batterie 100% état nickel sans aucun problème avec son chargeur et sa boîte, accompagné de sa facture d'achat juste quelques mois d'utilisation a vendre pour des raisons avec garantie... Contacter moi si vous êtes intéressé",Esch-sur-Alzette,,1,2,3,2,7,2,1,similar,suspiciously-low,intermediate-or-missing,marked,unfavorable,case_study_sample,850,0.4117647058823529,0,0,0
18,iPhone 14 pro max 256gb,350,POSITIVE,iPhone 14 pro max couleur gold disponible a vendre urgent a 350 pour des raisons personnelles état nickel jamais devisé  batterie 100% tat nickel 10/10 Mémoire 256gb Tout d'origine a vérifier avant l'achat  veuillez me contacter pour plus d'informations,"Argenteuil, IDF",,1,3,3,2,10,3,1,duplicated,suspiciously-low,intermediate-or-missing,fraud-confirmed,unfavorable,case_study_sample,850,0.4117647058823529,1,1,0
19,iPhone 14 pro max 256GB,350,IDENTIFIED,"iPhone 14 pro max 256gb batterie 100% état nickel sans aucun problème avec son chargeur et sa boîte, accompagné de sa facture d'achat juste quelques mois d'utilisation a vendre pour des raisons avec garantie... Contacter moi si vous êtes intéressé","Rouen, NOR",,1,2,3,2,7,2,1,similar,suspiciously-low,intermediate-or-missing,marked,unfavorable,case_study_sample,850,0.4117647058823529,0,0,0
20,iPhone 14 pro max 256gb,350,IDENTIFIED,iPhone 14 pro max couleur gold disponible a vendre urgent a 350 pour des raisons personnelles état nickel jamais devisé  batterie 100% tat nickel 10/10 Mémoire 256gb Tout d'origine a vérifier avant l'achat  veuillez me contacter pour plus d'informations,"Villeurbanne, ARA",,1,3,3,2,8,2,1,duplicated,suspiciously-low,intermediate-or-missing,marked,unfavorable,case_study_sample,850,0.4117647058823529,0,0,0
21,iPhone 14 pro max 256gb,350,IDENTIFIED,iPhone 14 pro max couleur gold disponible a vendre urgent a 350 pour des raisons personnelles état nickel jamais devisé  batterie 100% tat nickel 10/10 Mémoire 256gb Tout d'origine a vérifier avant l'achat  veuillez me contacter pour plus d'informations,"Antony, IDF",,1,3,3,2,8,2,1,duplicated,suspiciously-low,intermediate-or-missing,marked,unfavorable,case_study_sample,850,0.4117647058823529,0,0,0
22,iPhone 14 pro max 256gb,350,IDENTIFIED,iPhone 14 pro max couleur or  disponible a vendre urgent le prix à 350 pour des raisons personnelles état nickel jamais devisé  batterie 100% tat nickel 10/10 Mémoire 256gb Tout d'origine a vérifier avant l'achat  veuillez me contacter pour plus d'informations,"Saint-Georges-de-Luzençon, OCC",,1,3,3,2,8,2,1,duplicated,suspiciously-low,intermediate-or-missing,marked,unfavorable,case_study_sample,850,0.4117647058823529,0,0,0
23,iPhone 14 pro max 256gb,350,IDENTIFIED,iPhone 14 pro max couleur gold disponible a vendre urgent a 350 pour des raisons personnelles état nickel jamais devisé  batterie 100% tat nickel 10/10 Mémoire 256gb Tout d'origine a vérifier avant l'achat  veuillez me contacter pour plus d'informations,"Poitiers, NAQ",,1,3,3,2,8,2,1,duplicated,suspiciously-low,intermediate-or-missing,marked,unfavorable,case_study_sample,850,0.4117647058823529,0,0,0
24,iPhone 14 pro max 256 GB,350,IDENTIFIED,Apple iPhone 14 pro max 256gb n'a aucun défaut et fonctionne parfaitement très bien et la facture d'achat est incluse dans l'emballage d'origine avec une garantie,"Tours, CVL",,1,2,3,2,7,2,1,similar,suspiciously-low,intermediate-or-missing,marked,unfavorable,case_study_sample,850,0.4117647058823529,0,0,0
25,iPhone 14 pro max 256 GB,350,IDENTIFIED,"Iphone 14 Pro Max 256 GB   Parfait état comme neuf  Fourni dans sa boîte d'origine avec accessoire câble non utilisé, et un verre trempé de protection d'écran.","Angers, PDL",,1,2,3,2,7,2,1,similar,suspiciously-low,intermediate-or-missing,marked,unfavorable,case_study_sample,850,0.4117647058823529,0,0,0
26,iPhone 14 pro max 256 GB,350,IDENTIFIED,Apple iPhone 14 pro max 256gb n'a aucun défaut et fonctionne parfaitement très bien et la facture d'achat est incluse dans l'emballage d'origine avec une bonne garantie contacter moi en privé pour plus d'information  Merci !,"Aulnay-sous-Bois, IDF",,1,2,3,2,7,2,1,similar,suspiciously-low,intermediate-or-missing,marked,unfavorable,case_study_sample,850,0.4117647058823529,0,0,0
27,iPhone 14 pro max 256gb,350,IDENTIFIED,"Vente de iPhone 14 pro max à 350 l'iPhone 14 Pro Max 256GB original , Batterie  100% avec ça facture","Nantes, PDL",,1,2,3,2,7,2,1,similar,suspiciously-low,intermediate-or-missing,marked,unfavorable,case_study_sample,850,0.4117647058823529,0,0,0
28,iPhone 14 plus,350,DETECTED,Iphone 14 plus arrière cassé devant petite fissure batterie 79%,"Valenciennes, HDF",2009.0,0,1,3,1,5,2,0,unique,suspiciously-low,older-profile,borderline,acceptable,case_study_sample,850,0.4117647058823529,0,0,0
29,Iphone 13 bleu nuit,350,DETECTED,Vend iPhone 13 bleu nuit en très bon état de fonctionnement esthétiquement il a quelque accros mais aucune vitre fissuré ou rayé. Pas d envoi. Légèrement négociable,"Bordeaux, NAQ",2021.0,0,1,3,1,5,2,0,unique,suspiciously-low,older-profile,borderline,acceptable,case_study_sample,750,0.4666666666666667,0,0,0
30,IPhone 13 128gb,350,DETECTED,"Bonjour, je vends mon iPhone 13 128gb neuf tout d'origine avec tout les accessoires, c'est sans pb ni fissures. Si vous êtes intéressé n'hésitez pas à me contacter.  Merci cordialement","Créteil, IDF",2024.0,0,1,3,3,7,2,1,unique,suspiciously-low,new-profile,marked,unfavorable,case_study_sample,750,0.4666666666666667,0,0,0
31,Apple iPhone 13 - 128 Go - Rouge,350,DETECTED,"Le téléphone est en parfait état - 128 Go  Entièrement débloqué pour tous les opérateurs  Aucun problème, entièrement fonctionnel  Je voulais juste faire une mise à niveau  Très bonne santé de la batterie de 99 %  Meilleur prix, prêt à vendre !","Marseille, PAC",2024.0,0,1,3,3,7,2,1,unique,suspiciously-low,new-profile,marked,unfavorable,case_study_sample,750,0.4666666666666667,0,0,0
32,iphone 13,350,DETECTED,je vends mon iphone 13 legère fissure sur la partie basse droite de  l'écran mais qui ne gène en rien l'utilisation,"Belfort, BFC",2019.0,0,1,3,1,5,2,0,unique,suspiciously-low,older-profile,borderline,acceptable,case_study_sample,750,0.4666666666666667,0,0,0
33,iPhone 14 pro max,350,DETECTED,Je veux vendre mon iphone 14 pro max,"Roubaix, HDF",2024.0,0,2,3,3,8,2,1,similar,suspiciously-low,new-profile,marked,unfavorable,case_study_sample,850,0.4117647058823529,0,0,0
34,iPhone 14 pro max 256gb,350,POSITIVE,iPhone 14 pro max couleur gold disponible a vendre urgent a 350 pour des raisons personnelles état nickel jamais devisé  batterie 100% tat nickel 10/10 Mémoire 256gb Tout d'origine a vérifier avant l'achat  veuillez me contacter pour plus d'informations,"La Roche-sur-Yon, PDL",,1,3,3,2,10,3,1,duplicated,suspiciously-low,intermediate-or-missing,fraud-confirmed,unfavorable,case_study_sample,850,0.4117647058823529,1,1,0
35,iPhone 14 pro max 256GB,350,IDENTIFIED,"iPhone 14 pro max 256gb batterie 100% état nickel sans aucun problème avec son chargeur et sa boîte, accompagné de sa facture d'achat juste quelques mois d'utilisation a vendre pour des raisons avec garantie... Contacter moi si vous êtes intéressé","Metz, GES",,1,2,3,2,7,2,1,similar,suspiciously-low,intermediate-or-missing,marked,unfavorable,case_study_sample,850,0.4117647058823529,0,0,0
36,iPhone 14 pro max 256gb,350,IDENTIFIED,"Vente de iPhone 14 pro max à 350 l'iPhone 14 Pro Max 256GB original , Batterie  100% avec ça facture","Pantin, IDF",,1,2,3,2,7,2,1,similar,suspiciously-low,intermediate-or-missing,marked,unfavorable,case_study_sample,850,0.4117647058823529,0,0,0
37,iPhone 14 pro max 256gb,350,IDENTIFIED,"Vente de iPhone 14 pro max à 350 l'iPhone 14 Pro Max 256GB original , Batterie  100% avec ça facture","Maisons-Alfort, IDF",,1,2,3,2,7,2,1,similar,suspiciously-low,intermediate-or-missing,marked,unfavorable,case_study_sample,850,0.4117647058823529,0,0,0
38,iPhone 14 pro max 256GB,350,IDENTIFIED,"iPhone 14 pro max 256gb batterie 100% état nickel sans aucun problème avec son chargeur et sa boîte, accompagné de sa facture d'achat juste quelques mois d'utilisation a vendre pour des raisons avec garantie... Contacter moi si vous êtes intéressé","Vannes, BRE",,1,2,3,2,7,2,1,similar,suspiciously-low,intermediate-or-missing,marked,unfavorable,case_study_sample,850,0.4117647058823529,0,0,0
39,iPhone 14 pro max 256GB,350,IDENTIFIED,"iPhone 14 pro max 256gb batterie 100% état nickel sans aucun problème avec son chargeur et sa boîte, accompagné de sa facture d'achat juste quelques mois d'utilisation a vendre pour des raisons avec garantie... Contacter moi si vous êtes intéressé","Dijon, BFC",,1,2,3,2,7,2,1,similar,suspiciously-low,intermediate-or-missing,marked,unfavorable,case_study_sample,850,0.4117647058823529,0,0,0
40,iPhone 14 pro max 256gb,350,IDENTIFIED,"Vente de iPhone 14 pro max à 350 l'iPhone 14 Pro Max 256GB original , Batterie  100% avec ça facture","Vannes, BRE",,1,2,3,2,7,2,1,similar,suspiciously-low,intermediate-or-missing,marked,unfavorable,case_study_sample,850,0.4117647058823529,0,0,0
41,iPhone 14 pro max 256gb,350,IDENTIFIED,"Vente de iPhone 14 pro max à 350 l'iPhone 14 Pro Max 256GB original , Batterie  100% avec ça facture","Bordeaux, NAQ",,1,2,3,2,7,2,1,similar,suspiciously-low,intermediate-or-missing,marked,unfavorable,case_study_sample,850,0.4117647058823529,0,0,0
42,iPhone 14 pro max 256 GB,350,IDENTIFIED,"Iphone 14 Pro Max 256 GB   Parfait état comme neuf  Fourni dans sa boîte d'origine avec accessoire câble non utilisé, et un verre trempé de protection d'écran.","Chazelles-sur-Lyon, ARA",,1,2,3,2,7,2,1,similar,suspiciously-low,intermediate-or-missing,marked,unfavorable,case_study_sample,850,0.4117647058823529,0,0,0
43,iPhone 14 pro max 256 GB,350,IDENTIFIED,Apple iPhone 14 pro max 256gb n'a aucun défaut et fonctionne parfaitement très bien et la facture d'achat est incluse dans l'emballage d'origine avec une bonne garantie contacter moi en privé pour plus d'information  Merci !,"Charleville-Mézières, GES",,1,2,3,2,7,2,1,similar,suspiciously-low,intermediate-or-missing,marked,unfavorable,case_study_sample,850,0.4117647058823529,0,0,0
44,iPhone 14 pro max 256gb,350,IDENTIFIED,iPhone 14 pro max couleur gold disponible a vendre urgent a 350 pour des raisons personnelles état nickel jamais devisé  batterie 100% tat nickel 10/10 Mémoire 256gb Tout d'origine a vérifier avant l'achat  veuillez me contacter pour plus d'informations,"Paris, IDF",,1,3,3,2,8,2,1,duplicated,suspiciously-low,intermediate-or-missing,marked,unfavorable,case_study_sample,850,0.4117647058823529,0,0,0
45,iPhone 14 pro max 256GB,350,IDENTIFIED,"iPhone 14 pro max 256gb batterie 100% état nickel sans aucun problème avec son chargeur et sa boîte, accompagné de sa facture d'achat juste quelques mois d'utilisation a vendre pour des raisons avec garantie... Contacter moi si vous êtes intéressé","Le Mans, PDL",,1,2,3,2,7,2,1,similar,suspiciously-low,intermediate-or-missing,marked,unfavorable,case_study_sample,850,0.4117647058823529,0,0,0
46,iPhone 14 pro max*,350,IDENTIFIED,"iPhone 14 pro max encore très propre avec tout ses accessoires sans aucun problème, capacité de batterie 100%","Montreuil-le-Gast, BRE",,1,3,3,2,8,2,1,duplicated,suspiciously-low,intermediate-or-missing,marked,unfavorable,case_study_sample,850,0.4117647058823529,0,0,0
47,iPhone 14 pro max 256gb,350,IDENTIFIED,iPhone 14 pro max couleur gold disponible a vendre urgent a 350 pour des raisons personnelles état nickel jamais devisé  batterie 100% tat nickel 10/10 Mémoire 256gb Tout d'origine a vérifier avant l'achat  veuillez me contacter pour plus d'informations,"Strasbourg, GES",,1,3,3,2,8,2,1,duplicated,suspiciously-low,intermediate-or-missing,marked,unfavorable,case_study_sample,850,0.4117647058823529,0,0,0
48,iPhone 14 pro max 256gb,350,IDENTIFIED,iPhone 14 pro max couleur or  disponible a vendre urgent le prix à 350 pour des raisons personnelles état nickel jamais devisé  batterie 100% tat nickel 10/10 Mémoire 256gb Tout d'origine a vérifier avant l'achat  veuillez me contacter pour plus d'informations,"Montpellier-de-Médillan, NAQ",,1,3,3,2,8,2,1,duplicated,suspiciously-low,intermediate-or-missing,marked,unfavorable,case_study_sample,850,0.4117647058823529,0,0,0
49,iPhone 14 pro max 256gb,350,IDENTIFIED,"Vente de iPhone 14 pro max à 350 l'iPhone 14 Pro Max 256GB original , Batterie  100% avec ça facture","Bondy, IDF",,1,2,3,2,7,2,1,similar,suspiciously-low,intermediate-or-missing,marked,unfavorable,case_study_sample,850,0.4117647058823529,0,0,0
50,iPhone 14 pro max 256  GB,350,IDENTIFIED,Apple iPhone 14 pro max 256gb n'a aucun défaut et fonctionne parfaitement très bien et la facture d'achat est incluse dans l'emballage d'origine avec une bonne garantie contacter moi en privé pour plus d'information  Merci !,"Montpellier, OCC",,1,2,3,2,7,2,1,similar,suspiciously-low,intermediate-or-missing,marked,unfavorable,case_study_sample,850,0.4117647058823529,0,0,0
51,iPhone 14 pro max 256gb,350,IDENTIFIED,"Vente de iPhone 14 pro max à 350 l'iPhone 14 Pro Max 256GB original , Batterie  100% avec ça facture","Tours, CVL",,1,2,3,2,7,2,1,similar,suspiciously-low,intermediate-or-missing,marked,unfavorable,case_study_sample,850,0.4117647058823529,0,0,0
52,iPhone 14 pro max 256GB,350,IDENTIFIED,"iPhone 14 pro max 256gb batterie 100% état nickel sans aucun problème avec son chargeur et sa boîte, accompagné de sa facture d'achat juste quelques mois d'utilisation a vendre pour des raisons avec garantie... Contacter moi si vous êtes intéressé","Nantes, PDL",,1,2,3,2,7,2,1,similar,suspiciously-low,intermediate-or-missing,marked,unfavorable,case_study_sample,850,0.4117647058823529,0,0,0
53,iPhone 14 pro max 256gb,350,IDENTIFIED,"Vente de iPhone 14 pro max à 350 l'iPhone 14 Pro Max 256GB original , Batterie  100% avec ça facture","Amiens, HDF",,1,2,3,2,7,2,1,similar,suspiciously-low,intermediate-or-missing,marked,unfavorable,case_study_sample,850,0.4117647058823529,0,0,0
54,iPhone 14 pro max 256GB,350,IDENTIFIED,"iPhone 14 pro max 256gb batterie 100% état nickel sans aucun problème avec son chargeur et sa boîte, accompagné de sa facture d'achat juste quelques mois d'utilisation a vendre pour des raisons avec garantie... Contacter moi si vous êtes intéressé",Steinfort,,1,2,3,2,7,2,1,similar,suspiciously-low,intermediate-or-missing,marked,unfavorable,case_study_sample,850,0.4117647058823529,0,0,0
55,iPhone 14 pro max 256gb,350,IDENTIFIED,iPhone 14 pro max couleur gold disponible a vendre urgent a 350 pour des raisons personnelles état nickel jamais devisé  batterie 100% tat nickel 10/10 Mémoire 256gb Tout d'origine a vérifier avant l'achat  veuillez me contacter pour plus d'informations,"Metz, GES",,1,3,3,2,8,2,1,duplicated,suspiciously-low,intermediate-or-missing,marked,unfavorable,case_study_sample,850,0.4117647058823529,0,0,0
56,iPhone 14 pro max 256GB,350,IDENTIFIED,"iPhone 14 pro max 256gb batterie 100% état nickel sans aucun problème avec son chargeur et sa boîte, accompagné de sa facture d'achat juste quelques mois d'utilisation a vendre pour des raisons avec garantie... Contacter moi si vous êtes intéressé","Aubervilliers, IDF",,1,2,3,2,7,2,1,similar,suspiciously-low,intermediate-or-missing,marked,unfavorable,case_study_sample,850,0.4117647058823529,0,0,0
57,iPhone 14 pro max 256GB,350,IDENTIFIED,"iPhone 14 pro max 256gb batterie 100% état nickel sans aucun problème avec son chargeur et sa boîte, accompagné de sa facture d'achat juste quelques mois d'utilisation a vendre pour des raisons avec garantie... Contacter moi si vous êtes intéressé","Rennes, BRE",,1,2,3,2,7,2,1,similar,suspiciously-low,intermediate-or-missing,marked,unfavorable,case_study_sample,850,0.4117647058823529,0,0,0
58,Iphone 14 pro max.,350,IDENTIFIED,"iPhone 14 pro max encore très propre avec tout ses accessoires sans aucun problème, capacité de batterie 100%","Boom, VLG",,1,3,3,2,8,2,1,duplicated,suspiciously-low,intermediate-or-missing,marked,unfavorable,case_study_sample,850,0.4117647058823529,0,0,0
59,iPhone 14 pro max 256gb,350,IDENTIFIED,"Vente de iPhone 14 pro max à 350 l'iPhone 14 Pro Max 256GB original , Batterie  100% avec ça facture","Le Havre, NOR",,1,2,3,2,7,2,1,similar,suspiciously-low,intermediate-or-missing,marked,unfavorable,case_study_sample,850,0.4117647058823529,0,0,0
60,iPhone 14 pro max 256gb,350,IDENTIFIED,iPhone 14 pro max couleur gold disponible a vendre urgent a 350 pour des raisons personnelles état nickel jamais devisé  batterie 100% tat nickel 10/10 Mémoire 256gb Tout d'origine a vérifier avant l'achat  veuillez me contacter pour plus d'informations,Schengen,,1,3,3,2,8,2,1,duplicated,suspiciously-low,intermediate-or-missing,marked,unfavorable,case_study_sample,850,0.4117647058823529,0,0,0
61,iPhone 14 pro max 256GB,350,IDENTIFIED,"iPhone 14 pro max 256gb batterie 100% état nickel sans aucun problème avec son chargeur et sa boîte, accompagné de sa facture d'achat juste quelques mois d'utilisation a vendre pour des raisons avec garantie... Contacter moi si vous êtes intéressé","Amiens, HDF",,1,2,3,2,7,2,1,similar,suspiciously-low,intermediate-or-missing,marked,unfavorable,case_study_sample,850,0.4117647058823529,0,0,0
62,iPhone 14 pro max 256gb,350,IDENTIFIED,iPhone 14 pro max couleur gold disponible a vendre urgent a 350 pour des raisons personnelles état nickel jamais devisé  batterie 100% tat nickel 10/10 Mémoire 256gb Tout d'origine a vérifier avant l'achat  veuillez me contacter pour plus d'informations,"Vitry-sur-Seine, IDF",,1,3,3,2,8,2,1,duplicated,suspiciously-low,intermediate-or-missing,marked,unfavorable,case_study_sample,850,0.4117647058823529,0,0,0
63,iPhone 14 pro max 256GB,350,IDENTIFIED,"iPhone 14 pro max 256gb batterie 100% état nickel sans aucun problème avec son chargeur et sa boîte, accompagné de sa facture d'achat juste quelques mois d'utilisation a vendre pour des raisons avec garantie... Contacter moi si vous êtes intéressé","Auxerre, BFC",,1,2,3,2,7,2,1,similar,suspiciously-low,intermediate-or-missing,marked,unfavorable,case_study_sample,850,0.4117647058823529,0,0,0
64,iPhone 14 pro max,350,DETECTED,Je veux vendre mon iphone,"Roubaix, HDF",2024.0,0,1,3,3,7,2,1,unique,suspiciously-low,new-profile,marked,unfavorable,case_study_sample,850,0.4117647058823529,0,0,0
65,Iphone 13,350,DETECTED,A vendre iphone 13 128GB en bonne état l'écran n'est pas fissuré ceci est l'écran de protection le téléphone est fonctionnel l'état de la batterie est de 85%,Marque,2022.0,0,2,3,1,6,2,1,similar,suspiciously-low,older-profile,marked,unfavorable,case_study_sample,750,0.4666666666666667,0,0,0
66,iPhone 13 pro max,350,DETECTED,Je vends mon iphone 13 Pro Max bactéries 100% 256 GB sans rayures ni fissures original et tout les accessoires disponible  Livraison gratuite ,"Paris, IDF",2024.0,0,2,3,3,8,2,1,similar,suspiciously-low,new-profile,marked,unfavorable,case_study_sample,750,0.4666666666666667,0,0,0
67,iPhone 14 pro max,350,DETECTED,Je veux vendre mon iphone 14 pro max,"Roubaix, HDF",2024.0,0,2,3,3,8,2,1,similar,suspiciously-low,new-profile,marked,unfavorable,case_study_sample,850,0.4117647058823529,0,0,0
68,iPhone 13,350,DETECTED,Accessoires et facture pour plus de renseignement vous pouvez menvoyer un message,"Paris, IDF",2023.0,0,1,3,2,6,2,1,unique,suspiciously-low,intermediate-or-missing,marked,unfavorable,case_study_sample,750,0.4666666666666667,0,0,0
69,iPhone 13,350,DETECTED,iPhone 13  Vendu avec accessoires et facture  A venir chercher sur paris.,"Paris, IDF",2023.0,0,1,3,2,6,2,1,unique,suspiciously-low,intermediate-or-missing,marked,unfavorable,case_study_sample,750,0.4666666666666667,0,0,0
70,Apple iPhone 14 Pro Max - 128GB,350,DETECTED,Je vends mon téléphone iphone 14 pro max avec tout les accessoires sans aucun problème,"Morangis, IDF",2024.0,0,2,3,3,8,2,1,similar,suspiciously-low,new-profile,marked,unfavorable,case_study_sample,850,0.4117647058823529,0,0,0
71,Apple iPhone 13 Noir minuit 256 Go,350,DETECTED,"Apple iPhone 13 Noir minuit 256 Go en parfait état de fonctionnement tout est nickel rien à signaler état de batterie encore très satisfaisant à 88% tient très bien la charge toute la journée, à changer en dessous de 80% en général. Le seul défaut et que le châssis arrière est cassé mais les caméras du haut nont pas été impacté donc ce nest que visuel mais si vous mettez une coque alors liPhone est donc en parfait état !! a vendre au plus vite sur Reims premier arrivé premier servi  urgent","Reims, GES",2023.0,0,2,3,2,7,2,1,similar,suspiciously-low,intermediate-or-missing,marked,unfavorable,case_study_sample,750,0.4666666666666667,0,0,0
72,Apple iPhone 13 - 256 Go - Bleu (Déverrouiller),350,DETECTED,Apple iPhone 13 - 256 Go - Bleu (Déverrouillé).    100% Dorigine  Aucun rayure  Aucun fissure  Tout fonctionne  Débloqué iCloud  Débloqué tout opérateur  Batterie 99%,"Lille, HDF",2024.0,0,1,3,3,7,2,1,unique,suspiciously-low,new-profile,marked,unfavorable,case_study_sample,750,0.4666666666666667,0,0,0
73,iPhone 13 128gb,350,DETECTED,Bonjour à vous aujourdhui je cherche à vendre ce téléphone je ne suis  actuellement pas dans ma ville car je suis en vacances et je suis très pressé de vendre ce téléphone en vue de mon absence je naccepte que les livraisons pour tout autre demande veuillez menvoyer un message en privé,Couleur,2024.0,0,2,3,3,8,2,1,similar,suspiciously-low,new-profile,marked,unfavorable,case_study_sample,750,0.4666666666666667,0,0,0
74,iPhone 14 pro max 256 GB,350,IDENTIFIED,En Vente un iphone 14 pro max état neuf disponible avec garantie état batterie 100% capacité 256 GB,"Orléans, CVL",,1,2,3,2,7,2,1,similar,suspiciously-low,intermediate-or-missing,marked,unfavorable,case_study_sample,850,0.4117647058823529,0,0,0
75,iPhone 14 pro max,350,DETECTED,iPhone 14 pro max encore très propre capacité batterie 100% mémoire 512 GB,"Roubaix, HDF",,1,2,3,2,7,2,1,similar,suspiciously-low,intermediate-or-missing,marked,unfavorable,case_study_sample,850,0.4117647058823529,0,0,0
76,iPhone 13 128 Go,350,NEGATIVE,Le produit est d'origine en excellent état de fonctionnement il est vendu avec une garantie et ses accessoires,Est déverrouillé (O/N),2024.0,0,2,3,3,0,3,0,similar,suspiciously-low,new-profile,legitimate,acceptable,case_study_sample,750,0.4666666666666667,1,0,1
77,iPhone 13 a vendreee!,350,DETECTED,"IPhone 13 a vendre avec accessoires ,factures et garantie  Contacter moi pour plus dinformations","Paris, IDF",2024.0,0,2,3,3,8,2,1,similar,suspiciously-low,new-profile,marked,unfavorable,case_study_sample,750,0.4666666666666667,0,0,0
78,Iphone 13,350,DETECTED,"Iphone 13 facture,garanti et accesoires neufs compris.","Paris, IDF",2023.0,0,2,3,2,7,2,1,similar,suspiciously-low,intermediate-or-missing,marked,unfavorable,case_study_sample,750,0.4666666666666667,0,0,0
79,iPhone 13,350,DETECTED,iPhone 13 tout d'origine disponible. Le téléphone n'a aucun soucis  Tout fonctionne   pour plus d'informations voici mon Snarp morgane_life24,"Béziers, OCC",2024.0,0,2,3,3,8,2,1,similar,suspiciously-low,new-profile,marked,unfavorable,case_study_sample,750,0.4666666666666667,0,0,0
80,Iphone 13,350,DETECTED,"Iphone 13 a vendreee + accessoires ,factures et garentie  Contacter moi pour plus dinformations","Paris, IDF",2024.0,0,2,3,3,8,2,1,similar,suspiciously-low,new-profile,marked,unfavorable,case_study_sample,750,0.4666666666666667,0,0,0
81,iPhone 13,350,DETECTED,"Bonjour, je vends un iPhone 13. Bon état avec batterie 91 %. ","Châtellerault, NAQ",2020.0,0,2,3,1,6,2,1,similar,suspiciously-low,older-profile,marked,unfavorable,case_study_sample,750,0.4666666666666667,0,0,0
82,iPhone 13 à vendre,350,DETECTED,"Bonjour,    vendre iPhone 13, dispo en fin de semaine.  - 128go - 85% batterie.   cran protégé, arrière protégé, léger rayure sur le contour du téléphone avec une coque ça ne se voit absolument pas. Fonctionne parfaitement bien, aucun problème avec. Je viens dacheter un chargeur rapide tout neuf que je vend avec.   350 négociable dans la limite du raisonnable","Sablonceaux, NAQ",2021.0,0,1,3,1,5,2,0,unique,suspiciously-low,older-profile,borderline,acceptable,case_study_sample,750,0.4666666666666667,0,0,0
83,iPhone 13 Pro Max bloqué iCloud,350,DETECTED,Vends iPhone 13 Pro Max 128g vert sapin  bloqué iCloud non déclaré volé comme neuf prix à débattre,"Tarbes, OCC",2015.0,0,1,3,1,5,2,0,unique,suspiciously-low,older-profile,borderline,acceptable,case_study_sample,750,0.4666666666666667,0,0,0
84,iPhone 13 128go,350,DETECTED,"iPhone vendu avec facture, garanti et accessoires neufs compris. PRIX NGOCIABLE ","Paris, IDF",2023.0,0,2,3,2,7,2,1,similar,suspiciously-low,intermediate-or-missing,marked,unfavorable,case_study_sample,750,0.4666666666666667,0,0,0
85,iPhone 14 pro max 256gb,350,POSITIVE,iPhone 14 pro max couleur gold disponible a vendre urgent a 350 pour des raisons personnelles état nickel jamais devisé  batterie 100% tat nickel 10/10 Mémoire 256gb Tout d'origine a vérifier avant l'achat  veuillez me contacter pour plus d'informations,"Noisy-le-Grand, IDF",,1,3,3,2,10,3,1,duplicated,suspiciously-low,intermediate-or-missing,fraud-confirmed,unfavorable,case_study_sample,850,0.4117647058823529,1,1,0
86,iPhone 14 pro max 256gb,350,IDENTIFIED,iPhone 14 pro max couleur gold disponible a vendre urgent a 350 pour des raisons personnelles état nickel jamais devisé  batterie 100% tat nickel 10/10 Mémoire 256gb Tout d'origine a vérifier avant l'achat  veuillez me contacter pour plus d'informations,"Caen, NOR",,1,3,3,2,8,2,1,duplicated,suspiciously-low,intermediate-or-missing,marked,unfavorable,case_study_sample,850,0.4117647058823529,0,0,0
87,iPhone 14 pro max 256gb,350,IDENTIFIED,iPhone 14 pro max couleur gold disponible a vendre urgent a 350 pour des raisons personnelles état nickel jamais devisé  batterie 100% tat nickel 10/10 Mémoire 256gb Tout d'origine a vérifier avant l'achat  veuillez me contacter pour plus d'informations,Esch-sur-Alzette,,1,3,3,2,8,2,1,duplicated,suspiciously-low,intermediate-or-missing,marked,unfavorable,case_study_sample,850,0.4117647058823529,0,0,0
88,iPhone 14 pro max 256gb,350,IDENTIFIED,iPhone 14 pro max couleur gold disponible a vendre urgent a 350 pour des raisons personnelles état nickel jamais devisé  batterie 100% tat nickel 10/10 Mémoire 256gb Tout d'origine a vérifier avant l'achat  veuillez me contacter pour plus d'informations,"Tourcoing, HDF",,1,3,3,2,8,2,1,duplicated,suspiciously-low,intermediate-or-missing,marked,unfavorable,case_study_sample,850,0.4117647058823529,0,0,0
89,iPhone 14 pro max 256 GB,350,IDENTIFIED,Apple iPhone 14 pro max 256gb n'a aucun défaut et fonctionne parfaitement très bien et la facture d'achat est incluse dans l'emballage d'origine avec une bonne garantie contacter moi en privé pour plus d'information  Merci !,"Antibes, PAC",,1,2,3,2,7,2,1,similar,suspiciously-low,intermediate-or-missing,marked,unfavorable,case_study_sample,850,0.4117647058823529,0,0,0
90,iPhone 14 pro max 256gb,350,IDENTIFIED,iPhone 14 pro max couleur or  disponible a vendre urgent le prix à 350 pour des raisons personnelles état nickel jamais devisé  batterie 100% tat nickel 10/10 Mémoire 256gb Tout d'origine a vérifier avant l'achat  veuillez me contacter pour plus d'informations,"Sint-Pieters-Woluwe, BRU",,1,3,3,2,8,2,1,duplicated,suspiciously-low,intermediate-or-missing,marked,unfavorable,case_study_sample,850,0.4117647058823529,0,0,0
91,iPhone 14 pro max 256gb,350,IDENTIFIED,iPhone 14 pro max couleur gold disponible a vendre urgent a 350 pour des raisons personnelles état nickel jamais devisé  batterie 100% tat nickel 10/10 Mémoire 256gb Tout d'origine a vérifier avant l'achat  veuillez me contacter pour plus d'informations,Steinfort,,1,3,3,2,8,2,1,duplicated,suspiciously-low,intermediate-or-missing,marked,unfavorable,case_study_sample,850,0.4117647058823529,0,0,0
92,iPhone 14 pro max 256GB,350,IDENTIFIED,"iPhone 14 pro max 256gb batterie 100% état nickel sans aucun problème avec son chargeur et sa boîte, accompagné de sa facture d'achat juste quelques mois d'utilisation a vendre pour des raisons avec garantie... Contacter moi si vous êtes intéressé","Chambéry, ARA",,1,2,3,2,7,2,1,similar,suspiciously-low,intermediate-or-missing,marked,unfavorable,case_study_sample,850,0.4117647058823529,0,0,0
93,iPhone 14 pro max 256GB,350,IDENTIFIED,"iPhone 14 pro max 256gb batterie 100% état nickel sans aucun problème avec son chargeur et sa boîte, accompagné de sa facture d'achat juste quelques mois d'utilisation a vendre pour des raisons avec garantie... Contacter moi si vous êtes intéressé",Sanem,,1,2,3,2,7,2,1,similar,suspiciously-low,intermediate-or-missing,marked,unfavorable,case_study_sample,850,0.4117647058823529,0,0,0
94,iPhone 14 pro max 512 GB,350,DETECTED,iPhone 14 pro max encore très propre capacité batterie 100% mémoire 512 GB,"Rouen, NOR",,1,2,3,2,7,2,1,similar,suspiciously-low,intermediate-or-missing,marked,unfavorable,case_study_sample,850,0.4117647058823529,0,0,0
95,iPhone 14 pro max 256 GB,350,IDENTIFIED,Apple iPhone 14 pro max 256gb n'a aucun défaut et fonctionne parfaitement très bien et la facture d'achat est incluse dans l'emballage d'origine avec une bonne garantie contacter moi en privé pour plus d'information  Merci !,"Grenoble, ARA",,1,2,3,2,7,2,1,similar,suspiciously-low,intermediate-or-missing,marked,unfavorable,case_study_sample,850,0.4117647058823529,0,0,0
96,iPhone 14 pro max 256GB,350,IDENTIFIED,"iPhone 14 pro max 256gb batterie 100% état nickel sans aucun problème avec son chargeur et sa boîte, accompagné de sa facture d'achat juste quelques mois d'utilisation a vendre pour des raisons avec garantie... Contacter moi si vous êtes intéressé","Angers, PDL",,1,2,3,2,7,2,1,similar,suspiciously-low,intermediate-or-missing,marked,unfavorable,case_study_sample,850,0.4117647058823529,0,0,0
97,iPhone 14 pro max 256gb,350,IDENTIFIED,iPhone 14 pro max couleur or  disponible a vendre urgent le prix à 350 pour des raisons personnelles état nickel jamais devisé  batterie 100% tat nickel 10/10 Mémoire 256gb Tout d'origine a vérifier avant l'achat  veuillez me contacter pour plus d'informations,"Saint-Doulchard, CVL",,1,3,3,2,8,2,1,duplicated,suspiciously-low,intermediate-or-missing,marked,unfavorable,case_study_sample,850,0.4117647058823529,0,0,0
98,iPhone 14 pro max 256gb,350,IDENTIFIED,iPhone 14 pro max couleur or  disponible a vendre urgent le prix à 350 pour des raisons personnelles état nickel jamais devisé  batterie 100% tat nickel 10/10 Mémoire 256gb Tout d'origine a vérifier avant l'achat  veuillez me contacter pour plus d'informations,"Rennes-le-Château, OCC",,1,3,3,2,8,2,1,duplicated,suspiciously-low,intermediate-or-missing,marked,unfavorable,case_study_sample,850,0.4117647058823529,0,0,0
99,iPhone 14 pro max 256GB,350,IDENTIFIED,"iPhone 14 pro max 256gb batterie 100% état nickel sans aucun problème avec son chargeur et sa boîte, accompagné de sa facture d'achat juste quelques mois d'utilisation a vendre pour des raisons avec garantie... Contacter moi si vous êtes intéressé","Drancy, IDF",,1,2,3,2,7,2,1,similar,suspiciously-low,intermediate-or-missing,marked,unfavorable,case_study_sample,850,0.4117647058823529,0,0,0
100,iPhone 14 pro max 256 GB,350,IDENTIFIED,Apple iPhone 14 pro max 256gb n'a aucun défaut et fonctionne parfaitement très bien et la facture d'achat est incluse dans l'emballage d'origine avec une bonne garantie contacter moi en privé pour plus d'information  Merci !,"Toulouse, OCC",,1,2,3,2,7,2,1,similar,suspiciously-low,intermediate-or-missing,marked,unfavorable,case_study_sample,850,0.4117647058823529,0,0,0
101,iPhone 14 pro max 256gb,350,IDENTIFIED,"Vente de iPhone 14 pro max à 350 l'iPhone 14 Pro Max 256GB original , Batterie  100% avec ça facture","Izernore, ARA",,1,2,3,2,7,2,1,similar,suspiciously-low,intermediate-or-missing,marked,unfavorable,case_study_sample,850,0.4117647058823529,0,0,0
102,iPhone 14 pro max 256 GB,350,IDENTIFIED,"Iphone 14 Pro Max 256 GB   Parfait état comme neuf  Fourni dans sa boîte d'origine avec accessoire câble non utilisé, et un verre trempé de protection d'écran.","Marseille, PAC",,1,2,3,2,7,2,1,similar,suspiciously-low,intermediate-or-missing,marked,unfavorable,case_study_sample,850,0.4117647058823529,0,0,0
103,iPhone 14 pro max 256GB,350,IDENTIFIED,"iPhone 14 pro max 256gb batterie 100% état nickel sans aucun problème avec son chargeur et sa boîte, accompagné de sa facture d'achat juste quelques mois d'utilisation a vendre pour des raisons avec garantie... Contacter moi si vous êtes intéressé",Dudelange,,1,2,3,2,7,2,1,similar,suspiciously-low,intermediate-or-missing,marked,unfavorable,case_study_sample,850,0.4117647058823529,0,0,0
104,iPhone 14 pro max 256gb,350,IDENTIFIED,"Vente de iPhone 14 pro max à 350 l'iPhone 14 Pro Max 256GB original , Batterie  100% avec ça facture","Rennes, BRE",,1,2,3,2,7,2,1,similar,suspiciously-low,intermediate-or-missing,marked,unfavorable,case_study_sample,850,0.4117647058823529,0,0,0
105,iPhone 14 pro max 256GB,350,IDENTIFIED,"iPhone 14 pro max 256gb batterie 100% état nickel sans aucun problème avec son chargeur et sa boîte, accompagné de sa facture d'achat juste quelques mois d'utilisation a vendre pour des raisons avec garantie... Contacter moi si vous êtes intéressé","vry-Courcouronnes, IDF",,1,2,3,2,7,2,1,similar,suspiciously-low,intermediate-or-missing,marked,unfavorable,case_study_sample,850,0.4117647058823529,0,0,0
106,iPhone 14 pro max 256GB,350,IDENTIFIED,"iPhone 14 pro max 256gb batterie 100% état nickel sans aucun problème avec son chargeur et sa boîte, accompagné de sa facture d'achat juste quelques mois d'utilisation a vendre pour des raisons avec garantie... Contacter moi si vous êtes intéressé","Vannes, BRE",,1,2,3,2,7,2,1,similar,suspiciously-low,intermediate-or-missing,marked,unfavorable,case_study_sample,850,0.4117647058823529,0,0,0
107,iPhone 14 pro max 256gb,350,IDENTIFIED,iPhone 14 pro max couleur gold disponible a vendre urgent a 350 pour des raisons personnelles état nickel jamais devisé  batterie 100% tat nickel 10/10 Mémoire 256gb Tout d'origine a vérifier avant l'achat  veuillez me contacter pour plus d'informations,"Nancy, GES",,1,3,3,2,8,2,1,duplicated,suspiciously-low,intermediate-or-missing,marked,unfavorable,case_study_sample,850,0.4117647058823529,0,0,0
108,iPhone 14 pro max 256gb,350,IDENTIFIED,iPhone 14 pro max couleur gold disponible a vendre urgent a 350 pour des raisons personnelles état nickel jamais devisé  batterie 100% tat nickel 10/10 Mémoire 256gb Tout d'origine a vérifier avant l'achat  veuillez me contacter pour plus d'informations,"Villeurbanne, ARA",,1,3,3,2,8,2,1,duplicated,suspiciously-low,intermediate-or-missing,marked,unfavorable,case_study_sample,850,0.4117647058823529,0,0,0
109,iPhone 14 pro max 256gb,350,IDENTIFIED,iPhone 14 pro max couleur gold disponible a vendre urgent a 350 pour des raisons personnelles état nickel jamais devisé  batterie 100% tat nickel 10/10 Mémoire 256gb Tout d'origine a vérifier avant l'achat  veuillez me contacter pour plus d'informations,"Le Mans, PDL",,1,3,3,2,8,2,1,duplicated,suspiciously-low,intermediate-or-missing,marked,unfavorable,case_study_sample,850,0.4117647058823529,0,0,0
110,iPhone 14 pro max 256 GB,350,IDENTIFIED,Apple iPhone 14 pro max 256gb n'a aucun défaut et fonctionne parfaitement très bien et la facture d'achat est incluse dans l'emballage d'origine avec une bonne garantie contacter moi en privé pour plus d'information  Merci !,"Bordeaux, NAQ",,1,2,3,2,7,2,1,similar,suspiciously-low,intermediate-or-missing,marked,unfavorable,case_study_sample,850,0.4117647058823529,0,0,0
111,iPhone 14 pro max 256 GB,350,IDENTIFIED,Apple iPhone 14 pro max 256gb n'a aucun défaut et fonctionne parfaitement très bien et la facture d'achat est incluse dans l'emballage d'origine avec une bonne garantie contacter moi en privé pour plus d'information  Merci !,"Marseille, PAC",,1,2,3,2,7,2,1,similar,suspiciously-low,intermediate-or-missing,marked,unfavorable,case_study_sample,850,0.4117647058823529,0,0,0
112,iPhone 14 pro max 256gb,350,IDENTIFIED,iPhone 14 pro max couleur gold disponible a vendre urgent a 350 pour des raisons personnelles état nickel jamais devisé  batterie 100% tat nickel 10/10 Mémoire 256gb Tout d'origine a vérifier avant l'achat  veuillez me contacter pour plus d'informations,"Orléans, CVL",,1,3,3,2,8,2,1,duplicated,suspiciously-low,intermediate-or-missing,marked,unfavorable,case_study_sample,850,0.4117647058823529,0,0,0
113,iphone 13 avec accessoires,350,DETECTED,"Vendu avec accessoires (coque, verre de protection, chargeur boîte) garantie et la facture si vous êtes intéressé vous pouvez me contacter.","Paris, IDF",,1,2,3,2,7,2,1,similar,suspiciously-low,intermediate-or-missing,marked,unfavorable,case_study_sample,750,0.4666666666666667,0,0,0
114,iPhone 13,350,DETECTED,"Bonjour, je vend un iPhone 13 avec accessoires (coque, verre de protection, chargeur et boîte), garantie et facture si vous êtes intéressé nhésitez pas à me contacter en privé","Lille, HDF",2024.0,0,2,3,3,8,2,1,similar,suspiciously-low,new-profile,marked,unfavorable,case_study_sample,750,0.4666666666666667,0,0,0
115,iPhone 13,350,DETECTED,Téléphone jamais servie,"Saint-Michel-sur-Orge, IDF",2010.0,0,1,3,1,5,2,0,unique,suspiciously-low,older-profile,borderline,acceptable,case_study_sample,750,0.4666666666666667,0,0,0
116,iPhone 13 mini bleu,350,DETECTED,Vend iPhone 13 mini très bon état 128Go vendu sans boîte dorigine car acheter chez happy cash 350,"Vichy, ARA",2008.0,0,2,3,1,6,2,1,similar,suspiciously-low,older-profile,marked,unfavorable,case_study_sample,750,0.4666666666666667,0,0,0
117,Iphone 13 disponible en très bon état !!,350,DETECTED,Bonjour vous pouvez mécrire pour plus dinformations !  Le téléphone est disponible !,"Marseille, PAC",2023.0,0,2,3,2,7,2,1,similar,suspiciously-low,intermediate-or-missing,marked,unfavorable,case_study_sample,750,0.4666666666666667,0,0,0
118,iphone 13 + facture,350,DETECTED,"Vendu avec accessoires (coque, verre de protection, chargeur boîte) garantie et la facture si vous êtes intéressé vous pouvez me contacter.","Saint-Denis, IDF",,1,2,3,2,7,2,1,similar,suspiciously-low,intermediate-or-missing,marked,unfavorable,case_study_sample,750,0.4666666666666667,0,0,0
119,iphone 13 Rose,350,DETECTED,pour plus de détails venez me voir en privé .,"Sarcelles, IDF",2019.0,0,2,3,1,6,2,1,similar,suspiciously-low,older-profile,marked,unfavorable,case_study_sample,750,0.4666666666666667,0,0,0
120,iphone 13 noir,350,DETECTED,"Vendu avec accessoires (coque, verre de protection, chargeur boîte) garantie et la facture si vous êtes intéressé vous pouvez me contacter.","Nanterre, IDF",,1,2,3,2,7,2,1,similar,suspiciously-low,intermediate-or-missing,marked,unfavorable,case_study_sample,750,0.4666666666666667,0,0,0
121,Iphone 13 et accessoires,350,DETECTED,Bonjour je vends des iphone toute les couleurs disponibles pour plus de renseignements contacter moi. Commande possible que sur notre site !!,"Paris, IDF",2024.0,0,1,3,3,7,2,1,unique,suspiciously-low,new-profile,marked,unfavorable,case_study_sample,750,0.4666666666666667,0,0,0
122,iPhone 13 bleu,350,DETECTED,"Bonjour , vend ou échange iPhone 13 128g  Cot sur les cotée du téléphone, batterie 86% vendu avec boîte , chargeur ainsi que la dorigine et facture dachat.  Les 2 écran sont intacte , juste écran de verres a changer.  Pour les échange préférable 2 roue ou autre téléphone.","Cambrai, HDF",2017.0,0,2,3,1,6,2,1,similar,suspiciously-low,older-profile,marked,unfavorable,case_study_sample,750,0.4666666666666667,0,0,0
123,iPhone 13,350,DETECTED,Bonjours je met en vente un iPhone 13 en bon état avec accessoires facture et garantie pour plus dinformations nhésitez pas à me contacter,"Lille, HDF",2024.0,0,2,3,3,8,2,1,similar,suspiciously-low,new-profile,marked,unfavorable,case_study_sample,750,0.4666666666666667,0,0,0
124,iPhone 13 garantie + facture,350,DETECTED,"iPhone vendu avec facture, garanti et accessoires neufs compris.","Nanterre, IDF",2023.0,0,2,3,2,7,2,1,similar,suspiciously-low,intermediate-or-missing,marked,unfavorable,case_study_sample,750,0.4666666666666667,0,0,0
125,iPhone 14 pro max 256gb,350,IDENTIFIED,iPhone 14 pro max couleur gold disponible a vendre urgent a 350 pour des raisons personnelles état nickel jamais devisé  batterie 100% tat nickel 10/10 Mémoire 256gb Tout d'origine a vérifier avant l'achat  veuillez me contacter pour plus d'informations,Fischbach,,1,3,3,2,8,2,1,duplicated,suspiciously-low,intermediate-or-missing,marked,unfavorable,case_study_sample,850,0.4117647058823529,0,0,0
126,iPhone 14 pro max 256GB,350,IDENTIFIED,"iPhone 14 pro max 256gb batterie 100% état nickel sans aucun problème avec son chargeur et sa boîte, accompagné de sa facture d'achat juste quelques mois d'utilisation a vendre pour des raisons avec garantie... Contacter moi si vous êtes intéressé","Le Havre, NOR",,1,2,3,2,7,2,1,similar,suspiciously-low,intermediate-or-missing,marked,unfavorable,case_study_sample,850,0.4117647058823529,0,0,0
127,iPhone 14 pro max 512gb,350,DETECTED,iPhone 14 pro max encore très propre capacité batterie 100% mémoire 512 GB,"Roeselare, VLG",,1,2,3,2,7,2,1,similar,suspiciously-low,intermediate-or-missing,marked,unfavorable,case_study_sample,850,0.4117647058823529,0,0,0
128,iPhone 14 pro max 256gb,350,IDENTIFIED,"Vente de iPhone 14 pro max à 350 l'iPhone 14 Pro Max 256GB original , Batterie  100% avec ça facture","Paris, IDF",,1,2,3,2,7,2,1,similar,suspiciously-low,intermediate-or-missing,marked,unfavorable,case_study_sample,850,0.4117647058823529,0,0,0
129,iPhone 14 pro max 512GB,350,DETECTED,iPhone 14 pro max encore très propre capacité batterie 100% mémoire 512 GB,"Mechelen, VLG",,1,2,3,2,7,2,1,similar,suspiciously-low,intermediate-or-missing,marked,unfavorable,case_study_sample,850,0.4117647058823529,0,0,0
130,iPhone 14 pro max 256gb,350,IDENTIFIED,iPhone 14 pro max couleur gold disponible a vendre urgent a 350 pour des raisons personnelles état nickel jamais devisé  batterie 100% tat nickel 10/10 Mémoire 256gb Tout d'origine a vérifier avant l'achat  veuillez me contacter pour plus d'informations,"Montpellier, OCC",,1,3,3,2,8,2,1,duplicated,suspiciously-low,intermediate-or-missing,marked,unfavorable,case_study_sample,850,0.4117647058823529,0,0,0
131,iPhone 14 pro max 256gb,350,IDENTIFIED,iPhone 14 pro max couleur gold disponible a vendre urgent a 350 pour des raisons personnelles état nickel jamais devisé  batterie 100% tat nickel 10/10 Mémoire 256gb Tout d'origine a vérifier avant l'achat  veuillez me contacter pour plus d'informations,"Clermont-Ferrand, ARA",,1,3,3,2,8,2,1,duplicated,suspiciously-low,intermediate-or-missing,marked,unfavorable,case_study_sample,850,0.4117647058823529,0,0,0
132,iPhone 14 pro max 256 GB,350,IDENTIFIED,Apple iPhone 14 pro max 256gb n'a aucun défaut et fonctionne parfaitement très bien et la facture d'achat est incluse dans l'emballage d'origine avec une bonne garantie contacter moi en privé pour plus d'information  Merci !,"Boulogne-Billancourt, IDF",,1,2,3,2,7,2,1,similar,suspiciously-low,intermediate-or-missing,marked,unfavorable,case_study_sample,850,0.4117647058823529,0,0,0
133,iPhone 14 pro max 256GB,350,IDENTIFIED,"iPhone 14 pro max 256gb batterie 100% état nickel sans aucun problème avec son chargeur et sa boîte, accompagné de sa facture d'achat juste quelques mois d'utilisation a vendre pour des raisons avec garantie... Contacter moi si vous êtes intéressé","Orléans, CVL",,1,2,3,2,7,2,1,similar,suspiciously-low,intermediate-or-missing,marked,unfavorable,case_study_sample,850,0.4117647058823529,0,0,0
134,iPhone 14 pro max 256gb,350,IDENTIFIED,"Vente de iPhone 14 pro max à 350 l'iPhone 14 Pro Max 256GB original , Batterie  100% avec ça facture","Perpignan, OCC",,1,2,3,2,7,2,1,similar,suspiciously-low,intermediate-or-missing,marked,unfavorable,case_study_sample,850,0.4117647058823529,0,0,0
135,iPhone 14 pro max 256gb,350,IDENTIFIED,"Vente de iPhone 14 pro max à 350 l'iPhone 14 Pro Max 256GB original , Batterie  100% avec ça facture","Angers, PDL",,1,2,3,2,7,2,1,similar,suspiciously-low,intermediate-or-missing,marked,unfavorable,case_study_sample,850,0.4117647058823529,0,0,0
136,iPhone 14 pro max 256gb,350,IDENTIFIED,"Vente de iPhone 14 pro max à 350 l'iPhone 14 Pro Max 256GB original , Batterie  100% avec ça facture","Nantes, PDL",,1,2,3,2,7,2,1,similar,suspiciously-low,intermediate-or-missing,marked,unfavorable,case_study_sample,850,0.4117647058823529,0,0,0
137,iPhone 14 pro max 256gb,350,IDENTIFIED,"Vente de iPhone 14 pro max à 350 l'iPhone 14 Pro Max 256GB original , Batterie  100% avec ça facture","Clermont-Ferrand, ARA",,1,2,3,2,7,2,1,similar,suspiciously-low,intermediate-or-missing,marked,unfavorable,case_study_sample,850,0.4117647058823529,0,0,0
138,iPhone 14 pro max 256 GB,350,IDENTIFIED,Apple iPhone 14 pro max 256gb n'a aucun défaut et fonctionne parfaitement très bien et la facture d'achat est incluse dans l'emballage d'origine avec une bonne garantie contacter moi en privé pour plus d'information  Merci !,"Dijon, BFC",,1,2,3,2,7,2,1,similar,suspiciously-low,intermediate-or-missing,marked,unfavorable,case_study_sample,850,0.4117647058823529,0,0,0
139,iPhone 14 pro max 256GB,350,IDENTIFIED,"iPhone 14 pro max 256gb batterie 100% état nickel sans aucun problème avec son chargeur et sa boîte, accompagné de sa facture d'achat juste quelques mois d'utilisation a vendre pour des raisons avec garantie... Contacter moi si vous êtes intéressé","Perpignan, OCC",,1,2,3,2,7,2,1,similar,suspiciously-low,intermediate-or-missing,marked,unfavorable,case_study_sample,850,0.4117647058823529,0,0,0
140,iPhone 14 pro max 256gb,350,IDENTIFIED,"Vente de iPhone 14 pro max à 350 l'iPhone 14 Pro Max 256GB original , Batterie  100% avec ça facture","Levallois-Perret, IDF",,1,2,3,2,7,2,1,similar,suspiciously-low,intermediate-or-missing,marked,unfavorable,case_study_sample,850,0.4117647058823529,0,0,0
141,iPhone 14 pro max 256gb,350,IDENTIFIED,iPhone 14 pro max couleur or  disponible a vendre urgent le prix à 350 pour des raisons personnelles état nickel jamais devisé  batterie 100% tat nickel 10/10 Mémoire 256gb Tout d'origine a vérifier avant l'achat  veuillez me contacter pour plus d'informations,"Bras-sur-Meuse, GES",,1,3,3,2,8,2,1,duplicated,suspiciously-low,intermediate-or-missing,marked,unfavorable,case_study_sample,850,0.4117647058823529,0,0,0
142,iPhone 14 pro max 256gb,350,IDENTIFIED,"Vente de iPhone 14 pro max à 350 l'iPhone 14 Pro Max 256GB original , Batterie  100% avec ça facture","Strasbourg, GES",,1,2,3,2,7,2,1,similar,suspiciously-low,intermediate-or-missing,marked,unfavorable,case_study_sample,850,0.4117647058823529,0,0,0
143,iPhone 14 pro max 256gb,350,IDENTIFIED,iPhone 14 pro max couleur or  disponible a vendre urgent le prix à 350 pour des raisons personnelles état nickel jamais devisé  batterie 100% tat nickel 10/10 Mémoire 256gb Tout d'origine a vérifier avant l'achat  veuillez me contacter pour plus d'informations,"Rennerod, RP",,1,3,3,2,8,2,1,duplicated,suspiciously-low,intermediate-or-missing,marked,unfavorable,case_study_sample,850,0.4117647058823529,0,0,0
144,iPhone 14 pro max 256 GB,350,IDENTIFIED,Apple iPhone 14 pro max 256gb n'a aucun défaut et fonctionne parfaitement très bien et la facture d'achat est incluse dans l'emballage d'origine avec une bonne garantie contacter moi en privé pour plus d'information  Merci !,"Ivry-sur-Seine, IDF",,1,2,3,2,7,2,1,similar,suspiciously-low,intermediate-or-missing,marked,unfavorable,case_study_sample,850,0.4117647058823529,0,0,0
145,iPhone 14 pro max 256 GB,350,IDENTIFIED,Apple iPhone 14 pro max 256gb n'a aucun défaut et fonctionne parfaitement très bien et la facture d'achat est incluse dans l'emballage d'origine avec une bonne garantie contacter moi en privé pour plus d'information  Merci !,"Saint-Denis, IDF",,1,2,3,2,7,2,1,similar,suspiciously-low,intermediate-or-missing,marked,unfavorable,case_study_sample,850,0.4117647058823529,0,0,0
146,Iphone 14 pro max,350,IDENTIFIED,"iPhone 14 pro max encore très propre avec tout ses accessoires sans aucun problème, capacité de batterie 100%","Saint-Denis, IDF",,1,3,3,2,8,2,1,duplicated,suspiciously-low,intermediate-or-missing,marked,unfavorable,case_study_sample,850,0.4117647058823529,0,0,0
147,iPhone 14 pro max 256gb,350,IDENTIFIED,"Vente de iPhone 14 pro max à 350 l'iPhone 14 Pro Max 256GB original , Batterie  100% avec ça facture","Brest, BRE",,1,2,3,2,7,2,1,similar,suspiciously-low,intermediate-or-missing,marked,unfavorable,case_study_sample,850,0.4117647058823529,0,0,0
148,iPhone 14 pro max 256GB,350,IDENTIFIED,"iPhone 14 pro max 256gb batterie 100% état nickel sans aucun problème avec son chargeur et sa boîte, accompagné de sa facture d'achat juste quelques mois d'utilisation a vendre pour des raisons avec garantie... Contacter moi si vous êtes intéressé","Montpellier, OCC",,1,2,3,2,7,2,1,similar,suspiciously-low,intermediate-or-missing,marked,unfavorable,case_study_sample,850,0.4117647058823529,0,0,0
149,iPhone 14 pro max 256gb,350,IDENTIFIED,iPhone 14 pro max couleur gold disponible a vendre urgent a 350 pour des raisons personnelles état nickel jamais devisé  batterie 100% tat nickel 10/10 Mémoire 256gb Tout d'origine a vérifier avant l'achat  veuillez me contacter pour plus d'informations,"Le Havre, NOR",,1,3,3,2,8,2,1,duplicated,suspiciously-low,intermediate-or-missing,marked,unfavorable,case_study_sample,850,0.4117647058823529,0,0,0
150,iPhone 14 pro max 256GB,350,IDENTIFIED,"iPhone 14 pro max 256gb batterie 100% état nickel sans aucun problème avec son chargeur et sa boîte, accompagné de sa facture d'achat juste quelques mois d'utilisation a vendre pour des raisons avec garantie... Contacter moi si vous êtes intéressé","Périgueux, NAQ",,1,2,3,2,7,2,1,similar,suspiciously-low,intermediate-or-missing,marked,unfavorable,case_study_sample,850,0.4117647058823529,0,0,0
151,iPhone 14 pro max 256GB,350,IDENTIFIED,"iPhone 14 pro max 256gb batterie 100% état nickel sans aucun problème avec son chargeur et sa boîte, accompagné de sa facture d'achat juste quelques mois d'utilisation a vendre pour des raisons avec garantie... Contacter moi si vous êtes intéressé",Habscht,,1,2,3,2,7,2,1,similar,suspiciously-low,intermediate-or-missing,marked,unfavorable,case_study_sample,850,0.4117647058823529,0,0,0
152,iPhone 13,350,DETECTED,"Bonjour Je vends cet IPHONE 13 avec accessoires neufs (chargeur, boîte, verre de protection, coque) et facture Disponible à partir de 350 Envoyé moi un message privé pour plus d'informations","Lille, HDF",2024.0,0,2,3,3,8,2,1,similar,suspiciously-low,new-profile,marked,unfavorable,case_study_sample,750,0.4666666666666667,0,0,0
153,iphone 13 pas cher,350,DETECTED,"Vendu avec accessoires (coque, verre de protection, chargeur boîte) garantie et la facture si vous êtes intéressé vous pouvez me contacter.","Paris, IDF",2020.0,0,2,3,1,6,2,1,similar,suspiciously-low,older-profile,marked,unfavorable,case_study_sample,750,0.4666666666666667,0,0,0
154,iPhone 13 rose 128go,350,DETECTED,"bonjour, je vend un iPhone 13 rose avec facture, sous garantie et avec accessoires neuf. me contacter en privé","Paris, IDF",2024.0,0,2,3,3,8,2,1,similar,suspiciously-low,new-profile,marked,unfavorable,case_study_sample,750,0.4666666666666667,0,0,0
155,IPhone 14 Pro Max Noir,350,DETECTED,Bonjour je vend mon iPhone 14 Pro Max qui me sers plus à rien malheureusement donc je le vend aujourd'hui l'état de la batterie est de 97% et je le vend à 350 euros,"La Rochelle, NAQ",2024.0,0,2,3,3,8,2,1,similar,suspiciously-low,new-profile,marked,unfavorable,case_study_sample,850,0.4117647058823529,0,0,0
156,Je vend mon iPhone 13 mini,350,DETECTED,Je vend mon iPhone 13 mini très bonne état,"Cognac, NAQ",2024.0,0,2,3,3,8,2,1,similar,suspiciously-low,new-profile,marked,unfavorable,case_study_sample,750,0.4666666666666667,0,0,0
157,iPhone 13 128 giga,350,POSITIVE,Chargeur neuf + facture et garantie  Capacité de batterie : 95%  Stockage : 128 giga  Me contacter si intéressé,"Lille, HDF",2024.0,0,1,3,3,10,3,1,unique,suspiciously-low,new-profile,fraud-confirmed,unfavorable,case_study_sample,750,0.4666666666666667,1,1,0
158,iPhone 13,350,DETECTED,Bonjours je met en vente un iPhone 13 en bon état avec accessoires facture et garantie pour plus dinformations nhésitez pas à me contacter,"Lille, HDF",2024.0,0,2,3,3,8,2,1,similar,suspiciously-low,new-profile,marked,unfavorable,case_study_sample,750,0.4666666666666667,0,0,0
159,iPhone 13 rose,350,POSITIVE,Chargeur neuf + facture et garantie  Capacité de batterie : 95%  Stockage : 128 giga  Me contacter si intéressé,"Lille, HDF",2024.0,0,3,3,3,10,3,1,duplicated,suspiciously-low,new-profile,fraud-confirmed,unfavorable,case_study_sample,750,0.4666666666666667,1,1,0
160,iPhone 13 Pro Max - 128 Go,350,DETECTED,Bonjour  Je vend mon iPhone 100% original en excellent état de marche pour ceux qui sont intéressé passez en privé je vous répond,"Gagny, IDF",2024.0,0,2,3,3,8,2,1,similar,suspiciously-low,new-profile,marked,unfavorable,case_study_sample,750,0.4666666666666667,0,0,0
161,Iphone 13 avec accessoires,350,DETECTED,Bonjour je vends des iphone toute les couleurs disponibles pour plus de renseignements contacter moi. Commande possible que sur notre site !!,"Paris, IDF",2024.0,0,3,3,3,9,2,1,duplicated,suspiciously-low,new-profile,high,unfavorable,case_study_sample,750,0.4666666666666667,0,0,0
162,Iphone 13,350,DETECTED,Bonjour je vends des iphone toute les couleurs disponibles pour plus de renseignements contacter moi. Commande possible que sur notre site !!,"Paris, IDF",2024.0,0,3,3,3,9,2,1,duplicated,suspiciously-low,new-profile,high,unfavorable,case_study_sample,750,0.4666666666666667,0,0,0
163,iPhone 13,350,DETECTED,Bonjour  Je vend cette iPhone avec facture et accessoires neufs pour plus dinformations merci de me contacter en privé,"Marseille, PAC",2023.0,0,2,3,2,7,2,1,similar,suspiciously-low,intermediate-or-missing,marked,unfavorable,case_study_sample,750,0.4666666666666667,0,0,0
164,iPhone 14 pro max 256gb,350,IDENTIFIED,"Vente de iPhone 14 pro max à 350 l'iPhone 14 Pro Max 256GB original , Batterie  100% avec ça facture","Aix-en-Provence, PAC",,1,2,3,2,7,2,1,similar,suspiciously-low,intermediate-or-missing,marked,unfavorable,case_study_sample,850,0.4117647058823529,0,0,0
165,iPhone 14 pro max 256GB,350,IDENTIFIED,"iPhone 14 pro max 256gb batterie 100% état nickel sans aucun problème avec son chargeur et sa boîte, accompagné de sa facture d'achat juste quelques mois d'utilisation a vendre pour des raisons avec garantie... Contacter moi si vous êtes intéressé",Wiltz,,1,2,3,2,7,2,1,similar,suspiciously-low,intermediate-or-missing,marked,unfavorable,case_study_sample,850,0.4117647058823529,0,0,0
166,iPhone 14 pro max,350,IDENTIFIED,Apple iPhone 14 pro max 256gb n'a aucun défaut et fonctionne parfaitement très bien et la facture d'achat est incluse dans l'emballage d'origine avec une bonne garantie contacter moi en privé pour plus d'information  Merci !,"Paris, IDF",,1,2,3,2,7,2,1,similar,suspiciously-low,intermediate-or-missing,marked,unfavorable,case_study_sample,850,0.4117647058823529,0,0,0
167,iPhone 14 pro max 256gb,350,IDENTIFIED,iPhone 14 pro max couleur gold disponible a vendre urgent a 350 pour des raisons personnelles état nickel jamais devisé  batterie 100% tat nickel 10/10 Mémoire 256gb Tout d'origine a vérifier avant l'achat  veuillez me contacter pour plus d'informations,"Courbevoie, IDF",,1,3,3,2,8,2,1,duplicated,suspiciously-low,intermediate-or-missing,marked,unfavorable,case_study_sample,850,0.4117647058823529,0,0,0
168,iPhone 14 pro max 256gb,350,IDENTIFIED,"Vente de iPhone 14 pro max à 350 l'iPhone 14 Pro Max 256GB original , Batterie  100% avec ça facture","Drancy, IDF",,1,2,3,2,7,2,1,similar,suspiciously-low,intermediate-or-missing,marked,unfavorable,case_study_sample,850,0.4117647058823529,0,0,0
169,iPhone 14 pro max 256 GB,350,IDENTIFIED,"Iphone 14 Pro Max 256 GB   Parfait état comme neuf  Fourni dans sa boîte d'origine avec accessoire câble non utilisé, et un verre trempé de protection d'écran.","Lille, HDF",,1,2,3,2,7,2,1,similar,suspiciously-low,intermediate-or-missing,marked,unfavorable,case_study_sample,850,0.4117647058823529,0,0,0
170,iPhone 14 pro max 256gb,350,IDENTIFIED,"Vente de iPhone 14 pro max à 350 l'iPhone 14 Pro Max 256GB original , Batterie  100% avec ça facture","Reims, GES",,1,2,3,2,7,2,1,similar,suspiciously-low,intermediate-or-missing,marked,unfavorable,case_study_sample,850,0.4117647058823529,0,0,0
171,iPhone 14 pro max 256gb,350,IDENTIFIED,"Vente de iPhone 14 pro max à 350 l'iPhone 14 Pro Max 256GB original , Batterie  100% avec ça facture","Antony, IDF",,1,2,3,2,7,2,1,similar,suspiciously-low,intermediate-or-missing,marked,unfavorable,case_study_sample,850,0.4117647058823529,0,0,0
172,iPhone 14 pro max 256 GB,350,IDENTIFIED,Apple iPhone 14 pro max 256gb n'a aucun défaut et fonctionne parfaitement très bien et la facture d'achat est incluse dans l'emballage d'origine avec une bonne garantie contacter moi en privé pour plus d'information  Merci !,"Rouen, NOR",,1,2,3,2,7,2,1,similar,suspiciously-low,intermediate-or-missing,marked,unfavorable,case_study_sample,850,0.4117647058823529,0,0,0
173,iPhone 14 pro max 256gb,350,IDENTIFIED,"Vente de iPhone 14 pro max à 350 l'iPhone 14 Pro Max 256GB original , Batterie  100% avec ça facture","Mulhouse, GES",,1,2,3,2,7,2,1,similar,suspiciously-low,intermediate-or-missing,marked,unfavorable,case_study_sample,850,0.4117647058823529,0,0,0
174,iPhone 14 pro max 256 GB,350,IDENTIFIED,Apple iPhone 14 pro max 256gb n'a aucun défaut et fonctionne parfaitement très bien et la facture d'achat est incluse dans l'emballage d'origine avec une bonne garantie contacter moi en privé pour plus d'information  Merci !,"Villeurbanne, ARA",,1,2,3,2,7,2,1,similar,suspiciously-low,intermediate-or-missing,marked,unfavorable,case_study_sample,850,0.4117647058823529,0,0,0
175,iPhone 14 pro max 256gb,350,IDENTIFIED,"Vente de iPhone 14 pro max à 350 l'iPhone 14 Pro Max 256GB original , Batterie  100% avec ça facture","Annecy, ARA",,1,2,3,2,7,2,1,similar,suspiciously-low,intermediate-or-missing,marked,unfavorable,case_study_sample,850,0.4117647058823529,0,0,0
176,iPhone 14 pro max 256gb,350,IDENTIFIED,iPhone 14 pro max couleur gold disponible a vendre urgent a 350 pour des raisons personnelles état nickel jamais devisé  batterie 100% tat nickel 10/10 Mémoire 256gb Tout d'origine a vérifier avant l'achat  veuillez me contacter pour plus d'informations,"Marseille, PAC",,1,3,3,2,8,2,1,duplicated,suspiciously-low,intermediate-or-missing,marked,unfavorable,case_study_sample,850,0.4117647058823529,0,0,0
177,iPhone 14 pro max 256gb,350,IDENTIFIED,iPhone 14 pro max couleur gold disponible a vendre urgent a 350 pour des raisons personnelles état nickel jamais devisé  batterie 100% tat nickel 10/10 Mémoire 256gb Tout d'origine a vérifier avant l'achat  veuillez me contacter pour plus d'informations,"Amiens, HDF",,1,3,3,2,8,2,1,duplicated,suspiciously-low,intermediate-or-missing,marked,unfavorable,case_study_sample,850,0.4117647058823529,0,0,0
178,iPhone 14 pro max 256GB,350,IDENTIFIED,"iPhone 14 pro max 256gb batterie 100% état nickel sans aucun problème avec son chargeur et sa boîte, accompagné de sa facture d'achat juste quelques mois d'utilisation a vendre pour des raisons avec garantie... Contacter moi si vous êtes intéressé","Bordeaux, NAQ",,1,2,3,2,7,2,1,similar,suspiciously-low,intermediate-or-missing,marked,unfavorable,case_study_sample,850,0.4117647058823529,0,0,0
179,iPhone 14 pro Max 256gb,350,IDENTIFIED,"Vente de iPhone 14 pro max à 350 l'iPhone 14 Pro Max 256GB original , Batterie  100% avec ça facture","Nice, PAC",,1,2,3,2,7,2,1,similar,suspiciously-low,intermediate-or-missing,marked,unfavorable,case_study_sample,850,0.4117647058823529,0,0,0
180,iPhone 13,350,DETECTED,"Vends iPhone 13 bleu, 128 giga fonctionne parfaitement vends avec câble de recharge et deux coques de protection dont une coque Rhino shield carbon  350e ferme","Froeningen, GES",,1,2,3,2,7,2,1,similar,suspiciously-low,intermediate-or-missing,marked,unfavorable,case_study_sample,750,0.4666666666666667,0,0,0
181,iPhone 14 pro max 256gb,350,IDENTIFIED,iPhone 14 pro max couleur gold disponible a vendre urgent a 350 pour des raisons personnelles état nickel jamais devisé  batterie 100% tat nickel 10/10 Mémoire 256gb Tout d'origine a vérifier avant l'achat  veuillez me contacter pour plus d'informations,"Maisons-Alfort, IDF",,1,3,3,2,8,2,1,duplicated,suspiciously-low,intermediate-or-missing,marked,unfavorable,case_study_sample,850,0.4117647058823529,0,0,0
182,iPhone 14 pro max 256 go,350,IDENTIFIED,Apple iPhone 14 pro max 256gb n'a aucun défaut et fonctionne parfaitement très bien et la facture d'achat est incluse dans l'emballage d'origine avec une bonne garantie contacter moi en privé pour plus d'information  Merci !,"Amiens, HDF",,1,2,3,2,7,2,1,similar,suspiciously-low,intermediate-or-missing,marked,unfavorable,case_study_sample,850,0.4117647058823529,0,0,0
183,iPhone 14 pro max 256 HB,350,IDENTIFIED,Apple iPhone 14 pro max 256gb n'a aucun défaut et fonctionne parfaitement très bien et la facture d'achat est incluse dans l'emballage d'origine avec une bonne garantie contacter moi en privé pour plus d'information  Merci !,"Dijon, BFC",,1,2,3,2,7,2,1,similar,suspiciously-low,intermediate-or-missing,marked,unfavorable,case_study_sample,850,0.4117647058823529,0,0,0
184,iPhone 14 pro max 256 GB,350,IDENTIFIED,Apple iPhone 14 pro max 256gb n'a aucun défaut et fonctionne parfaitement très bien et la facture d'achat est incluse dans l'emballage d'origine avec une bonne garantie contacter moi en privé pour plus d'information  Merci !,"Aix-en-Provence, PAC",,1,2,3,2,7,2,1,similar,suspiciously-low,intermediate-or-missing,marked,unfavorable,case_study_sample,850,0.4117647058823529,0,0,0
185,iPhone 14 pro max 256 GB,350,IDENTIFIED,Apple iPhone 14 pro max 256gb n'a aucun défaut et fonctionne parfaitement très bien et la facture d'achat est incluse dans l'emballage d'origine avec une bonne garantie contacter moi en privé pour plus d'information  Merci !,"Saint-Denis, IDF",,1,2,3,2,7,2,1,similar,suspiciously-low,intermediate-or-missing,marked,unfavorable,case_study_sample,850,0.4117647058823529,0,0,0
186,iPhone 14 pro max 256gb,350,IDENTIFIED,iPhone 14 pro max couleur gold disponible a vendre urgent a 350 pour des raisons personnelles état nickel jamais devisé  batterie 100% tat nickel 10/10 Mémoire 256gb Tout d'origine a vérifier avant l'achat  veuillez me contacter pour plus d'informations,"Nîmes, OCC",,1,3,3,2,8,2,1,duplicated,suspiciously-low,intermediate-or-missing,marked,unfavorable,case_study_sample,850,0.4117647058823529,0,0,0
187,iPhone 14 pro max 256gb,350,IDENTIFIED,iPhone 14 pro max couleur gold disponible a vendre urgent a 350 pour des raisons personnelles état nickel jamais devisé  batterie 100% tat nickel 10/10 Mémoire 256gb Tout d'origine a vérifier avant l'achat  veuillez me contacter pour plus d'informations,"Dijon, BFC",,1,3,3,2,8,2,1,duplicated,suspiciously-low,intermediate-or-missing,marked,unfavorable,case_study_sample,850,0.4117647058823529,0,0,0
188,iPhone 14 pro max 256gb,350,IDENTIFIED,iPhone 14 pro max couleur gold disponible a vendre urgent a 350 pour des raisons personnelles état nickel jamais devisé  batterie 100% tat nickel 10/10 Mémoire 256gb Tout d'origine a vérifier avant l'achat  veuillez me contacter pour plus d'informations,"Le Mans, PDL",,1,3,3,2,8,2,1,duplicated,suspiciously-low,intermediate-or-missing,marked,unfavorable,case_study_sample,850,0.4117647058823529,0,0,0
189,Iphone 14,350,DETECTED,"Telephone en bon état général de fonctionnement vendu avec accessoires, facture et garantie","Paris, IDF",2022.0,0,2,3,1,6,2,1,similar,suspiciously-low,older-profile,marked,unfavorable,case_study_sample,850,0.4117647058823529,0,0,0
190,iPhone 13 Mini 128 Go,350,NEGATIVE,Description : Le produit est d'origine en excellent état de fonctionnement il est vendu avec une garantie et ses accessoires,"Paris, IDF",2014.0,0,1,3,1,0,3,0,unique,suspiciously-low,older-profile,legitimate,acceptable,case_study_sample,750,0.4666666666666667,1,0,1
191,iphone 13,350,DETECTED,"iphone 13 à vendre avec accessoires boîte facture et garantie. Pas sérieux s'abstenir, me contacter pour plus d'informations.","Nanterre, IDF",2019.0,0,2,3,1,6,2,1,similar,suspiciously-low,older-profile,marked,unfavorable,case_study_sample,750,0.4666666666666667,0,0,0
192,iPhone 13 blanc,350,POSITIVE,Chargeur neuf + facture et garantie  Capacité de batterie : 95%  Stockage : 128 giga  Me contacter si intéressé,"Lille, HDF",2024.0,0,3,3,3,10,3,1,duplicated,suspiciously-low,new-profile,fraud-confirmed,unfavorable,case_study_sample,750,0.4666666666666667,1,1,0
193,iPhone 14,350,DETECTED,"IPhone 14, en très bon état ","Agde, OCC",2024.0,0,2,3,3,8,2,1,similar,suspiciously-low,new-profile,marked,unfavorable,case_study_sample,850,0.4117647058823529,0,0,0
194,iPhone 13 mini,350,DETECTED,"Bonjour , je met en vente mon iPhone 13 mini. Le téléphone fonctionne parfaitement aucun problème dessus. Pas de payement sur internet ou virement. Je suis de La Rochelle et peux me déplacer aux alentours. Pour plus de renseignements VN PV.","La Rochelle, NAQ",2020.0,0,2,3,1,6,2,1,similar,suspiciously-low,older-profile,marked,unfavorable,case_study_sample,750,0.4666666666666667,0,0,0
195,iPhone 13 Pro,350,DETECTED,"cran arrière fissuré do le prix , écrans de devant nickel même pas 1 rayure il a toujours eu sa vitre de protection .  Larrière du téléphone ne ce voit pas avec la coque . 86% états de batterie , son ok , tactile ok , micro ok , face id ok . Il fonctionne parfaitement","Marseille, PAC",2023.0,0,2,3,2,7,2,1,similar,suspiciously-low,intermediate-or-missing,marked,unfavorable,case_study_sample,750,0.4666666666666667,0,0,0
196,iphone 13 bleu,350,DETECTED,"Je vends un iPhone 13 bleu en bon état avec boîte, chargeur.  Pour plus d'infos et le prix, contactez-moi.","Drancy, IDF",2019.0,0,2,3,1,6,2,1,similar,suspiciously-low,older-profile,marked,unfavorable,case_study_sample,750,0.4666666666666667,0,0,0
197,iPhone 13 128go,350,DETECTED,"iPhone 13,128Go a vendre  Pour plus dinformations me contacter en privé ","Nanterre, IDF",2023.0,0,2,3,2,7,2,1,similar,suspiciously-low,intermediate-or-missing,marked,unfavorable,case_study_sample,750,0.4666666666666667,0,0,0
198,iPhone 13 128go,350,DETECTED,"iPhone 13 ,128 go a vendre  Pour plus dinformations me contacter en privé ","Saint-Ouen-sur-Seine, IDF",2023.0,0,2,3,2,7,2,1,similar,suspiciously-low,intermediate-or-missing,marked,unfavorable,case_study_sample,750,0.4666666666666667,0,0,0
199,iPhone 13 bon état,350,DETECTED,Accessoires et facture pour plus de renseignement vous pouvez menvoyer un message,"Saint-Denis, IDF",2023.0,0,3,3,2,8,2,1,duplicated,suspiciously-low,intermediate-or-missing,marked,unfavorable,case_study_sample,750,0.4666666666666667,0,0,0
200,Iphone 14 pro max,350,DETECTED,"Téléphone en bon état général de fonctionnement vendu avec accessoires  , facture et garantie","Paris, IDF",2024.0,0,2,3,3,8,2,1,similar,suspiciously-low,new-profile,marked,unfavorable,case_study_sample,850,0.4117647058823529,0,0,0
201,Iphone 13,350,DETECTED,"Bonjour, iPhone 13....128 go Vendu avec accessoires et factures  A venir chercher sur Lille Pas d'envoi  Merci de me contacter pour plus d'informations en privé","Lille, HDF",2024.0,0,2,3,3,8,2,1,similar,suspiciously-low,new-profile,marked,unfavorable,case_study_sample,750,0.4666666666666667,0,0,0
202,iPhone 14 pro max 256gb,350,IDENTIFIED,"Vente de iPhone 14 pro max à 350 l'iPhone 14 Pro Max 256GB original , Batterie  100% avec ça facture","Béziers, OCC",,1,2,3,2,7,2,1,similar,suspiciously-low,intermediate-or-missing,marked,unfavorable,case_study_sample,850,0.4117647058823529,0,0,0
203,iPhone 14 pro max 256gb,350,IDENTIFIED,iPhone 14 pro max couleur gold disponible a vendre urgent a 350 pour des raisons personnelles état nickel jamais devisé  batterie 100% tat nickel 10/10 Mémoire 256gb Tout d'origine a vérifier avant l'achat  veuillez me contacter pour plus d'informations,"Saint-Quentin, HDF",,1,3,3,2,8,2,1,duplicated,suspiciously-low,intermediate-or-missing,marked,unfavorable,case_study_sample,850,0.4117647058823529,0,0,0
204,iPhone 14 pro max 256gb,350,IDENTIFIED,iPhone 14 pro max couleur gold disponible a vendre urgent a 350 pour des raisons personnelles état nickel jamais devisé  batterie 100% tat nickel 10/10 Mémoire 256gb Tout d'origine a vérifier avant l'achat  veuillez me contacter pour plus d'informations,"Angers, PDL",,1,3,3,2,8,2,1,duplicated,suspiciously-low,intermediate-or-missing,marked,unfavorable,case_study_sample,850,0.4117647058823529,0,0,0
205,iPhone 14 pro max 256gb,350,IDENTIFIED,iPhone 14 pro max couleur gold disponible a vendre urgent a 350 pour des raisons personnelles état nickel jamais devisé  batterie 100% tat nickel 10/10 Mémoire 256gb Tout d'origine a vérifier avant l'achat  veuillez me contacter pour plus d'informations,"Levallois-Perret, IDF",,1,3,3,2,8,2,1,duplicated,suspiciously-low,intermediate-or-missing,marked,unfavorable,case_study_sample,850,0.4117647058823529,0,0,0
206,iPhone 13,350,DETECTED,Bonjours je met en vente un iPhone 13 en bon état avec accessoires facture et garantie pour plus dinformations nhésitez pas à me contacter,"Lille, HDF",2024.0,0,2,3,3,8,2,1,similar,suspiciously-low,new-profile,marked,unfavorable,case_study_sample,750,0.4666666666666667,0,0,0
207,iPhone 13 avec mode nuit,350,DETECTED,Pour plus dinformation contactez moi en privé,"Paris, IDF",2017.0,0,1,3,1,5,2,0,unique,suspiciously-low,older-profile,borderline,acceptable,case_study_sample,750,0.4666666666666667,0,0,0
208,Iphone 13 et facture garantie,350,DETECTED,Bonjour je vends des iphone toute les couleurs disponibles pour plus de renseignements contacter moi. Commande possible que sur notre site !!,"Paris, IDF",2024.0,0,3,3,3,9,2,1,duplicated,suspiciously-low,new-profile,high,unfavorable,case_study_sample,750,0.4666666666666667,0,0,0
209,iphone 13,350,DETECTED,"iphone 13 à vendre séparément avec accessoires boîte facture et garantie. Pas sérieux s'abstenir, me contacter pour plus d'informations.","Colombes, IDF",2019.0,0,2,3,1,6,2,1,similar,suspiciously-low,older-profile,marked,unfavorable,case_study_sample,750,0.4666666666666667,0,0,0
210,Iphone 13,350,DETECTED,Iphone 13 en très bon état,"Croix, HDF",2024.0,0,2,3,3,8,2,1,similar,suspiciously-low,new-profile,marked,unfavorable,case_study_sample,750,0.4666666666666667,0,0,0
211,iPhone 13 128g,350,DETECTED,Parfait état aucune rayure protégé avec coque et vitre vendu avec chargeur rapide,"Soussans, NAQ",2017.0,0,1,3,1,5,2,0,unique,suspiciously-low,older-profile,borderline,acceptable,case_study_sample,750,0.4666666666666667,0,0,0
212,Iphone 14,350,DETECTED,"Telephone en bon état général de fonctionnement vendu avec accessoires, facture et garantie","Paris, IDF",2022.0,0,2,3,1,6,2,1,similar,suspiciously-low,older-profile,marked,unfavorable,case_study_sample,850,0.4117647058823529,0,0,0
213,Iphone 14,350,DETECTED,"Telephone en bon état général de fonctionnement vendu avec accessoires, facture et garantie","Paris, IDF",2022.0,0,2,3,1,6,2,1,similar,suspiciously-low,older-profile,marked,unfavorable,case_study_sample,850,0.4117647058823529,0,0,0
214,Iphone 14 pro max,350,DETECTED,Je vous propose mon nouvel iPhone 14 pro max Neuf aucun problème jamais utilisé écrire moi si vous êtes intéressé 512 gb pousentage de batterie  merci,"Grand-Fayt, HDF",2024.0,0,2,3,3,8,2,1,similar,suspiciously-low,new-profile,marked,unfavorable,case_study_sample,850,0.4117647058823529,0,0,0
215,IPhone 14 Pro Max 256 Go,350,NEGATIVE,Le produit est d'origine en excellent état de fonctionnement il est vendu avec une garantie et ses accessoires,"Paris, IDF",2024.0,0,2,3,3,0,3,0,similar,suspiciously-low,new-profile,legitimate,acceptable,case_study_sample,850,0.4117647058823529,1,0,1
216,iphone 13 rose,350,DETECTED,"Vendu avec accessoires (coque, verre de protection, chargeur boîte) garantie et la facture si vous êtes intéressé vous pouvez me contacter.","Saint-Denis, IDF",,1,2,3,2,7,2,1,similar,suspiciously-low,intermediate-or-missing,marked,unfavorable,case_study_sample,750,0.4666666666666667,0,0,0
217,iPhone 14 pro max 256GB,350,IDENTIFIED,"iPhone 14 pro max 256gb batterie 100% état nickel sans aucun problème avec son chargeur et sa boîte, accompagné de sa facture d'achat juste quelques mois d'utilisation a vendre pour des raisons avec garantie... Contacter moi si vous êtes intéressé","Perpignan, OCC",,1,2,3,2,7,2,1,similar,suspiciously-low,intermediate-or-missing,marked,unfavorable,case_study_sample,850,0.4117647058823529,0,0,0
218,iPhone 14 pro max 256 GB,350,IDENTIFIED,Apple iPhone 14 pro max 256gb n'a aucun défaut et fonctionne parfaitement très bien et la facture d'achat est incluse dans l'emballage d'origine avec une bonne garantie contacter moi en privé pour plus d'information  Merci !,"Lille, HDF",,1,2,3,2,7,2,1,similar,suspiciously-low,intermediate-or-missing,marked,unfavorable,case_study_sample,850,0.4117647058823529,0,0,0
219,iPhone 14 pro max 256GB,350,IDENTIFIED,"iPhone 14 pro max 256gb batterie 100% état nickel sans aucun problème avec son chargeur et sa boîte, accompagné de sa facture d'achat juste quelques mois d'utilisation a vendre pour des raisons avec garantie... Contacter moi si vous êtes intéressé","Montpellier, OCC",,1,2,3,2,7,2,1,similar,suspiciously-low,intermediate-or-missing,marked,unfavorable,case_study_sample,850,0.4117647058823529,0,0,0
220,iPhone 14 pro max 256GB,350,IDENTIFIED,"iPhone 14 pro max 256gb batterie 100% état nickel sans aucun problème avec son chargeur et sa boîte, accompagné de sa facture d'achat juste quelques mois d'utilisation a vendre pour des raisons avec garantie... Contacter moi si vous êtes intéressé",Pétange,,1,2,3,2,7,2,1,similar,suspiciously-low,intermediate-or-missing,marked,unfavorable,case_study_sample,850,0.4117647058823529,0,0,0
221,iPhone 14 pro max 256gb,350,IDENTIFIED,iPhone 14 pro max couleur gold disponible a vendre urgent a 350 pour des raisons personnelles état nickel jamais devisé  batterie 100% tat nickel 10/10 Mémoire 256gb Tout d'origine a vérifier avant l'achat  veuillez me contacter pour plus d'informations,"Rodez, OCC",,1,3,3,2,8,2,1,duplicated,suspiciously-low,intermediate-or-missing,marked,unfavorable,case_study_sample,850,0.4117647058823529,0,0,0
222,iPhone 14 pro max 256gb,350,IDENTIFIED,iPhone 14 pro max couleur gold disponible a vendre urgent a 350 pour des raisons personnelles état nickel jamais devisé  batterie 100% tat nickel 10/10 Mémoire 256gb Tout d'origine a vérifier avant l'achat  veuillez me contacter pour plus d'informations,"Saint-tienne, ARA",,1,3,3,2,8,2,1,duplicated,suspiciously-low,intermediate-or-missing,marked,unfavorable,case_study_sample,850,0.4117647058823529,0,0,0
223,iPhone 14 pro max 256gb,350,IDENTIFIED,"Vente de iPhone 14 pro max à 350 l'iPhone 14 Pro Max 256GB original , Batterie  100% avec ça facture","Dijon, BFC",,1,2,3,2,7,2,1,similar,suspiciously-low,intermediate-or-missing,marked,unfavorable,case_study_sample,850,0.4117647058823529,0,0,0
224,iPhone 14 pro max 256 GB,350,IDENTIFIED,Apple iPhone 14 pro max 256gb n'a aucun défaut et fonctionne parfaitement très bien et la facture d'achat est incluse dans l'emballage d'origine avec une bonne garantie contacter moi en privé pour plus d'information  Merci !,"Maisons-Alfort, IDF",,1,2,3,2,7,2,1,similar,suspiciously-low,intermediate-or-missing,marked,unfavorable,case_study_sample,850,0.4117647058823529,0,0,0
225,iPhone 14 pro max 256gb,350,IDENTIFIED,iPhone 14 pro max couleur or  disponible a vendre urgent le prix à 350 pour des raisons personnelles état nickel jamais devisé  batterie 100% tat nickel 10/10 Mémoire 256gb Tout d'origine a vérifier avant l'achat  veuillez me contacter pour plus d'informations,"Saint-Paul-en-Jarez, ARA",,1,3,3,2,8,2,1,duplicated,suspiciously-low,intermediate-or-missing,marked,unfavorable,case_study_sample,850,0.4117647058823529,0,0,0
226,iPhone 14 pro max 256 GB,350,IDENTIFIED,Apple iPhone 14 pro max 256gb n'a aucun défaut et fonctionne parfaitement très bien et la facture d'achat est incluse dans l'emballage d'origine avec une bonne garantie contacter moi en privé pour plus d'information  Merci !,"Rennes, BRE",,1,2,3,2,7,2,1,similar,suspiciously-low,intermediate-or-missing,marked,unfavorable,case_study_sample,850,0.4117647058823529,0,0,0
227,iPhone 14 pro max 256GB,350,IDENTIFIED,"iPhone 14 pro max 256gb batterie 100% état nickel sans aucun problème avec son chargeur et sa boîte, accompagné de sa facture d'achat juste quelques mois d'utilisation a vendre pour des raisons avec garantie... Contacter moi si vous êtes intéressé","Le Havre, NOR",,1,2,3,2,7,2,1,similar,suspiciously-low,intermediate-or-missing,marked,unfavorable,case_study_sample,850,0.4117647058823529,0,0,0
228,iPhone 14 pro max 256 GB,350,IDENTIFIED,Apple iPhone 14 pro max 256gb n'a aucun défaut et fonctionne parfaitement très bien et la facture d'achat est incluse dans l'emballage d'origine avec une bonne garantie contacter moi en privé pour plus d'information  Merci !,"Vieille-Toulouse, OCC",,1,2,3,2,7,2,1,similar,suspiciously-low,intermediate-or-missing,marked,unfavorable,case_study_sample,850,0.4117647058823529,0,0,0
229,iPhone 14 pro max 256 GB,350,IDENTIFIED,Apple iPhone 14 pro max 256gb n'a aucun défaut et fonctionne parfaitement très bien et la facture d'achat est incluse dans l'emballage d'origine avec une bonne garantie contacter moi en privé pour plus d'information  Merci !,"Perpignan, OCC",,1,2,3,2,7,2,1,similar,suspiciously-low,intermediate-or-missing,marked,unfavorable,case_study_sample,850,0.4117647058823529,0,0,0
230,iPhone 14 pro max 256gb,350,IDENTIFIED,iPhone 14 pro max couleur or  disponible a vendre urgent le prix à 350 pour des raisons personnelles état nickel jamais devisé  batterie 100% tat nickel 10/10 Mémoire 256gb Tout d'origine a vérifier avant l'achat  veuillez me contacter pour plus d'informations,"Sant Sadurn d'Anoia, CT",,1,3,3,2,8,2,1,duplicated,suspiciously-low,intermediate-or-missing,marked,unfavorable,case_study_sample,850,0.4117647058823529,0,0,0
231,iPhone 14 pro max 256gb,350,IDENTIFIED,"Vente de iPhone 14 pro max à 350 l'iPhone 14 Pro Max 256GB original , Batterie  100% avec ça facture","Angers, PDL",,1,2,3,2,7,2,1,similar,suspiciously-low,intermediate-or-missing,marked,unfavorable,case_study_sample,850,0.4117647058823529,0,0,0
232,iPhone 14 pro max 256gb,350,IDENTIFIED,"Vente de iPhone 14 pro max à 350 l'iPhone 14 Pro Max 256GB original , Batterie  100% avec ça facture","Versailles, IDF",,1,2,3,2,7,2,1,similar,suspiciously-low,intermediate-or-missing,marked,unfavorable,case_study_sample,850,0.4117647058823529,0,0,0
233,iPhone 13 rose 128gb,350,DETECTED,iPhone 13 rose 128gb acheté en octobre 2021  Il a quelques coups (voir photo) mais fonctionne parfaitement,"Couvin, WAL",,1,2,3,2,7,2,1,similar,suspiciously-low,intermediate-or-missing,marked,unfavorable,case_study_sample,750,0.4666666666666667,0,0,0
234,iPhone 14 pro max 256gb,350,IDENTIFIED,iPhone 14 pro max couleur gold disponible a vendre urgent a 350 pour des raisons personnelles état nickel jamais devisé  batterie 100% tat nickel 10/10 Mémoire 256gb Tout d'origine a vérifier avant l'achat  veuillez me contacter pour plus d'informations,"Versailles, IDF",,1,3,3,2,8,2,1,duplicated,suspiciously-low,intermediate-or-missing,marked,unfavorable,case_study_sample,850,0.4117647058823529,0,0,0
235,iPhone 14 pro max 256gb,350,IDENTIFIED,iPhone 14 pro max couleur gold disponible a vendre urgent a 350 pour des raisons personnelles état nickel jamais devisé  batterie 100% tat nickel 10/10 Mémoire 256gb Tout d'origine a vérifier avant l'achat  veuillez me contacter pour plus d'informations,"Paris, IDF",,1,3,3,2,8,2,1,duplicated,suspiciously-low,intermediate-or-missing,marked,unfavorable,case_study_sample,850,0.4117647058823529,0,0,0
236,iPhone 14 pro max 256gb,350,IDENTIFIED,iPhone 14 pro max couleur gold disponible a vendre urgent a 350 pour des raisons personnelles état nickel jamais devisé  batterie 100% tat nickel 10/10 Mémoire 256gb Tout d'origine a vérifier avant l'achat  veuillez me contacter pour plus d'informations,"Carcassonne, OCC",,1,3,3,2,8,2,1,duplicated,suspiciously-low,intermediate-or-missing,marked,unfavorable,case_study_sample,850,0.4117647058823529,0,0,0
237,iPhone 14 pro max 256gb,350,IDENTIFIED,iPhone 14 pro max couleur or  disponible a vendre urgent le prix à 350 pour des raisons personnelles état nickel jamais devisé  batterie 100% tat nickel 10/10 Mémoire 256gb Tout d'origine a vérifier avant l'achat  veuillez me contacter pour plus d'informations,"Saint-Gervais-les-Trois-Clochers, NAQ",,1,3,3,2,8,2,1,duplicated,suspiciously-low,intermediate-or-missing,marked,unfavorable,case_study_sample,850,0.4117647058823529,0,0,0
238,Iphone 13 comme neuf,350,DETECTED,Avec chargeur et vitre de protection neuve. Etat irréprochable,"Genève, GE",,1,2,3,2,7,2,1,similar,suspiciously-low,intermediate-or-missing,marked,unfavorable,case_study_sample,750,0.4666666666666667,0,0,0
239,iphone 13 pas cher,350,DETECTED,"Vendu avec accessoires (coque, verre de protection, chargeur boîte) garantie et la facture si vous êtes intéressé vous pouvez me contacter.","Bobigny, IDF",,1,2,3,2,7,2,1,similar,suspiciously-low,intermediate-or-missing,marked,unfavorable,case_study_sample,750,0.4666666666666667,0,0,0
240,iphone 13 garantie,350,DETECTED,"Vendu avec accessoires (coque, verre de protection, chargeur boîte) garantie et la facture si vous êtes intéressé vous pouvez me contacter.","Aulnay-sous-Bois, IDF",,1,2,3,2,7,2,1,similar,suspiciously-low,intermediate-or-missing,marked,unfavorable,case_study_sample,750,0.4666666666666667,0,0,0
241,iPhone 13 rouge 128go pas cher,350,DETECTED,"bonjour, je vend un iPhone 13 rouge avec facture, sous garantie et avec accessoires neuf. me contacter en privé","Marseille, PAC",2024.0,0,2,3,3,8,2,1,similar,suspiciously-low,new-profile,marked,unfavorable,case_study_sample,750,0.4666666666666667,0,0,0
242,Iphone 13 avec facture,350,DETECTED,Bonjour je vends des iphone toute les couleurs disponibles pour plus de renseignements contacter moi. Commande possible que sur notre site !!,"Paris, IDF",2024.0,0,3,3,3,9,2,1,duplicated,suspiciously-low,new-profile,high,unfavorable,case_study_sample,750,0.4666666666666667,0,0,0
243,iPhone 14,350,DETECTED,Je revend mon iPhone 14 écran protégé par un verre trempé super état,Couleur,2024.0,0,2,3,3,8,2,1,similar,suspiciously-low,new-profile,marked,unfavorable,case_study_sample,850,0.4117647058823529,0,0,0
244,iPhone 13 en bonne état,350,POSITIVE,Chargeur neuf + facture et garantie  Capacité de batterie : 95%  Stockage : 128 giga  Me contacter si intéressé,"Lille, HDF",2024.0,0,3,3,3,10,3,1,duplicated,suspiciously-low,new-profile,fraud-confirmed,unfavorable,case_study_sample,750,0.4666666666666667,1,1,0
245,Iphone 14,350,DETECTED,"Iphone bloqué, vendu pour pièces   Le téléphone démarre !   Vendu sans chargeur","Lille, HDF",2021.0,0,1,3,1,5,2,0,unique,suspiciously-low,older-profile,borderline,acceptable,case_study_sample,850,0.4117647058823529,0,0,0
246,iphone 13 blanc,350,DETECTED,iphone 13 blanc en bon état pour plus de détails venez me voir en privé.,"Viroflay, IDF",2019.0,0,2,3,1,6,2,1,similar,suspiciously-low,older-profile,marked,unfavorable,case_study_sample,750,0.4666666666666667,0,0,0
247,Iphone 13,350,DETECTED,"Bonjour, iPhone 13....128 go Vendu avec accessoires et factures  A venir chercher sur Lille Pas d'envoi  Merci de me contacter pour plus d'informations en privé","Lille, HDF",2024.0,0,2,3,3,8,2,1,similar,suspiciously-low,new-profile,marked,unfavorable,case_study_sample,750,0.4666666666666667,0,0,0
248,iphone 13 prix bas,350,DETECTED,"Vendu avec accessoires (coque, verre de protection, chargeur boîte) garantie et la facture si vous êtes intéressé vous pouvez me contacter.","Bobigny, IDF",,1,2,3,2,7,2,1,similar,suspiciously-low,intermediate-or-missing,marked,unfavorable,case_study_sample,750,0.4666666666666667,0,0,0
249,Iphone 13 pro max,350,DETECTED,"Téléphone en bon état général de fonctionnement vendu avec accessoires, facture et garantie","Paris, IDF",2024.0,0,2,3,3,8,2,1,similar,suspiciously-low,new-profile,marked,unfavorable,case_study_sample,750,0.4666666666666667,0,0,0
250,iPhone 13 Pro Max,350,DETECTED,iPhone 13 Pro Max 256 gb neuf Le produit est d'origine en excellent état de fonctionnement il est vendu avec une garantie et ses accessoires envoie possible dans toutes la France,"Poitiers, NAQ",2010.0,0,2,3,1,6,2,1,similar,suspiciously-low,older-profile,marked,unfavorable,case_study_sample,750,0.4666666666666667,0,0,0
251,iPhone 14 pro max 256 GB,350,IDENTIFIED,Apple iPhone 14 pro max 256gb n'a aucun défaut et fonctionne parfaitement très bien et la facture d'achat est incluse dans l'emballage d'origine avec une garantie,"Blois, CVL",,1,2,3,2,7,2,1,similar,suspiciously-low,intermediate-or-missing,marked,unfavorable,case_study_sample,850,0.4117647058823529,0,0,0
252,iPhone 14 pro max 256GB,350,IDENTIFIED,"iPhone 14 pro max 256gb batterie 100% état nickel sans aucun problème avec son chargeur et sa boîte, accompagné de sa facture d'achat juste quelques mois d'utilisation a vendre pour des raisons avec garantie... Contacter moi si vous êtes intéressé",Strassen,,1,2,3,2,7,2,1,similar,suspiciously-low,intermediate-or-missing,marked,unfavorable,case_study_sample,850,0.4117647058823529,0,0,0
253,iPhone 14 pro max 256GB,350,IDENTIFIED,"iPhone 14 pro max 256gb batterie 100% état nickel sans aucun problème avec son chargeur et sa boîte, accompagné de sa facture d'achat juste quelques mois d'utilisation a vendre pour des raisons avec garantie... Contacter moi si vous êtes intéressé",Wiltz,,1,2,3,2,7,2,1,similar,suspiciously-low,intermediate-or-missing,marked,unfavorable,case_study_sample,850,0.4117647058823529,0,0,0
254,iPhone 14 pro max 256gb,350,IDENTIFIED,"Vente de iPhone 14 pro max à 350 l'iPhone 14 Pro Max 256GB original , Batterie  100% avec ça facture","vry-Courcouronnes, IDF",,1,2,3,2,7,2,1,similar,suspiciously-low,intermediate-or-missing,marked,unfavorable,case_study_sample,850,0.4117647058823529,0,0,0
255,iPhone 14 pro max 256GB,350,IDENTIFIED,"iPhone 14 pro max 256gb batterie 100% état nickel sans aucun problème avec son chargeur et sa boîte, accompagné de sa facture d'achat juste quelques mois d'utilisation a vendre pour des raisons avec garantie... Contacter moi si vous êtes intéressé","Angoulême, NAQ",,1,2,3,2,7,2,1,similar,suspiciously-low,intermediate-or-missing,marked,unfavorable,case_study_sample,850,0.4117647058823529,0,0,0
256,iPhone 14 pro max 256gb,350,IDENTIFIED,iPhone 14 pro max couleur gold disponible a vendre urgent a 350 pour des raisons personnelles état nickel jamais devisé  batterie 100% tat nickel 10/10 Mémoire 256gb Tout d'origine a vérifier avant l'achat  veuillez me contacter pour plus d'informations,"Toulon, PAC",,1,3,3,2,8,2,1,duplicated,suspiciously-low,intermediate-or-missing,marked,unfavorable,case_study_sample,850,0.4117647058823529,0,0,0
257,iPhone 14 pro max 256gb,350,IDENTIFIED,iPhone 14 pro max couleur gold disponible a vendre urgent a 350 pour des raisons personnelles état nickel jamais devisé  batterie 100% tat nickel 10/10 Mémoire 256gb Tout d'origine a vérifier avant l'achat  veuillez me contacter pour plus d'informations,"Orléans, CVL",,1,3,3,2,8,2,1,duplicated,suspiciously-low,intermediate-or-missing,marked,unfavorable,case_study_sample,850,0.4117647058823529,0,0,0
258,iPhone 14 pro max 256 GB,350,IDENTIFIED,Apple iPhone 14 pro max 256gb n'a aucun défaut et fonctionne parfaitement très bien et la facture d'achat est incluse dans l'emballage d'origine avec une bonne garantie contacter moi en privé pour plus d'information  Merci !,"Aix-en-Provence, PAC",,1,2,3,2,7,2,1,similar,suspiciously-low,intermediate-or-missing,marked,unfavorable,case_study_sample,850,0.4117647058823529,0,0,0
259,iPhone 14 pro max 256gb,350,IDENTIFIED,iPhone 14 pro max couleur gold disponible a vendre urgent a 350 pour des raisons personnelles état nickel jamais devisé  batterie 100% tat nickel 10/10 Mémoire 256gb Tout d'origine a vérifier avant l'achat  veuillez me contacter pour plus d'informations,"Sarcelles, IDF",,1,3,3,2,8,2,1,duplicated,suspiciously-low,intermediate-or-missing,marked,unfavorable,case_study_sample,850,0.4117647058823529,0,0,0
260,iPhone 14 pro max 25 go,350,IDENTIFIED,Apple iPhone 14 pro max 256gb n'a aucun défaut et fonctionne parfaitement très bien et la facture d'achat est incluse dans l'emballage d'origine avec une bonne garantie contacter moi en privé pour plus d'information  Merci !,"Saint-André-lez-Lille, HDF",,1,2,3,2,7,2,1,similar,suspiciously-low,intermediate-or-missing,marked,unfavorable,case_study_sample,850,0.4117647058823529,0,0,0
261,iPhone 14 pro max 256gb,350,IDENTIFIED,"Vente de iPhone 14 pro max à 350 l'iPhone 14 Pro Max 256GB original , Batterie  100% avec ça facture","Pantin, IDF",,1,2,3,2,7,2,1,similar,suspiciously-low,intermediate-or-missing,marked,unfavorable,case_study_sample,850,0.4117647058823529,0,0,0
262,iPhone 14 pro max 256gb,350,IDENTIFIED,"Vente de iPhone 14 pro max à 350 l'iPhone 14 Pro Max 256GB original , Batterie  100% avec ça facture","Brest, BRE",,1,2,3,2,7,2,1,similar,suspiciously-low,intermediate-or-missing,marked,unfavorable,case_study_sample,850,0.4117647058823529,0,0,0
263,iPhone 14 pro max 256 GB,350,IDENTIFIED,Apple iPhone 14 pro max 256gb n'a aucun défaut et fonctionne parfaitement très bien et la facture d'achat est incluse dans l'emballage d'origine avec une bonne garantie contacter moi en privé pour plus d'information  Merci !,"Toulon, PAC",,1,2,3,2,7,2,1,similar,suspiciously-low,intermediate-or-missing,marked,unfavorable,case_study_sample,850,0.4117647058823529,0,0,0
264,iPhone 14 pro max 256gb,350,IDENTIFIED,iPhone 14 pro max couleur gold disponible a vendre urgent a 350 pour des raisons personnelles état nickel jamais devisé  batterie 100% tat nickel 10/10 Mémoire 256gb Tout d'origine a vérifier avant l'achat  veuillez me contacter pour plus d'informations,Colmar-Berg,,1,3,3,2,8,2,1,duplicated,suspiciously-low,intermediate-or-missing,marked,unfavorable,case_study_sample,850,0.4117647058823529,0,0,0
265,iPhone 14 pro max 512GB,350,DETECTED,iPhone 14 pro max encore très propre capacité batterie 100% mémoire 512 GB,"Rouen, NOR",,1,2,3,2,7,2,1,similar,suspiciously-low,intermediate-or-missing,marked,unfavorable,case_study_sample,850,0.4117647058823529,0,0,0
266,iPhone 14 pro max 256gb,350,IDENTIFIED,iPhone 14 pro max couleur gold disponible a vendre urgent a 350 pour des raisons personnelles état nickel jamais devisé  batterie 100% tat nickel 10/10 Mémoire 256gb Tout d'origine a vérifier avant l'achat  veuillez me contacter pour plus d'informations,"Neuvy, ARA",,1,3,3,2,8,2,1,duplicated,suspiciously-low,intermediate-or-missing,marked,unfavorable,case_study_sample,850,0.4117647058823529,0,0,0
267,iPhone 14 pro max 256gb,350,IDENTIFIED,"Vente de iPhone 14 pro max à 350 l'iPhone 14 Pro Max 256GB original , Batterie  100% avec ça facture","Saint-Nazaire-d'Aude, OCC",,1,2,3,2,7,2,1,similar,suspiciously-low,intermediate-or-missing,marked,unfavorable,case_study_sample,850,0.4117647058823529,0,0,0
268,iPhone 14 pro max 256gb,350,IDENTIFIED,iPhone 14 pro max couleur gold disponible a vendre urgent a 350 pour des raisons personnelles état nickel jamais devisé  batterie 100% tat nickel 10/10 Mémoire 256gb Tout d'origine a vérifier avant l'achat  veuillez me contacter pour plus d'informations,"Angers, PDL",,1,3,3,2,8,2,1,duplicated,suspiciously-low,intermediate-or-missing,marked,unfavorable,case_study_sample,850,0.4117647058823529,0,0,0
269,iPhone 14 pro max 256gb,350,IDENTIFIED,iPhone 14 pro max couleur gold disponible a vendre urgent a 350 pour des raisons personnelles état nickel jamais devisé  batterie 100% tat nickel 10/10 Mémoire 256gb Tout d'origine a vérifier avant l'achat  veuillez me contacter pour plus d'informations,Ettelbrück,,1,3,3,2,8,2,1,duplicated,suspiciously-low,intermediate-or-missing,marked,unfavorable,case_study_sample,850,0.4117647058823529,0,0,0
270,iPhone 14 pro max.....,350,IDENTIFIED,"iPhone 14 pro max encore très propre avec tout ses accessoires sans aucun problème, capacité de batterie 100%","Marseille, PAC",,1,3,3,2,8,2,1,duplicated,suspiciously-low,intermediate-or-missing,marked,unfavorable,case_study_sample,850,0.4117647058823529,0,0,0
271,iPhone 14 pro max 256gb,350,IDENTIFIED,iPhone 14 pro max couleur gold disponible a vendre urgent a 350 pour des raisons personnelles état nickel jamais devisé  batterie 100% tat nickel 10/10 Mémoire 256gb Tout d'origine a vérifier avant l'achat  veuillez me contacter pour plus d'informations,"Rouen, NOR",,1,3,3,2,8,2,1,duplicated,suspiciously-low,intermediate-or-missing,marked,unfavorable,case_study_sample,850,0.4117647058823529,0,0,0
272,iPhone 14 pro max 256GB,350,IDENTIFIED,"iPhone 14 pro max 256gb batterie 100% état nickel sans aucun problème avec son chargeur et sa boîte, accompagné de sa facture d'achat juste quelques mois d'utilisation a vendre pour des raisons avec garantie... Contacter moi si vous êtes intéressé","Valence, ARA",,1,2,3,2,7,2,1,similar,suspiciously-low,intermediate-or-missing,marked,unfavorable,case_study_sample,850,0.4117647058823529,0,0,0
273,iPhone 14 pro max 256gb,350,IDENTIFIED,"Vente de iPhone 14 pro max à 350 l'iPhone 14 Pro Max 256GB original , Batterie  100% avec ça facture","Publier, ARA",,1,2,3,2,7,2,1,similar,suspiciously-low,intermediate-or-missing,marked,unfavorable,case_study_sample,850,0.4117647058823529,0,0,0
274,iPhone 14 pro max 256GB,350,IDENTIFIED,"iPhone 14 pro max 256gb batterie 100% état nickel sans aucun problème avec son chargeur et sa boîte, accompagné de sa facture d'achat juste quelques mois d'utilisation a vendre pour des raisons avec garantie... Contacter moi si vous êtes intéressé","Metz, GES",,1,2,3,2,7,2,1,similar,suspiciously-low,intermediate-or-missing,marked,unfavorable,case_study_sample,850,0.4117647058823529,0,0,0
275,iPhone 14 pro max 256gb,350,IDENTIFIED,iPhone 14 pro max couleur gold disponible a vendre urgent a 350 pour des raisons personnelles état nickel jamais devisé  batterie 100% tat nickel 10/10 Mémoire 256gb Tout d'origine a vérifier avant l'achat  veuillez me contacter pour plus d'informations,Esch-sur-Alzette,,1,3,3,2,8,2,1,duplicated,suspiciously-low,intermediate-or-missing,marked,unfavorable,case_study_sample,850,0.4117647058823529,0,0,0
276,iPhone 14 pro max 256gb,350,IDENTIFIED,"Vente de iPhone 14 pro max à 350 l'iPhone 14 Pro Max 256GB original , Batterie  100% avec ça facture","Marseille, PAC",,1,2,3,2,7,2,1,similar,suspiciously-low,intermediate-or-missing,marked,unfavorable,case_study_sample,850,0.4117647058823529,0,0,0
277,iPhone 13,350,DETECTED,Bonjours je met en vente un iPhone 13 en bon état avec accessoires facture et garantie pour plus dinformations nhésitez pas à me contacter,"Lille, HDF",2024.0,0,2,3,3,8,2,1,similar,suspiciously-low,new-profile,marked,unfavorable,case_study_sample,750,0.4666666666666667,0,0,0
278,Apple iPhone 13 comme neuf avec accessoires,350,DETECTED,Avec accessoires facture et garantie.  récupérer sur Paris. Me contacter pour plus d'informations.,Est déverrouillé (O/N),2009.0,0,2,3,1,6,2,1,similar,suspiciously-low,older-profile,marked,unfavorable,case_study_sample,750,0.4666666666666667,0,0,0
279,Iphone 14 pro max,348,DETECTED,"Je vends mon iPhone 14 Pro Max, il fonctionne très bien et il n'y a aucun problème, la batterie est pleine à 100%. Mémoire interne 512 Go","Lille, HDF",2024.0,0,2,3,3,8,2,1,similar,suspiciously-low,new-profile,marked,unfavorable,case_study_sample,850,0.40941176470588236,0,0,0
280,iPhone 14 pro max 256gb,350,IDENTIFIED,iPhone 14 pro max couleur gold disponible a vendre urgent a 350 pour des raisons personnelles état nickel jamais devisé  batterie 100% tat nickel 10/10 Mémoire 256gb Tout d'origine a vérifier avant l'achat  veuillez me contacter pour plus d'informations,Grevenmacher,,1,3,3,2,8,2,1,duplicated,suspiciously-low,intermediate-or-missing,marked,unfavorable,case_study_sample,850,0.4117647058823529,0,0,0
281,iPhone 14 pro max 256gb,350,IDENTIFIED,"Vente de iPhone 14 pro max à 350 l'iPhone 14 Pro Max 256GB original , Batterie  100% avec ça facture","Matafelon-Granges, ARA",,1,2,3,2,7,2,1,similar,suspiciously-low,intermediate-or-missing,marked,unfavorable,case_study_sample,850,0.4117647058823529,0,0,0
282,iPhone 14 pro max 256gb,350,IDENTIFIED,iPhone 14 pro max couleur gold disponible a vendre urgent a 350 pour des raisons personnelles état nickel jamais devisé  batterie 100% tat nickel 10/10 Mémoire 256gb Tout d'origine a vérifier avant l'achat  veuillez me contacter pour plus d'informations,"Charleville-Mézières, GES",,1,3,3,2,8,2,1,duplicated,suspiciously-low,intermediate-or-missing,marked,unfavorable,case_study_sample,850,0.4117647058823529,0,0,0
283,iPhone 14 pro max 256gb,350,IDENTIFIED,iPhone 14 pro max couleur gold disponible a vendre urgent a 350 pour des raisons personnelles état nickel jamais devisé  batterie 100% tat nickel 10/10 Mémoire 256gb Tout d'origine a vérifier avant l'achat  veuillez me contacter pour plus d'informations,"Châteauroux, CVL",,1,3,3,2,8,2,1,duplicated,suspiciously-low,intermediate-or-missing,marked,unfavorable,case_study_sample,850,0.4117647058823529,0,0,0
284,iPhone 14 pro max 256GB,350,IDENTIFIED,"iPhone 14 pro max 256gb batterie 100% état nickel sans aucun problème avec son chargeur et sa boîte, accompagné de sa facture d'achat juste quelques mois d'utilisation a vendre pour des raisons avec garantie... Contacter moi si vous êtes intéressé","Nantes, PDL",,1,2,3,2,7,2,1,similar,suspiciously-low,intermediate-or-missing,marked,unfavorable,case_study_sample,850,0.4117647058823529,0,0,0
285,iPhone 14 pro max 256gb,350,IDENTIFIED,iPhone 14 pro max couleur gold disponible a vendre urgent a 350 pour des raisons personnelles état nickel jamais devisé  batterie 100% tat nickel 10/10 Mémoire 256gb Tout d'origine a vérifier avant l'achat  veuillez me contacter pour plus d'informations,"Paris, IDF",,1,3,3,2,8,2,1,duplicated,suspiciously-low,intermediate-or-missing,marked,unfavorable,case_study_sample,850,0.4117647058823529,0,0,0
286,iPhone 14 pro max 512 GB,350,DETECTED,iPhone 14 pro max encore très propre capacité batterie 100% mémoire 512 GB,"Roubaix, HDF",,1,2,3,2,7,2,1,similar,suspiciously-low,intermediate-or-missing,marked,unfavorable,case_study_sample,850,0.4117647058823529,0,0,0
287,iPhone 14 pro max 256gb,350,IDENTIFIED,iPhone 14 pro max couleur or  disponible a vendre urgent le prix à 350 pour des raisons personnelles état nickel jamais devisé  batterie 100% tat nickel 10/10 Mémoire 256gb Tout d'origine a vérifier avant l'achat  veuillez me contacter pour plus d'informations,"Brasschaat, VLG",,1,3,3,2,8,2,1,duplicated,suspiciously-low,intermediate-or-missing,marked,unfavorable,case_study_sample,850,0.4117647058823529,0,0,0
288,iPhone 14 pro max 256gb,350,IDENTIFIED,iPhone 14 pro max couleur gold disponible a vendre urgent a 350 pour des raisons personnelles état nickel jamais devisé  batterie 100% tat nickel 10/10 Mémoire 256gb Tout d'origine a vérifier avant l'achat  veuillez me contacter pour plus d'informations,"Argenteuil, IDF",,1,3,3,2,8,2,1,duplicated,suspiciously-low,intermediate-or-missing,marked,unfavorable,case_study_sample,850,0.4117647058823529,0,0,0
289,iPhone 14 pro max 256gb,350,IDENTIFIED,"Vente de iPhone 14 pro max à 350 l'iPhone 14 Pro Max 256GB original , Batterie  100% avec ça facture","Bordeaux, NAQ",,1,2,3,2,7,2,1,similar,suspiciously-low,intermediate-or-missing,marked,unfavorable,case_study_sample,850,0.4117647058823529,0,0,0
290,iPhone 14 pro Max 256gb,350,IDENTIFIED,"Vente de iPhone 14 pro max à 350 l'iPhone 14 Pro Max 256GB original , Batterie  100% avec ça facture","Dijon, BFC",,1,2,3,2,7,2,1,similar,suspiciously-low,intermediate-or-missing,marked,unfavorable,case_study_sample,850,0.4117647058823529,0,0,0
291,iPhone 14 pro max 256gb,350,IDENTIFIED,iPhone 14 pro max couleur gold disponible a vendre urgent a 350 pour des raisons personnelles état nickel jamais devisé  batterie 100% tat nickel 10/10 Mémoire 256gb Tout d'origine a vérifier avant l'achat  veuillez me contacter pour plus d'informations,"Lyon, ARA",,1,3,3,2,8,2,1,duplicated,suspiciously-low,intermediate-or-missing,marked,unfavorable,case_study_sample,850,0.4117647058823529,0,0,0
292,iPhone 14 pro max 256gb,350,IDENTIFIED,iPhone 14 pro max couleur gold disponible a vendre urgent a 350 pour des raisons personnelles état nickel jamais devisé  batterie 100% tat nickel 10/10 Mémoire 256gb Tout d'origine a vérifier avant l'achat  veuillez me contacter pour plus d'informations,"Roubaix, HDF",,1,3,3,2,8,2,1,duplicated,suspiciously-low,intermediate-or-missing,marked,unfavorable,case_study_sample,850,0.4117647058823529,0,0,0
293,iPhone 14 pro max 256gb,350,IDENTIFIED,"Vente de iPhone 14 pro max à 350 l'iPhone 14 Pro Max 256GB original , Batterie  100% avec ça facture","Lille, HDF",,1,2,3,2,7,2,1,similar,suspiciously-low,intermediate-or-missing,marked,unfavorable,case_study_sample,850,0.4117647058823529,0,0,0
294,iPhone 14 pro max 256gb,350,IDENTIFIED,"Vente de iPhone 14 pro max à 350 l'iPhone 14 Pro Max 256GB original , Batterie  100% avec ça facture","Rueil-Malmaison, IDF",,1,2,3,2,7,2,1,similar,suspiciously-low,intermediate-or-missing,marked,unfavorable,case_study_sample,850,0.4117647058823529,0,0,0
295,iPhone 14 pro max 256 GB,350,IDENTIFIED,Apple iPhone 14 pro max 256gb n'a aucun défaut et fonctionne parfaitement très bien et la facture d'achat est incluse dans l'emballage d'origine avec une garantie,"Paris, IDF",,1,2,3,2,7,2,1,similar,suspiciously-low,intermediate-or-missing,marked,unfavorable,case_study_sample,850,0.4117647058823529,0,0,0
296,iPhone 14 pro max 256GB,350,IDENTIFIED,"iPhone 14 pro max 256gb batterie 100% état nickel sans aucun problème avec son chargeur et sa boîte, accompagné de sa facture d'achat juste quelques mois d'utilisation a vendre pour des raisons avec garantie... Contacter moi si vous êtes intéressé","Clichy, IDF",,1,2,3,2,7,2,1,similar,suspiciously-low,intermediate-or-missing,marked,unfavorable,case_study_sample,850,0.4117647058823529,0,0,0
297,iPhone 14 pro max 256GB,350,IDENTIFIED,"iPhone 14 pro max 256gb batterie 100% état nickel sans aucun problème avec son chargeur et sa boîte, accompagné de sa facture d'achat juste quelques mois d'utilisation a vendre pour des raisons avec garantie... Contacter moi si vous êtes intéressé","Rennes, BRE",,1,2,3,2,7,2,1,similar,suspiciously-low,intermediate-or-missing,marked,unfavorable,case_study_sample,850,0.4117647058823529,0,0,0
298,iPhone 14 pro max 256GB,350,IDENTIFIED,"iPhone 14 pro max 256gb batterie 100% état nickel sans aucun problème avec son chargeur et sa boîte, accompagné de sa facture d'achat juste quelques mois d'utilisation a vendre pour des raisons avec garantie... Contacter moi si vous êtes intéressé",Remich,,1,2,3,2,7,2,1,similar,suspiciously-low,intermediate-or-missing,marked,unfavorable,case_study_sample,850,0.4117647058823529,0,0,0
299,iPhone 14 pro max 256GB,350,IDENTIFIED,"iPhone 14 pro max 256gb batterie 100% état nickel sans aucun problème avec son chargeur et sa boîte, accompagné de sa facture d'achat juste quelques mois d'utilisation a vendre pour des raisons avec garantie... Contacter moi si vous êtes intéressé","Amiens, HDF",,1,2,3,2,7,2,1,similar,suspiciously-low,intermediate-or-missing,marked,unfavorable,case_study_sample,850,0.4117647058823529,0,0,0
300,iPhone 14 pro max 256GB,350,IDENTIFIED,"iPhone 14 pro max 256gb batterie 100% état nickel sans aucun problème avec son chargeur et sa boîte, accompagné de sa facture d'achat juste quelques mois d'utilisation a vendre pour des raisons avec garantie... Contacter moi si vous êtes intéressé",Differdange,,1,2,3,2,7,2,1,similar,suspiciously-low,intermediate-or-missing,marked,unfavorable,case_study_sample,850,0.4117647058823529,0,0,0
301,iPhone 14 pro max 256gb,350,IDENTIFIED,"Vente de iPhone 14 pro max à 350 l'iPhone 14 Pro Max 256GB original , Batterie  100% avec ça facture","Marseille, PAC",,1,2,3,2,7,2,1,similar,suspiciously-low,intermediate-or-missing,marked,unfavorable,case_study_sample,850,0.4117647058823529,0,0,0
302,iPhone 14 pro max 256gb,350,IDENTIFIED,iPhone 14 pro max couleur gold disponible a vendre urgent a 350 pour des raisons personnelles état nickel jamais devisé  batterie 100% tat nickel 10/10 Mémoire 256gb Tout d'origine a vérifier avant l'achat  veuillez me contacter pour plus d'informations,Differdange,,1,3,3,2,8,2,1,duplicated,suspiciously-low,intermediate-or-missing,marked,unfavorable,case_study_sample,850,0.4117647058823529,0,0,0
303,iPhone 14 pro max 256 GB,350,IDENTIFIED,Apple iPhone 14 pro max 256gb n'a aucun défaut et fonctionne parfaitement très bien et la facture d'achat est incluse dans l'emballage d'origine avec une bonne garantie contacter moi en privé pour plus d'information  Merci !,"La Roche-sur-Yon, PDL",,1,2,3,2,7,2,1,similar,suspiciously-low,intermediate-or-missing,marked,unfavorable,case_study_sample,850,0.4117647058823529,0,0,0
304,iPhone 14 pro max 256gb,350,IDENTIFIED,"Vente de iPhone 14 pro max à 350 l'iPhone 14 Pro Max 256GB original , Batterie  100% avec ça facture","Lille, HDF",,1,2,3,2,7,2,1,similar,suspiciously-low,intermediate-or-missing,marked,unfavorable,case_study_sample,850,0.4117647058823529,0,0,0
305,iPhone 14 pro max 256 GB,350,IDENTIFIED,En Vente un iphone 14 pro max état neuf disponible avec garantie état batterie 100% capacité 256 GB,"Mulhouse, GES",,1,2,3,2,7,2,1,similar,suspiciously-low,intermediate-or-missing,marked,unfavorable,case_study_sample,850,0.4117647058823529,0,0,0
306,iPhone 14 pro max 256gb,350,IDENTIFIED,iPhone 14 pro max couleur gold disponible a vendre urgent a 350 pour des raisons personnelles état nickel jamais devisé  batterie 100% tat nickel 10/10 Mémoire 256gb Tout d'origine a vérifier avant l'achat  veuillez me contacter pour plus d'informations,"Sermoise-sur-Loire, BFC",,1,3,3,2,8,2,1,duplicated,suspiciously-low,intermediate-or-missing,marked,unfavorable,case_study_sample,850,0.4117647058823529,0,0,0
307,iPhone 14 pro max 256gb,350,IDENTIFIED,"Vente de iPhone 14 pro max à 350 l'iPhone 14 Pro Max 256GB original , Batterie  100% avec ça facture","Antibes, PAC",,1,2,3,2,7,2,1,similar,suspiciously-low,intermediate-or-missing,marked,unfavorable,case_study_sample,850,0.4117647058823529,0,0,0
308,iPhone 14 pro max 256gb,350,IDENTIFIED,iPhone 14 pro max couleur gold disponible a vendre urgent a 350 pour des raisons personnelles état nickel jamais devisé  batterie 100% tat nickel 10/10 Mémoire 256gb Tout d'origine a vérifier avant l'achat  veuillez me contacter pour plus d'informations,"Aubervilliers, IDF",,1,3,3,2,8,2,1,duplicated,suspiciously-low,intermediate-or-missing,marked,unfavorable,case_study_sample,850,0.4117647058823529,0,0,0
309,iPhone 14 pro max 256 GB,350,IDENTIFIED,Apple iPhone 14 pro max 256gb n'a aucun défaut et fonctionne parfaitement très bien et la facture d'achat est incluse dans l'emballage d'origine avec une bonne garantie contacter moi en privé pour plus d'information  Merci !,"Nîmes, OCC",,1,2,3,2,7,2,1,similar,suspiciously-low,intermediate-or-missing,marked,unfavorable,case_study_sample,850,0.4117647058823529,0,0,0
310,iPhone 14 Pro Max Super Retina,340,DETECTED,"Mon iPhone 14 Pro Max est une véritable merveille technologique. Avec son design élégant et ses finitions impeccables, il attire tous les regards. Lécran Super Retina XDR est d'une clarté époustouflante, parfait pour profiter de contenus en haute définition. Son triple appareil photo révolutionnaire capture chaque détail avec une précision incroyable, transformant chaque cliché en uvre d'art. La puissance de la puce A16 Bionic rend chaque tâche ultra fluide, que ce soit pour jouer, travailler ou simplement naviguer. Cest bien plus quun simple téléphone, cest mon compagnon numérique indispensable.","Val-au-Perche, NOR",2024.0,0,1,3,3,7,2,1,unique,suspiciously-low,new-profile,marked,unfavorable,case_study_sample,850,0.4,0,0,0
311,iPhone 13,330,DETECTED,"Bonjour, je propose à la vente ce téléphone avec sa facture, sa garantie, et tous ses accessoires dorigine. Merci de me contacter.","Paris, IDF",2023.0,0,2,3,2,7,2,1,similar,suspiciously-low,intermediate-or-missing,marked,unfavorable,case_study_sample,750,0.44,0,0,0
312,iPhone 13 128 GB,330,DETECTED,iPhone 13 128 giga avec facture et garantie.  Me contacter pour plus dinformations.,"Paris, IDF",2024.0,0,2,3,3,8,2,1,similar,suspiciously-low,new-profile,marked,unfavorable,case_study_sample,750,0.44,0,0,0
313,iPhone 13 128 Giga,330,DETECTED,"Bonjour, je vends ce téléphone avec facture, garantie, et tous ses accessoires. Merci de me contacter.","Paris, IDF",2021.0,0,2,3,1,6,2,1,similar,suspiciously-low,older-profile,marked,unfavorable,case_study_sample,750,0.44,0,0,0
314,iPhone 13 128 Giga,330,DETECTED,"Bonjour, je mets en vente ce téléphone accompagné de sa facture, de sa garantie, et de tous ses accessoires. Merci de me contacter si intéressé.","Lille, HDF",2021.0,0,1,3,1,5,2,0,unique,suspiciously-low,older-profile,borderline,acceptable,case_study_sample,750,0.44,0,0,0
315,iPhone 13 128 GB,330,DETECTED,IPhone 13 128 GB avec facture et garentie. Me contacter pour plus dinfo,"Paris, IDF",2024.0,0,2,3,3,8,2,1,similar,suspiciously-low,new-profile,marked,unfavorable,case_study_sample,750,0.44,0,0,0
316,iPhone 13 128 giga,330,DETECTED,"Salut, je propose ce téléphone à la vente, complet avec facture, garantie, et accessoires. Nhésitez pas à me contacter.","Paris, IDF",2024.0,0,2,3,3,8,2,1,similar,suspiciously-low,new-profile,marked,unfavorable,case_study_sample,750,0.44,0,0,0
317,iPhone 13 (128GB),330,DETECTED,"Bonjour, je vends ce téléphone avec facture, garantie, et tous ses accessoires. Merci de me contacter.","Paris, IDF",2024.0,0,2,3,3,8,2,1,similar,suspiciously-low,new-profile,marked,unfavorable,case_study_sample,750,0.44,0,0,0
318,iphone 13 Bleu Nuit,330,DETECTED,"Bonjour, je vends ce téléphone avec facture, garantie, et tous ses accessoires. Merci de me contacter.","Paris, IDF",2024.0,0,2,3,3,8,2,1,similar,suspiciously-low,new-profile,marked,unfavorable,case_study_sample,750,0.44,0,0,0
319,iPhone 13,330,DETECTED,"Bonjour, je propose à la vente ce téléphone avec sa facture, sa garantie et ses accessoires dorigine. Pour plus dinformations, merci de me contacter.","Paris, IDF",2024.0,0,2,3,3,8,2,1,similar,suspiciously-low,new-profile,marked,unfavorable,case_study_sample,750,0.44,0,0,0
320,iPhone 14 pro max 256gb,350,IDENTIFIED,iPhone 14 pro max couleur gold disponible a vendre urgent a 350 pour des raisons personnelles état nickel jamais devisé  batterie 100% tat nickel 10/10 Mémoire 256gb Tout d'origine a vérifier avant l'achat  veuillez me contacter pour plus d'informations,"Saint-Martin-le-Vinoux, ARA",,1,3,3,2,8,2,1,duplicated,suspiciously-low,intermediate-or-missing,marked,unfavorable,case_study_sample,850,0.4117647058823529,0,0,0
321,iPhone 14 pro max 256gb,350,IDENTIFIED,"Vente de iPhone 14 pro max à 350 l'iPhone 14 Pro Max 256GB original , Batterie  100% avec ça facture","Drancy, IDF",,1,2,3,2,7,2,1,similar,suspiciously-low,intermediate-or-missing,marked,unfavorable,case_study_sample,850,0.4117647058823529,0,0,0
322,iPhone 14 pro max 256GB,350,IDENTIFIED,"iPhone 14 pro max 256gb batterie 100% état nickel sans aucun problème avec son chargeur et sa boîte, accompagné de sa facture d'achat juste quelques mois d'utilisation a vendre pour des raisons avec garantie... Contacter moi si vous êtes intéressé","vreux, NOR",,1,2,3,2,7,2,1,similar,suspiciously-low,intermediate-or-missing,marked,unfavorable,case_study_sample,850,0.4117647058823529,0,0,0
323,iPhone 14 pro max 256gb,350,IDENTIFIED,iPhone 14 pro max couleur gold disponible a vendre urgent a 350 pour des raisons personnelles état nickel jamais devisé  batterie 100% tat nickel 10/10 Mémoire 256gb Tout d'origine a vérifier avant l'achat  veuillez me contacter pour plus d'informations,"Brest, BRE",,1,3,3,2,8,2,1,duplicated,suspiciously-low,intermediate-or-missing,marked,unfavorable,case_study_sample,850,0.4117647058823529,0,0,0
324,iPhone 13 128 Giga,330,DETECTED,"IPhone 13 128 giga à vendre avec facture, garantie, et accessoires inclus. Contactez moi pour toute question.","Paris, IDF",2020.0,0,2,3,1,6,2,1,similar,suspiciously-low,older-profile,marked,unfavorable,case_study_sample,750,0.44,0,0,0
325,iPhone 13 128 GB,330,DETECTED,"Bonjour, je vends IPhone 13 128 GB avec les différents accessoires,pour plus dinformations veuillez me contacter.","Paris, IDF",2019.0,0,2,3,1,6,2,1,similar,suspiciously-low,older-profile,marked,unfavorable,case_study_sample,750,0.44,0,0,0
326,Iphone 13 128 gb,330,DETECTED,"Iphone 13 128 GB  avec garantie et facture également,  N'esitez pas à me contacter pour plus d'info","Paris, IDF",2024.0,0,2,3,3,8,2,1,similar,suspiciously-low,new-profile,marked,unfavorable,case_study_sample,750,0.44,0,0,0
327,Iphone 13 128g,330,DETECTED,Je vends cet iPhone 13 128g avec facture et accessoires à partir de 330,"Paris, IDF",2024.0,0,2,3,3,8,2,1,similar,suspiciously-low,new-profile,marked,unfavorable,case_study_sample,750,0.44,0,0,0
328,iPhone 13 128 Giga,330,DETECTED,iPhone 13 128 Giga avec facture et garantie. Me contacter pour plus dinformations.,"Paris, IDF",2024.0,0,2,3,3,8,2,1,similar,suspiciously-low,new-profile,marked,unfavorable,case_study_sample,750,0.44,0,0,0
329,iPhone 13 128 GB,330,DETECTED,"Téléphone à vendre, avec facture, garantie, et tous les accessoires inclus. N'hésitez pas à me contacter pour plus d'informations.","Lille, HDF",2020.0,0,2,3,1,6,2,1,similar,suspiciously-low,older-profile,marked,unfavorable,case_study_sample,750,0.44,0,0,0
330,iPhone 13 128gb,330,DETECTED,Bonjour je vend ce téléphone avec sa garantie facture et accessoires contactez moi pour plus dinfo,"Paris, IDF",2020.0,0,2,3,1,6,2,1,similar,suspiciously-low,older-profile,marked,unfavorable,case_study_sample,750,0.44,0,0,0
331,iPhone 13 128 Go,330,DETECTED,"Salut, je propose ce téléphone à la vente, complet avec facture, garantie, et accessoires. N'hésitez pas à me contacter.","Paris, IDF",2024.0,0,2,3,3,8,2,1,similar,suspiciously-low,new-profile,marked,unfavorable,case_study_sample,750,0.44,0,0,0
332,Iphone 13 128 giga,330,DETECTED,"Salut, je propose ce téléphone à la vente. Il est fourni avec facture, garantie, et accessoires. Nhésitez pas à me joindre pour plus dinfos.","Paris, IDF",2024.0,0,2,3,3,8,2,1,similar,suspiciously-low,new-profile,marked,unfavorable,case_study_sample,750,0.44,0,0,0
333,Apple iPhone 13 Mini 128GB,330,DETECTED,"Bonjour, je vends ce téléphone avec facture, garantie, et tous ses accessoires. Merci de me contacter.","Paris, IDF",2024.0,0,2,3,3,8,2,1,similar,suspiciously-low,new-profile,marked,unfavorable,case_study_sample,750,0.44,0,0,0
334,iPhone 13 128 Giga,330,DETECTED,"Bonjour, ce téléphone est en vente. Il vient avec sa facture, sa garantie, et ses accessoires. Contactez-moi pour plus de détails.","Lille, HDF",2021.0,0,2,3,1,6,2,1,similar,suspiciously-low,older-profile,marked,unfavorable,case_study_sample,750,0.44,0,0,0
335,iPhone 13,330,DETECTED,"Salut, je propose ce téléphone à la vente a partir de 330. Il est fourni avec facture, garantie, et accessoires. Nhésitez pas à me joindre pour plus dinfos","Paris, IDF",2021.0,0,2,3,1,6,2,1,similar,suspiciously-low,older-profile,marked,unfavorable,case_study_sample,750,0.44,0,0,0
336,"iPhone 13, 128 gigas",330,DETECTED,"Vends iPhone 13 128 gigas, vendu avec facture et garantie.  venir chercher sur Toulouse.","Toulouse, OCC",2024.0,0,2,3,3,8,2,1,similar,suspiciously-low,new-profile,marked,unfavorable,case_study_sample,750,0.44,0,0,0
337,iPhone 13 128 Giga,330,DETECTED,"Bonjour, je vends ce téléphone avec facture, garantie, et tous ses accessoires. Merci de me contacter.","Paris, IDF",2021.0,0,2,3,1,6,2,1,similar,suspiciously-low,older-profile,marked,unfavorable,case_study_sample,750,0.44,0,0,0
338,iPhone 13 128GB,330,DETECTED,"iPhone 13 128GB avec facture et garantie, pour plus d'informations veuillez me contacter.","Paris, IDF",2024.0,0,2,3,3,8,2,1,similar,suspiciously-low,new-profile,marked,unfavorable,case_study_sample,750,0.44,0,0,0
339,iPhone 13 128 Gigas,330,DETECTED,"iPhone 13 128 Giga accompagné de sa facture, sa garantie et tous ses accessoires. Merci de me contacter pour plus dinformations","Paris, IDF",2021.0,0,2,3,1,6,2,1,similar,suspiciously-low,older-profile,marked,unfavorable,case_study_sample,750,0.44,0,0,0
340,iphone 13 128 gigas,330,DETECTED,iphone 13 128 gigas avec facture et garantie. Me contacter pour plus dinformations,"Paris, IDF",2024.0,0,2,3,3,8,2,1,similar,suspiciously-low,new-profile,marked,unfavorable,case_study_sample,750,0.44,0,0,0
341,iPhone 13 128 giga,330,DETECTED,"Bonjour, Je vend un iPhone 13 128 giga avec facture et garantie. Me contacter pour plus dinformations.","Paris, IDF",2020.0,0,2,3,1,6,2,1,similar,suspiciously-low,older-profile,marked,unfavorable,case_study_sample,750,0.44,0,0,0
342,"iPhone 13, 128 Giga",330,DETECTED,"Bonjour, je propose à la vente ce téléphone avec sa facture, sa garantie, et tous ses accessoires dorigine. Merci de me contacter.","Paris, IDF",2024.0,0,2,3,3,8,2,1,similar,suspiciously-low,new-profile,marked,unfavorable,case_study_sample,750,0.44,0,0,0
343,"iPhone 13 , 128GB",330,DETECTED,"Bonjour , je met en vente ce téléphone accompagné de sa facture de sa garantie , et de tout ses accessoires. Merci de me contacter si intéressé","Paris, IDF",2024.0,0,2,3,3,8,2,1,similar,suspiciously-low,new-profile,marked,unfavorable,case_study_sample,750,0.44,0,0,0
344,iPhone 13 128 giga,330,DETECTED,"Bonjour, ce téléphone est en vente. Il vient avec sa facture, sa garantie, et ses accessoires. Contactez-moi pour plus de détails.","Paris, IDF",2024.0,0,2,3,3,8,2,1,similar,suspiciously-low,new-profile,marked,unfavorable,case_study_sample,750,0.44,0,0,0
345,"iPhone 13, 128 Giga",330,DETECTED,"Bonjour, je propose à la vente ce téléphone avec sa facture, sa garantie, et tous ses accessoires dorigine. Merci de me contacter.","Paris, IDF",2024.0,0,2,3,3,8,2,1,similar,suspiciously-low,new-profile,marked,unfavorable,case_study_sample,750,0.44,0,0,0
346,IPhone 13 pro - très bonne état,600,DETECTED,"Je propose un iPhone 13 Pro Bleu , capacité 128 Go , en excellent état. Il bénéficie encore de 6 mois de garantie. Vendu avec facture et accessoires d'origine, neufs et non utilisés.","Paris, IDF",,1,2,2,2,6,2,1,similar,underpriced,intermediate-or-missing,marked,unfavorable,case_study_sample,750,0.8,0,0,0
347,iPhone 13 noir,600,DETECTED, négocier !,"Bagnoles de l'Orne Normandie, NOR",,1,2,2,2,6,2,1,similar,underpriced,intermediate-or-missing,marked,unfavorable,case_study_sample,750,0.8,0,0,0
348,iPhone 14 plus,600,DETECTED,"Bonjour je me sépare de mon iPhone 14 plus 128 giga  Avec lui il y a la boîte, le chargeur sans la prise, quatres coques de protection, un verre trempé déjà installé dessus et je peut aussi me procurer la facture  Il est à 100% de batterie et il a 128 giga, toujours protégé et aucun problème avec. Plus dinfos hésitez pas à me contacter et peut être négocier mais dans la limite du raisonnable","Villeneuve-sur-Lot, NAQ",,1,2,2,2,6,2,1,similar,underpriced,intermediate-or-missing,marked,unfavorable,case_study_sample,850,0.7058823529411765,0,0,0
349,iPhone 14 pro 128gb,600,DETECTED,Conseils de sécurité pour Marketplace,"Brussel, BRU",,1,1,2,2,5,2,0,unique,underpriced,intermediate-or-missing,borderline,acceptable,case_study_sample,850,0.7058823529411765,0,0,0
350,iPhone 15 Pro max,600,DETECTED,Il est en bon état,"Paris, IDF",,1,2,2,2,6,2,1,similar,underpriced,intermediate-or-missing,marked,unfavorable,case_study_sample,1200,0.5,0,0,0
351,iPhone 14 256gb,600,DETECTED,iPhone 14 rouge 256gb toujours été protégé par un écran de protection et une coque léger coup qu'on voit sur la photo le téléphone a été très peu utilisé fourni avec ça boîte originale a venir chercher sur fontaine l'évêque pas de livraison possible et pas de réservation prix légèrement discutable,"Fontaine-l'vêque, WAL",,1,2,2,2,6,2,1,similar,underpriced,intermediate-or-missing,marked,unfavorable,case_study_sample,850,0.7058823529411765,0,0,0
352,iPhone 15,600,DETECTED,Bonjour je vend mon iPhone 15 très bonne état aucune rayure rien à signaler batterie 90%facture disponible,"Paris, IDF",,1,2,2,2,6,2,1,similar,underpriced,intermediate-or-missing,marked,unfavorable,case_study_sample,1200,0.5,0,0,0
353,iPhone 15 Rouge 128 Go,600,DETECTED,Vend iPhone 15 Rouge 128 Go  tat comme neuf toujours protégé avec une coque et un verre trempé   Câble + chargeur  batterie 100%  Pour tout renseignement je suis à votre disposition  600   à débattre,"Fitz-James, HDF",,1,2,2,2,6,2,1,similar,underpriced,intermediate-or-missing,marked,unfavorable,case_study_sample,1200,0.5,0,0,0
354,iPhone 13 128 Gigas rose,600,DETECTED,Je vends mon iPhone 13 car jai fais lacquisition dun nouveau téléphone.  En très bon état toujours protéger avec une coque et une vitre un léger impact sur la vitre en verre trempé mais cela nempêche en rien le bon fonctionnement du téléphone.   Je le vends avec un chargeur neuf et la coque de téléphone.   Le prix est à négocier en privée.,"Gaillan-en-Médoc, NAQ",,1,2,2,2,6,2,1,similar,underpriced,intermediate-or-missing,marked,unfavorable,case_study_sample,750,0.8,0,0,0
355,iphone 13 Pro Max 256GB,600,DETECTED,"600 à discuter 256GB, 84% de batterie","Morlanwelz, WAL",,1,1,2,2,5,2,0,unique,underpriced,intermediate-or-missing,borderline,acceptable,case_study_sample,750,0.8,0,0,0
356,iPhone 15,600,DETECTED,Vend iPhone 15 tout neuf jamais servi  Dans sa pochette avec chargeurs  Garantie. Tout neuf,"Paris, IDF",,1,1,2,2,5,2,0,unique,underpriced,intermediate-or-missing,borderline,acceptable,case_study_sample,1200,0.5,0,0,0
357,iPhone 13 Pro vert 256gigas,600,DETECTED,"Bonjour, je vends mon iPhone 13 Pro 256 gigas comme neuf, pas une rayure toujours protégé. Le verre trempé sera changé le jour de la vente pour montrer létat impeccable du tel. Paiement en espèces. Vendu avec plusieurs chargeurs et ecouteur","Laboissière-en-Thelle, HDF",,1,1,2,2,5,2,0,unique,underpriced,intermediate-or-missing,borderline,acceptable,case_study_sample,750,0.8,0,0,0
358,IPhone 14 Pro Max 256Go,600,DETECTED,IPhone 14 Pro Max 256Go Avec accessoires et facture Batterie 100% Pas de rayures,"Roubaix, HDF",2024.0,0,2,2,3,7,2,1,similar,underpriced,new-profile,marked,unfavorable,case_study_sample,850,0.7058823529411765,0,0,0
359,IPhone 14 Pro Max 256Go,600,DETECTED,A vendre IPhone 14 Pro Max 256Go Avec accessoires et facture Batterie 100%,"Nancy, GES",2024.0,0,2,2,3,7,2,1,similar,underpriced,new-profile,marked,unfavorable,case_study_sample,850,0.7058823529411765,0,0,0
360,IPhone 14 Pro Max 256Go,600,DETECTED,IPhone 14 Pro Max 256Go Très bon état Très propre Pas de rayures Avec Facture,"Amiens, HDF",2024.0,0,2,2,3,7,2,1,similar,underpriced,new-profile,marked,unfavorable,case_study_sample,850,0.7058823529411765,0,0,0
361,iPhone 13 Pro Max Bleu alpin,600,DETECTED," vendre, iPhone 13 Pro Max  Couleur : Bleu Alpin Capacité : 256go tat : Très bon état  Vendu avec la boîte dorigine et le câble, qui na jamais été utilisé.  Il est possible dacheter des coques (20 supplémentaires).  Remise en main propre.  ! Uniquement des acheteurs sérieux !","Hambach, GES",2012.0,0,2,2,1,5,2,0,similar,underpriced,older-profile,borderline,acceptable,case_study_sample,750,0.8,0,0,0
362,iphone 14,600,DETECTED,"vend iphone 14 bleu, bon état, 600 prix négociable dans la limite du raisonnable","Sarre-Union, GES",2018.0,0,1,2,1,4,2,0,unique,underpriced,older-profile,borderline,acceptable,case_study_sample,850,0.7058823529411765,0,0,0
363,iPhone 14 Pro Max - 128 Go,600,DETECTED,Bonjour  Je vend mon iPhone en excellent état de marche accessoires inclus pour ceux qui sont intéressé passez en privé je vous répond,"Drancy, IDF",2024.0,0,2,2,3,7,2,1,similar,underpriced,new-profile,marked,unfavorable,case_study_sample,850,0.7058823529411765,0,0,0
364,Iphone 13 tout neuf,600,DETECTED,Acheter au prix de 700 cependant jai fais une réparation dessus au prix de 130 + 40 de diagnostique  ce qui explique le prix.,"Amiens, HDF",2024.0,0,1,2,3,6,2,1,unique,underpriced,new-profile,marked,unfavorable,case_study_sample,750,0.8,0,0,0
365,iPhone 14 Midnight 128Gb,600,DETECTED,Iphone 14 minuit 128 Gb  Aucun rayures ni sur la vitre ni sur l'écran ni le châssis  Batterie 91% Ecran est déjà  remplacè par un Original garantie à vie  Fournie avec sa boîte Original et chargeur et  un nouveau verre trempé  Le prix est légèrement négociable,"Toulouse, OCC",2021.0,0,1,2,1,4,2,0,unique,underpriced,older-profile,borderline,acceptable,case_study_sample,850,0.7058823529411765,0,0,0
366,iphone 14,600,DETECTED,"Bonjour je mets mon iphone 14 128gigas en vente, état NEUF 0 rayure 0 impact. acheté il y a moins dun an. toujours garantie constructeur. prix négociable.","Bassens, NAQ",2016.0,0,1,2,1,4,2,0,unique,underpriced,older-profile,borderline,acceptable,case_study_sample,850,0.7058823529411765,0,0,0
367,iPhone 13 Pro 256go,600,DETECTED,Bonjour je vends mon iPhone 13 Pro 256go car jai meilleur modèle actuellement. Etat de batterie à 98%. Problème de Face ID. Toutes les pieces sont dorigine. Débloqué tout opérateur. Fourni avec tous les accessoires mise a part la boite. Pas de facture disponible. Coque et verre trempé fournies  Livraison non disponible meme si la plate-forme dis que ca lest.,"Toulouse, OCC",2016.0,0,2,2,1,5,2,0,similar,underpriced,older-profile,borderline,acceptable,case_study_sample,750,0.8,0,0,0
368,iPhone 15,600,DETECTED,Bonjour je vent mon iPhone 15 envoyez moi un message sur Messenger pour plus de reignement,"L'Isle-d'Abeau, ARA",2024.0,0,2,2,3,7,2,1,similar,underpriced,new-profile,marked,unfavorable,case_study_sample,1200,0.5,0,0,0
369,iPhone 14 bon état,600,DETECTED,Acheté il ya 3 mois avec facture très bon état,"Saint-Gratien, IDF",2011.0,0,1,2,1,4,2,0,unique,underpriced,older-profile,borderline,acceptable,case_study_sample,850,0.7058823529411765,0,0,0
370,iPhone 14 pro max,600,DETECTED,iPhone 14 pro max état 10/10,"Aubenas, ARA",2024.0,0,2,2,3,7,2,1,similar,underpriced,new-profile,marked,unfavorable,case_study_sample,850,0.7058823529411765,0,0,0
371,Iphone 15 pro max,600,DETECTED,Bonsoir Je met en vente mon iPhone 15 pro max en parfaite état je lai acheter à apple pour le travail ma servis très peu de fois la capacité et de 512 giga il est fournis avec sa boîte facture dachat ainsi que les accessoire.  Je le met en vente a un prix très très raisonnable pour se que cest nhésitez vraiment pas  Pour les personne non sérieuse merci de sabstenir je nai pas le temps.,"Bordeaux, NAQ",2024.0,0,2,2,3,7,2,1,similar,underpriced,new-profile,marked,unfavorable,case_study_sample,1200,0.5,0,0,0
372,Iphone 15 pro max 512GB,600,DETECTED,Iphone 15 pro max 512GB.  Le téléphone est en parfait état déjà déconnecté de l'icloud en réinitialiser en usine. Batterie 100% durée utilisation 1mois.  Paiement PayPal. Virement bancaire.  Livraison possible.,Nom de lappareil,2010.0,0,2,2,1,5,2,0,similar,underpriced,older-profile,borderline,acceptable,case_study_sample,1200,0.5,0,0,0
373,Iphone 15,600,DETECTED,change ou a vendre iPhone 15 état comme neuf il a un mois aucune rayure aucune marque faite vos propositions pas denvoi payement en main propre,"Saint-Amand-Montrond, CVL",2023.0,0,2,2,2,6,2,1,similar,underpriced,intermediate-or-missing,marked,unfavorable,case_study_sample,1200,0.5,0,0,0
374,iPhone 15 pro max titanium bleu 256 GB,600,DETECTED,"Bonjour, je vends mon iPhone 15 pro max titanium bleu 256 GB. Le téléphone est neuf et très peu utilisé. La facture d'achat est disponible.","Congerville-Thionville, IDF",2024.0,0,2,2,3,7,2,1,similar,underpriced,new-profile,marked,unfavorable,case_study_sample,1200,0.5,0,0,0
375,iPhone 15 pro Max,600,DETECTED,Bonjour je vend mon iPhone 15 car je suis passer sur Samsung,"Paris, IDF",2024.0,0,2,2,3,7,2,1,similar,underpriced,new-profile,marked,unfavorable,case_study_sample,1200,0.5,0,0,0
376,iPhone 15 pro max 256 GB,600,DETECTED,iPhone 15 pro max titanium bleu disponible à vendre en très bon état sans fissure ni rayures. La facture d'achat est disponible.,"Montpellier, OCC",2024.0,0,1,2,3,6,2,1,unique,underpriced,new-profile,marked,unfavorable,case_study_sample,1200,0.5,0,0,0
377,iphone 14 pro max 256 Go,600,DETECTED,Bonjour à tous. Je vends mon iphone 14 pro max 256 Go et de batterie 100% à l'état neuf et authentique sans aucun problème avec tous les accessoires juste 15 jours d'utilisation,"Strasbourg, GES",2024.0,0,2,2,3,7,2,1,similar,underpriced,new-profile,marked,unfavorable,case_study_sample,850,0.7058823529411765,0,0,0
378,iPhone 14 Pro 128 Go,600,NEGATIVE,Le produit est d'origine en excellent état de fonctionnement il est vendu avec une garantie et ses accessoires,"Paris, IDF",2024.0,0,2,2,3,0,3,0,similar,underpriced,new-profile,legitimate,acceptable,case_study_sample,850,0.7058823529411765,1,0,1
379,Iphone 15 pro max,600,DETECTED,Iphone 15 pro max neuf,"Paris, IDF",2019.0,0,2,2,1,5,2,0,similar,underpriced,older-profile,borderline,acceptable,case_study_sample,1200,0.5,0,0,0
380,iPhone 14 Pro 128 Go,600,NEGATIVE,"Bonjour, Le produit est d'origine en excellent état de fonctionnement il est vendu avec une garantie et ses accessoires.","Paris, IDF",2024.0,0,2,2,3,0,3,0,similar,underpriced,new-profile,legitimate,acceptable,case_study_sample,850,0.7058823529411765,1,0,1
381,iPhone 14 Pro 128 Go,600,NEGATIVE,Le produit est d'origine en excellent état de fonctionnement il est vendu avec une garantie et ses accessoires,"Paris, IDF",2024.0,0,2,2,3,0,3,0,similar,underpriced,new-profile,legitimate,acceptable,case_study_sample,850,0.7058823529411765,1,0,1
382,iPhone 14 Pro 128 Go,600,NEGATIVE,Le produit est d'origine en excellent état de fonctionnement il est vendu avec une garantie et ses accessoires,"Paris, IDF",2024.0,0,2,2,3,0,3,0,similar,underpriced,new-profile,legitimate,acceptable,case_study_sample,850,0.7058823529411765,1,0,1
383,iphone 14 pro max,600,DETECTED,"Iphone tout neuf, batterie à 98% sans rayures. A peine utilisé pour le modèle de recharge.",Matériau,2020.0,0,2,2,1,5,2,0,similar,underpriced,older-profile,borderline,acceptable,case_study_sample,850,0.7058823529411765,0,0,0
384,iPhone 14 plus,600,DETECTED,"Je vend mon iPhone 14 plus , en très bonne état , létat de la batterie et à 95% , mais le téléphone marche très bien aucune fissures rien du tout . Vendu avec 2 coques plus une protection de vitre . Acheté chez free . Il la 128 giga. La couleur et bleu. Pour plus dinfo je vous laisse venir vers moi en privée","Lormont, NAQ",2024.0,0,2,2,3,7,2,1,similar,underpriced,new-profile,marked,unfavorable,case_study_sample,850,0.7058823529411765,0,0,0
385,iPhone 15 pro max,600,DETECTED,iPhone 15 pro max avec facture 256GB,Nom de lappareil,2024.0,0,2,2,3,7,2,1,similar,underpriced,new-profile,marked,unfavorable,case_study_sample,1200,0.5,0,0,0
386,iPhone 13 128 Go neuf,600,DETECTED,"Je vends mon I phone 13  128 Go en excellent état : il est de couleur rose pastel, comme neuf sans rayures ni éraflures   Vendu avec chargeur et boîte   Pour plus dinformations nhésitez pas à me contacter par message privé.","Bordeaux, NAQ",2021.0,0,2,2,1,5,2,0,similar,underpriced,older-profile,borderline,acceptable,case_study_sample,750,0.8,0,0,0
387,IPhone 14 plus 128gb,600,DETECTED,Je met en vente mon iPhone 14 plus 128gb Le téléphone est en parfaite état.  Contacté moi via Snap Laurencelorie pour plus d'informations.,"Maron, GES",2024.0,0,2,2,3,7,2,1,similar,underpriced,new-profile,marked,unfavorable,case_study_sample,850,0.7058823529411765,0,0,0
388,iPhone 14 plus,600,DETECTED,Top Zustand 14 plus. Akku 98% D'occasion -comme neuf  Livraison gratuite,"Saarbrücken, SL",2024.0,0,1,2,3,6,2,1,unique,underpriced,new-profile,marked,unfavorable,case_study_sample,850,0.7058823529411765,0,0,0
389,iPhone 15 rose 128go,600,DETECTED,iPhone utilisé 2semaines aucune rayure ni micro rayure . Plus d'info privée,"Cambrai, HDF",2024.0,0,1,2,3,6,2,1,unique,underpriced,new-profile,marked,unfavorable,case_study_sample,1200,0.5,0,0,0
390,iPhone 14 Pro 128 Go,600,NEGATIVE,Le produit est d'origine en excellent état de fonctionnement il est vendu avec une garantie et ses accessoires,"Paris, IDF",2024.0,0,2,2,3,0,3,0,similar,underpriced,new-profile,legitimate,acceptable,case_study_sample,850,0.7058823529411765,1,0,1
391,iPhone 14 Pro 128 Go,600,NEGATIVE,Le produit est d'origine en excellent état de fonctionnement il est vendu avec une garantie et ses accessoires,"Paris, IDF",2024.0,0,2,2,3,0,3,0,similar,underpriced,new-profile,legitimate,acceptable,case_study_sample,850,0.7058823529411765,1,0,1
392,iPhone 14 Pro / 128 Go,600,NEGATIVE,"Bonjour , Le produit est d'origine en excellent état de fonctionnement il est vendu avec une garantie et ses accessoires.","Paris, IDF",2024.0,0,2,2,3,0,3,0,similar,underpriced,new-profile,legitimate,acceptable,case_study_sample,850,0.7058823529411765,1,0,1
393,iPhone 14 Pro,600,NEGATIVE,Le produit est d'origine en excellent état de fonctionnement il est vendu avec une garantie et ses accessoires,"Paris, IDF",2024.0,0,2,2,3,0,3,0,similar,underpriced,new-profile,legitimate,acceptable,case_study_sample,850,0.7058823529411765,1,0,1
394,iPhone 14 Pro,600,NEGATIVE,Le produit est d'origine en excellent état de fonctionnement il est vendu avec une garantie et ses accessoires,"Paris, IDF",2023.0,0,2,2,2,0,3,0,similar,underpriced,intermediate-or-missing,legitimate,acceptable,case_study_sample,850,0.7058823529411765,1,0,1
395,iPhone 14 Pro 128 Go,600,NEGATIVE,Le produit est d'origine en excellent état de fonctionnement il est vendu avec une garantie et ses accessoires,"Paris, IDF",2024.0,0,2,2,3,0,3,0,similar,underpriced,new-profile,legitimate,acceptable,case_study_sample,850,0.7058823529411765,1,0,1
396,iPhone 14 Pro 128 Go,600,NEGATIVE,Le produit est d'origine en excellent état de fonctionnement il est vendu avec une garantie et ses accessoires,"Paris, IDF",2024.0,0,2,2,3,0,3,0,similar,underpriced,new-profile,legitimate,acceptable,case_study_sample,850,0.7058823529411765,1,0,1
397,iPhone 14 pro Max 256G,600,DETECTED,iPhone 14 Pro Max 256 Go Violet Foncé Neuf Et Scellé Garantie 1 An Tout neuf et scellé avec boite et accessoires + facture pas de envoyer je suis à Clermont ferrant,"Clermont-Ferrand, ARA",2010.0,0,2,2,1,5,2,0,similar,underpriced,older-profile,borderline,acceptable,case_study_sample,850,0.7058823529411765,0,0,0
398,iPhone 14 128go,600,DETECTED,Excellent état acheter y a moins de 6mois,"Custines, GES",,1,1,2,2,5,2,0,unique,underpriced,intermediate-or-missing,borderline,acceptable,case_study_sample,850,0.7058823529411765,0,0,0
399,Apple iPhone 14 Plus,600,DETECTED," vendre iPhone 14 Plus 128g parfait état, acheté en mai 2024 au prix de 750 je le cède à 600 le téléphone est nickel il à seulement 2 rayures sur lécran. Je laisse avec la coque rinoshield.",Est déverrouillé (O/N),2012.0,0,2,2,1,5,2,0,similar,underpriced,older-profile,borderline,acceptable,case_study_sample,850,0.7058823529411765,0,0,0
400,iPhone 14 état neuf,600,DETECTED,Vends iPhone 14 utilisée 1 mois car jai changé de téléphone  Vendu avec garantie et accessoires très bonne état,"Cannes, PAC",2009.0,0,2,2,1,5,2,0,similar,underpriced,older-profile,borderline,acceptable,case_study_sample,850,0.7058823529411765,0,0,0
401,Iphone 15,600,DETECTED,Bonjour je vend mon iphone 15 car je ne m'en sert pas je prefere android il n'a aucun problème et n'est jamais tomber je n'ai juste pas la facture Je donne aussi un chargeur 20 w et 2 coques,"Gorcy, GES",2014.0,0,1,2,1,4,2,0,unique,underpriced,older-profile,borderline,acceptable,case_study_sample,1200,0.5,0,0,0
402,iPhone 14 plus,600,DETECTED,Vend iPhone 14 plus avec boîte dorigine petite marque sur le cté (voir sur la photo),"Oyonnax, ARA",2016.0,0,2,2,1,5,2,0,similar,underpriced,older-profile,borderline,acceptable,case_study_sample,850,0.7058823529411765,0,0,0
403,iPhone 15,600,DETECTED,iPhone 15 neuf batterie 100%  Prix négociable limite du raisonnable  Premier arrivée premier servie .,"Paris, IDF",2022.0,0,2,2,1,5,2,0,similar,underpriced,older-profile,borderline,acceptable,case_study_sample,1200,0.5,0,0,0
404,iPhone 13,600,DETECTED,"Iphone 13 simple 128 gigas en très bon état, pas denvoi remise en main propre merci","Nice, PAC",2021.0,0,2,2,1,5,2,0,similar,underpriced,older-profile,borderline,acceptable,case_study_sample,750,0.8,0,0,0
405,IPhone 14 plus avec garantie,600,DETECTED," VENDRE : iPhone 14 Plus 128 Go - Excellent tat !   Je mets en vente mon iPhone 14 Plus avec 128 Go de stockage. Voici les détails : Modèle : iPhone 14 Plus Capacité : 128 Go tat de la batterie : 97% Couleur :  Noir  Condition : Comme neuf, toujours protégé par une coque et un film de protection écran. Aucun impact ni rayure. Accessoires : Boîte d'origine, câble de charge, Extras : Vendu avec une coque de protection. Garantie : Valable jusqu'en décembre 2024. Prix : 600 L'appareil fonctionne parfaitement et a toujours été utilisé avec soin. Mise à jour vers la dernière version d'iOS disponible. N'hésitez pas à me contacter pour toute question ou pour organiser une visite/test de l'appareil.","Sorgues, PAC",2018.0,0,2,2,1,5,2,0,similar,underpriced,older-profile,borderline,acceptable,case_study_sample,850,0.7058823529411765,0,0,0
406,iPhone 15,600,DETECTED,iPhone 15 128g neuf  Couleur bleu  Vendu dans sa boîte  Câble fournis  Je donne également une coque neuve pour le téléphone (achetée mais non utilisée)  Prix ferme,"Lyon, ARA",2009.0,0,2,2,1,5,2,0,similar,underpriced,older-profile,borderline,acceptable,case_study_sample,1200,0.5,0,0,0
407,URGENT iPhone 15,600,DETECTED,"Vend iPhone 15 128 go en superbe état, encore sous garantie jusquen 2025. tat de la batterie à 94%. Premier arriver premier servi.","Cholet, PDL",2018.0,0,1,2,1,4,2,0,unique,underpriced,older-profile,borderline,acceptable,case_study_sample,1200,0.5,0,0,0
408,IPHONE 13 PRO,600,DETECTED,IPHONE 13 PRO tat du téléphone : 10/10  Capacité de Batterie : 88% Capacité de mémoire  : 128 Go Avec chargeur ,"Annemasse, ARA",2018.0,0,2,2,1,5,2,0,similar,underpriced,older-profile,borderline,acceptable,case_study_sample,750,0.8,0,0,0
409,iPhone 13 Pro Argent,600,DETECTED,"iPhone 13 Pro 128Go Argent achetée le 02/03/2022. Disponible à la vente à partir de fin septembre 2024. Toujours protégée dune coque et dun verre trempé.  Aucuns coups, aucunes rayures.",Est déverrouillé (O/N),2011.0,0,2,2,1,5,2,0,similar,underpriced,older-profile,borderline,acceptable,case_study_sample,750,0.8,0,0,0
410,Vend iPhone 15,600,DETECTED,Vend iPhone 15 128go 88% étudies tout proposition échange pas denvoi,"Romorantin-Lanthenay, CVL",2024.0,0,2,2,3,7,2,1,similar,underpriced,new-profile,marked,unfavorable,case_study_sample,1200,0.5,0,0,0
411,iPhone 14 plus,600,DETECTED,"Bonjour à tous , je vend mon iPhone 14 plus avec une batterie à 96% achetez il y a 1 ans chez bouygue, aucun impacte toutes les pièces sont dorigine","Villepinte, IDF",2009.0,0,2,2,1,5,2,0,similar,underpriced,older-profile,borderline,acceptable,case_study_sample,850,0.7058823529411765,0,0,0
412,iPhone 14 Pro Max - 128 Go,600,DETECTED,"Je mets en vente mon iPhone en parfait état de fonctionnement, 100% dorigine . Si vous êtes intéressé(e), n'hésitez pas à me contacter en privé, je réponds rapidement.",Marque,2024.0,0,2,2,3,7,2,1,similar,underpriced,new-profile,marked,unfavorable,case_study_sample,850,0.7058823529411765,0,0,0
413,iPhone 13 VERT 128GB,600,DETECTED,"Bonjour, Je vends mon iPhone 13, neuf, sorti dusine, suite à un changement de téléphone. Il est négociable, à juste titre.","Lieusaint, IDF",2016.0,0,1,2,1,4,2,0,unique,underpriced,older-profile,borderline,acceptable,case_study_sample,750,0.8,0,0,0
414,iPhone 15,600,DETECTED,Vend iPhone 15 acheter en décembre 2023 batterie à 91%,"Hautmont, HDF",2014.0,0,2,2,1,5,2,0,similar,underpriced,older-profile,borderline,acceptable,case_study_sample,1200,0.5,0,0,0
415,iPhone 15 125 g,600,DETECTED,Je vend mon iPhone 15 125 g vu que je suis passer a liPhone 15 pro cest pour sa téléphone acheter neuf prix reste négociable au raisonnable écrivais moi sur mon numéro hidden information,"Béziers, OCC",2024.0,0,1,2,3,6,2,1,unique,underpriced,new-profile,marked,unfavorable,case_study_sample,1200,0.5,0,0,0
416,iPhone 14,600,DETECTED,Vend iPhone 14 plus avec boîte dorigine petite marque sur le cté (voir sur la photo),"Oyonnax, ARA",2016.0,0,2,2,1,5,2,0,similar,underpriced,older-profile,borderline,acceptable,case_study_sample,850,0.7058823529411765,0,0,0
417,iPhone 14 prèsque neuf acheté il y'a 6 mois,600,DETECTED,Mon I phone 14 prèsque neuf acheté il y'a 6 mois très bon état de fonctionnement aucune fracture,"Vichy, ARA",2022.0,0,2,2,1,5,2,0,similar,underpriced,older-profile,borderline,acceptable,case_study_sample,850,0.7058823529411765,0,0,0
418,Iphone 13 pro max bleu,600,DETECTED,"phone 13 Pro Max vendu avec ses accessoires, il a une capacité de 128 giga. Couleur bleu, chassis en TRES bon etat, ecran petite fissure tout en haut de l'ecran. Le telephone ne presente aucun probleme technique ou esthetique.","Strasbourg, GES",2019.0,0,2,2,1,5,2,0,similar,underpriced,older-profile,borderline,acceptable,case_study_sample,750,0.8,0,0,0
419,Iphone 14 pro/ 128Go,600,NEGATIVE,Le produit est d'origine et en excellent état de fonctionnement il est vendu avec une garantie et ses accessoires le paiement en trois fois est possible,"Paris, IDF",2024.0,0,2,2,3,0,3,0,similar,underpriced,new-profile,legitimate,acceptable,case_study_sample,850,0.7058823529411765,1,0,1
420,iPhone 13 Pro - 256GB,600,DETECTED,iPhone 13 Pro - 256GB - Bleu Très bon état  Batterie 86% Vendu avec son câble  Prix ferme  Remise en main propre sur Nice,"Nice, PAC",2014.0,0,2,2,1,5,2,0,similar,underpriced,older-profile,borderline,acceptable,case_study_sample,750,0.8,0,0,0
421,iPhone 14 Pro Max,600,DETECTED," Bonjour, je vends mon iPhone 14 Pro Max avec la facture et la boîte il chargeur","Châtenay-Malabry, IDF",2020.0,0,2,2,1,5,2,0,similar,underpriced,older-profile,borderline,acceptable,case_study_sample,850,0.7058823529411765,0,0,0
422,iPhone 14,600,DETECTED,iPhone 14 mauve  128go,"Saint-Denis, IDF",2021.0,0,2,2,1,5,2,0,similar,underpriced,older-profile,borderline,acceptable,case_study_sample,850,0.7058823529411765,0,0,0
423,iPhone 14 plus,600,DETECTED,Je vend iPhone 14 plus  Neuf     Avec boîte e chargeur  Les fraude de abestenie   Le prix es férié  Merci  Venir chercher sur place,"Menton, PAC",2016.0,0,2,2,1,5,2,0,similar,underpriced,older-profile,borderline,acceptable,case_study_sample,850,0.7058823529411765,0,0,0
424,iPhone 14 pro,600,DETECTED,"Bonjour, Je vend mon iPhone 14 pro en excellent état toujours protéger il ya pas la boîte mais jai la facture  Liphone est bloqué snap manque de temps pour le débloquer chez Apple  Cause de la vente achat dun nouveaux téléphone  Vente en main propre","Anzin, HDF",2024.0,0,2,2,3,7,2,1,similar,underpriced,new-profile,marked,unfavorable,case_study_sample,850,0.7058823529411765,0,0,0
425,iPhone 13 Pro Max contre iPhone 14 pro,600,DETECTED,"change iPhone 13pro Max bleu avec facture /boite  Modèle 128Go Téléphone acheté  début 2022 l Très bon état , comme neuf Pas de griffes pas de coups  Housse en cuir Apple fournie  Je souhaite l échanger contre un iPhone de plus petite taille , iPhone 14 pro serait lidéal pour moi  Dans lattente de vos sollicitations","Avignon, PAC",2008.0,0,1,2,1,4,2,0,unique,underpriced,older-profile,borderline,acceptable,case_study_sample,750,0.8,0,0,0
426,iPhone 13 Pro,600,DETECTED,iPhone 13 Pro  80% Facture et garantie,"Lille, HDF",2022.0,0,2,2,1,5,2,0,similar,underpriced,older-profile,borderline,acceptable,case_study_sample,750,0.8,0,0,0
427,iphone 15,600,DETECTED,a vendre ou echange contre 15 plus plus rajout de ma part,"Thonon-les-Bains, ARA",2024.0,0,1,2,3,6,2,1,unique,underpriced,new-profile,marked,unfavorable,case_study_sample,1200,0.5,0,0,0
428,iPhone 14,600,DETECTED,iPhone 14 128giga en parfait état les traces du lécran sur la photo son sur le film de protection  Téléphone toujours protégé avec écran et housse de protection  Batterie à 97%   Vendu avec sa boîte dorigine  Pas denvoie reglement en espèce uniquement,Marque,2010.0,0,2,2,1,5,2,0,similar,underpriced,older-profile,borderline,acceptable,case_study_sample,850,0.7058823529411765,0,0,0
429,Iphone 14 Plus,600,DETECTED,"Bonjour je vends mon téléphone IPhone 14 Plus qui est en très bon état avec la boîte d'origine, le prix non négociable à venir chercher sur place pas d'envois","Villers-lès-Nancy, GES",2016.0,0,2,2,1,5,2,0,similar,underpriced,older-profile,borderline,acceptable,case_study_sample,850,0.7058823529411765,0,0,0
430,IPhone 13,600,DETECTED,Acheter pour dépannage de mon iPhone 15 il a une semaine,Couleur,2009.0,0,2,2,1,5,2,0,similar,underpriced,older-profile,borderline,acceptable,case_study_sample,750,0.8,0,0,0
431,Iphone 13 pro max,600,DETECTED,"iphone 13 promax    Fabricant - Taille de l'écran Apple - Type de carte SIM de 6,7 pouces - RAM unique Sim - Mémoire interne de 6 Go de RAM - Système d'exploitation ROM de 256 Go - Caméra arrière IOS 16 - Caméra avant 48MP + 12MP - Réseau 5G 12MP - Oui Capacité de la batterie - Li-Ion 4323 mAh, ne peut pas être supprimé    Prix 600","Paris, IDF",2020.0,0,1,2,1,4,2,0,unique,underpriced,older-profile,borderline,acceptable,case_study_sample,750,0.8,0,0,0
432,iPhone 15 128 Go,600,DETECTED,"Bonjour,  iPhone 15 noir ,  128 Go  Neuf sous blister","Lille, HDF",2020.0,0,2,2,1,5,2,0,similar,underpriced,older-profile,borderline,acceptable,case_study_sample,1200,0.5,0,0,0
433,Iphone 13 pro max,600,DETECTED,"iphone 13 pro max      Fabricant - Taille de l'écran Apple - Type de carte SIM 6,7 pouces - SIM RAM simple - Mémoire interne 6 Go RAM - Système d'exploitation ROM 256 Go - Caméra arrière IOS 16 - Caméra avant 48MP + 12MP - Réseau 5G 12MP - Oui Capacité de la batterie - Li-Ion 4323 mAh ne peut pas être supprimé      Prix 600","Toulouse, OCC",2020.0,0,3,2,1,6,2,1,duplicated,underpriced,older-profile,marked,unfavorable,case_study_sample,750,0.8,0,0,0
434,iPhone 15,600,DETECTED,"Excellent état,  Facture à l appuie  Prix non négociable","Villeneuve-sur-Yonne, BFC",2016.0,0,2,2,1,5,2,0,similar,underpriced,older-profile,borderline,acceptable,case_study_sample,1200,0.5,0,0,0
435,iPhone 14 Pro / 128 Go,600,NEGATIVE,Le produit est d'origine en excellent état de fonctionnement il est vendu avec une garantie et ses accessoires,"Paris, IDF",2024.0,0,2,2,3,0,3,0,similar,underpriced,new-profile,legitimate,acceptable,case_study_sample,850,0.7058823529411765,1,0,1
436,iPhone 14,600,DETECTED,Vends iPhone 14 pas denvoi et pas de virement,"Tucquegnieux, GES",2008.0,0,1,2,1,4,2,0,unique,underpriced,older-profile,borderline,acceptable,case_study_sample,850,0.7058823529411765,0,0,0
437,iPhone 15   128g,600,DETECTED,"Salut, je vends trois iPhone 15 128 giga tout neuf avec garantie jamais utilise pour plus dinformations. Merci de me contacter.","Vitry-sur-Seine, IDF",2019.0,0,2,2,1,5,2,0,similar,underpriced,older-profile,borderline,acceptable,case_study_sample,1200,0.5,0,0,0
438,iPhone 15,600,DETECTED,"Je vend mon iPhone 15 , 128 giga avec son chargeur origine 600e prix fix","Dijon, BFC",2015.0,0,2,2,1,5,2,0,similar,underpriced,older-profile,borderline,acceptable,case_study_sample,1200,0.5,0,0,0
439,iPhone 14 plus,600,DETECTED,Vend iPhone 14 plus 128 go 89% de batterie couleur noir avec 4 coque + chargeur dorigine  et boîte   Ps : il est juste salle à lécran et au dos,"Istres, PAC",2016.0,0,2,2,1,5,2,0,similar,underpriced,older-profile,borderline,acceptable,case_study_sample,850,0.7058823529411765,0,0,0
440,iPhone 14 Pro / 128Go,600,NEGATIVE,Le produit est d'origine en excellent état de fonctionnement il est vendu avec une garantie et ses accessoires,"Paris, IDF",2024.0,0,2,2,3,0,3,0,similar,underpriced,new-profile,legitimate,acceptable,case_study_sample,850,0.7058823529411765,1,0,1
441,iPhone 14 pro,600,DETECTED,Bonjour je vends cette iPhone comme neuf à venir chercher sur Poitiers,"Jaunay-Marigny, NAQ",2016.0,0,2,2,1,5,2,0,similar,underpriced,older-profile,borderline,acceptable,case_study_sample,850,0.7058823529411765,0,0,0
442,iPhone 15,600,DETECTED,"iPhone 15 plus à vendre en très très bonne état.  Fourni avec son chargeur. Tout est fonctionnel sur le téléphone, aucun bug. Un petit impact au dos du téléphone mais rien de bien méchant.  Prix négociable.  Cdt","vreux, NOR",2024.0,0,2,2,3,7,2,1,similar,underpriced,new-profile,marked,unfavorable,case_study_sample,1200,0.5,0,0,0
443,iPhone 13 Pro Max,600,DETECTED,128 giga de stockage.   En très bon état. Aucune rayures sur les contours et sur lécran.  Je fournis quelques coques compris dans la vente.  Remise en main propre.,"Quetigny, BFC",2018.0,0,1,2,1,4,2,0,unique,underpriced,older-profile,borderline,acceptable,case_study_sample,750,0.8,0,0,0
444,Apple iPhone 14 Pro Max - 256 Go - Noir espace (débloqué),600,DETECTED,"Je vends mon iPhone 14 Pro Max, débloquer tout opérateur comme neuf, toujours protégé par une coque et un film. Il est vendu avec une coque Apple bleue, la boîte dorigine et la facture, sous garantie.","Périgny, NAQ",2024.0,0,2,2,3,7,2,1,similar,underpriced,new-profile,marked,unfavorable,case_study_sample,850,0.7058823529411765,0,0,0
445,IPhone 13 Pro Bleu Alpin 128Go,599,DETECTED,"**Annonce iPhone 13 Pro Bleu Alpin 128 Go**  Je mets en vente mon iPhone 13 Pro Bleu Alpin, acheté en septembre 2021. Son assurance Apple Care+ a expiré en octobre 2023. Vendu avec son étui arrière.   - **tat**: Seulement 3 petites rayures sur les bords, invisibles à distance et visibles uniquement à un niveau microscopique. Aucun impact ni rayure sur la face avant ou arrière. (Voir les photos). Boîte d'origine incluse. - **Protection**: cran avant protégé par un film de qualité premium acheté 50 euros sur le site d'Apple. - **Santé de la batterie**: 87%, garantissant encore une bonne autonomie. - **Accessoires**: Fournis avec la boîte d'origine, le chargeur, les stickers, et le manuel. Tout est en excellent état.  N'hésitez pas à me contacter pour plus d'informations! **IMPORTANT**: Paiement uniquement en personne.",Marque,2011.0,0,1,2,1,4,2,0,unique,underpriced,older-profile,borderline,acceptable,case_study_sample,750,0.7986666666666666,0,0,0
446,iPhone 13 Pro Max,599,DETECTED,"Bonjour, je vend ce téléphone avec tout les accessoires en plusieurs coloris, états disponibles. Contactez moi pour plus de renseignements.","Marseille, PAC",2023.0,0,2,2,2,6,2,1,similar,underpriced,intermediate-or-missing,marked,unfavorable,case_study_sample,750,0.7986666666666666,0,0,0
447,iPhone 14 pro max,596,DETECTED,Mon iphone 14 pro max est en bonne état et tout les papiers nécessaires qu'il faut,"vry-Courcouronnes, IDF",2024.0,0,2,2,3,7,2,1,similar,underpriced,new-profile,marked,unfavorable,case_study_sample,850,0.7011764705882353,0,0,0
448,IPhone 13 Pro bleu,595,DETECTED,"Bonjour, je vends mon iPhone 13 Pro 128 bleu.  -Le téléphone n'a pas été réparé -En parfait état -Batterie 85% -La charge dure toute la journée  Inclus : Téléphone, chargeur, vitre de protection et étui.  Je n'envoie pas par la poste et la livraison !  Le téléphone peut être acheté en personne à Saint-Cyprien    Le prix ne change pas  Le téléphone est prêt pour tous les tests  Paiement en espèces uniquement",Couleur,2017.0,0,2,2,1,5,2,0,similar,underpriced,older-profile,borderline,acceptable,case_study_sample,750,0.7933333333333333,0,0,0
449,iPhone 14 plus bleu avec facture,590,DETECTED,iPhone 14 plus 128go avec facture garantie et accessoires neuf  Je ne fais pas denvoi  ni de livraison   Le téléphone est en très bon état  Contactez moi directement en privé ou sur mon numéro hidden information,"Aulnay-sous-Bois, IDF",2024.0,0,2,2,3,7,2,1,similar,underpriced,new-profile,marked,unfavorable,case_study_sample,850,0.6941176470588235,0,0,0
450,iPhone 13 Pro Max 128gb GOLD,590,DETECTED, vendre iPhone 13 Pro Max 128gb GOLD TAT NEUF dans boite dorigine RAS toujours dans coque (fournie) Prix ferme !,Est déverrouillé (O/N),2009.0,0,2,2,1,5,2,0,similar,underpriced,older-profile,borderline,acceptable,case_study_sample,750,0.7866666666666666,0,0,0
451,iPhone 13 Pro,590,DETECTED,"Bonjour on vends cet iPhone 13 Pro 128gb disponible en différents couleurs avec accessoires, coque et facture garantie donc nhésitez pas à me contacter pour plus dinformations.","Paris, IDF",2024.0,0,2,2,3,7,2,1,similar,underpriced,new-profile,marked,unfavorable,case_study_sample,750,0.7866666666666666,0,0,0
452,iPhone 14 Plus - 128go - Bleu Nuit,590,DETECTED,"Bonjour,  Je vend mon iPhone 14 Plus, 128go, couleur bleu nuit, minuit. L'iPhone est en très bon état, fonctionne parfaitement bien, de légères fissures sont visibles sur lécran mais nont aucun impact sur sa fonctionnalité.   Ps: Boîte d'origine à l'appuie.  Pour plus de renseignements n'hésitez pas à me contacter en message privé.","Osny, IDF",2014.0,0,2,2,1,5,2,0,similar,underpriced,older-profile,borderline,acceptable,case_study_sample,850,0.6941176470588235,0,0,0
453,iPhone 13 pro max  très bon état  sans aucun problème Sous garantie  avec la boîte et la facture,589,DETECTED,"iPhone 13 pro max. 128go de stockage. Très bon état. Aucun problème d'utilisation. Débloqué tout opérateur. Le téléphone est fourni avec sa boîte d'origine, le câble, la facture et 3 coques.  N'hésitez pas de me contacter pour plus d'informations.",Est déverrouillé (O/N),2017.0,0,2,2,1,5,2,0,similar,underpriced,older-profile,borderline,acceptable,case_study_sample,750,0.7853333333333333,0,0,0
454,iPhone 13 pro max  très bon état  sans aucun problème Sous garantie  avec la boîte et la facture,589,DETECTED,"iPhone 13 pro max. 128go de stockage. Très bon état. Aucun problème d'utilisation. Débloqué tout opérateur. Le téléphone est fourni avec sa boîte d'origine, le câble, la facture et 3 coques.  N'hésitez pas de me contacter pour plus d'informations.",Est déverrouillé (O/N),2017.0,0,2,2,1,5,2,0,similar,underpriced,older-profile,borderline,acceptable,case_study_sample,750,0.7853333333333333,0,0,0
455,iPhone 15 pro max 256 GB titanium bleu,580,DETECTED,iPhone 15 pro max titanium bleu disponible à vendre en très bon état sans fissure ni rayures.,"Bourges, CVL",2024.0,0,2,3,3,8,2,1,similar,suspiciously-low,new-profile,marked,unfavorable,case_study_sample,1200,0.48333333333333334,0,0,0
456,iPhone 13 Pro Max,580,DETECTED,Vend iPhone 13 Pro Max état neuf avec la boîte et la facture dachat.  Batterie : 84%  Prix négociable dans la limite du raisonnable.,"Amiens, HDF",2021.0,0,2,2,1,5,2,0,similar,underpriced,older-profile,borderline,acceptable,case_study_sample,750,0.7733333333333333,0,0,0
457,IPhone 15 Pro Max 256GB Bleu Titanium,580,DETECTED,Je vends mon iphone 15 pro max de capacité 256GB. Couleurs Bleu titanium. Tout d'origine apple. En bon état parfait. Bon niveau de batterie. crivez moi si vous êtes intéressé. Merci,"Maxéville, GES",2024.0,0,2,3,3,8,2,1,similar,suspiciously-low,new-profile,marked,unfavorable,case_study_sample,1200,0.48333333333333334,0,0,0
458,IPHONE 14 128GB AVEC ACCESSOIRES,580,DETECTED,"Iphone 14 128gb, avec le code promo ANBAR93 vous aurez des accessoires offertes avec l'Iphone (coque ou verre trempé et chargeur neuf) , son état est comme neuf et vous aurez la chance d'essayer le téléphone avant l'achat et tout cela pour 580 euro","Paris, IDF",2024.0,0,1,2,3,6,2,1,unique,underpriced,new-profile,marked,unfavorable,case_study_sample,850,0.6823529411764706,0,0,0
459,Iphone 14 + ACCESSOIRES,580,DETECTED,"Facture et garantie disponibles pour cet iPhone 14  128 GO en très bon état. Je préfère les remises en main propre pour garantir une transaction en toute confiance. N'hésitez pas à me contacter pour convenir d'un rendez-vous.   Le téléphone est dans un excellent état. En main propre seulement 100% original Inutile de négocier   Pour toute information additionnelle, je suis disponible, alors n'hésitez pas à me contacter.","Paris, IDF",2024.0,0,2,2,3,7,2,1,similar,underpriced,new-profile,marked,unfavorable,case_study_sample,850,0.6823529411764706,0,0,0
460,iPhone 13 promax,580,DETECTED,iPhone 13 promax 256 giga couleur blanc sans aucun problème ni rayures Etat neuf sans aucun doute,"Chéronvilliers, NOR",2024.0,0,1,2,3,6,2,1,unique,underpriced,new-profile,marked,unfavorable,case_study_sample,750,0.7733333333333333,0,0,0
461,iphone 14 pro max,580,DETECTED,"14pro max à venir / Boîte de réception  Tout original et cartonné  128g Batt 91, pas de problème ni de fissure  merci ",Nom de lappareil,2024.0,0,1,2,3,6,2,1,unique,underpriced,new-profile,marked,unfavorable,case_study_sample,850,0.6823529411764706,0,0,0
462,iphone 13 pro,580,DETECTED,"Bonjour, je vends mon iphone 13 pro étant en parfait état, le seul défaut étant une micro fissure sur la caméra arrière qui nempêche en rien le fonctionnement de la caméra.  Je ne fais que des remises en main propre aux alentours de vitry le françois (jusquà 40/50 km maximum)  Je suis tout de même intéressé par dautres modèles pour des échanges (14/15) et je suis prête à rajouter de largent si besoin.","Vitry-le-François, GES",2023.0,0,2,2,2,6,2,1,similar,underpriced,intermediate-or-missing,marked,unfavorable,case_study_sample,750,0.7733333333333333,0,0,0
463,iPhone 14 + Accessoire ,580,DETECTED,Facture et garantie disponibles pour cet iPhone 14 128Go en très bon état. Je préfère les remises en main propre pour garantir une transaction en toute confiance. N'hésitez pas à me contacter pour convenir d'un rendez-vous. ,"Paris, IDF",2024.0,0,2,2,3,7,2,1,similar,underpriced,new-profile,marked,unfavorable,case_study_sample,850,0.6823529411764706,0,0,0
464,iPhone 15 pro max NEUF 31,580,DETECTED,Je vends mon nouvel iPhone 15 Pro Max avec tous ses accessoires.  Il est en bon état et ne présente aucun problème.     Les personnes non sérieuses s'en passeront.,"Roubaix, HDF",2024.0,0,2,3,3,8,2,1,similar,suspiciously-low,new-profile,marked,unfavorable,case_study_sample,1200,0.48333333333333334,0,0,0
465,Iphone 14+ Accessoire,580,DETECTED,	  Très bon état  	  Prix non négociable 	  Pas d'envoi 	  Sous garantie  	  Plus d'infos en privé,Couleur,2023.0,0,2,2,2,6,2,1,similar,underpriced,intermediate-or-missing,marked,unfavorable,case_study_sample,850,0.6823529411764706,0,0,0
466,iPhone 14 plus,580,DETECTED,"IPhone 14 Plus, en excellent état, tout fonctionne parfaitement, jen ai pris soin. Jeffectuer le changement de lécran et de la batterie spécialement pour la vente .","Drancy, IDF",2019.0,0,1,2,1,4,2,0,unique,underpriced,older-profile,borderline,acceptable,case_study_sample,850,0.6823529411764706,0,0,0
467,iPhone 14 pro,580,DETECTED,iPhone 14 pro  128 GB  88%  Remise sur agen,"Agen, NAQ",2023.0,0,2,2,2,6,2,1,similar,underpriced,intermediate-or-missing,marked,unfavorable,case_study_sample,850,0.6823529411764706,0,0,0
468,iPhone 14 ,580,DETECTED,Vendu avec garantie facture et accessoires offert au choix   REMISE EN MAINS PROPRE SEULEMENT   Pour plus de renseignements nhésitez pas à me contacter ,"Paris, IDF",2024.0,0,2,2,3,7,2,1,similar,underpriced,new-profile,marked,unfavorable,case_study_sample,850,0.6823529411764706,0,0,0
469,iPhone 13 pro,580,DETECTED,Vend iPhone 13 pro 256gb état neuf  Toujours porté en vert trempé  Donne chargeur coque possible de donner écouteurs AirPods 1 des vrais,"Strasbourg, GES",2021.0,0,2,2,1,5,2,0,similar,underpriced,older-profile,borderline,acceptable,case_study_sample,750,0.7733333333333333,0,0,0
470,iPhone 13 Pro 128Go,580,DETECTED,iPhone 13 Pro 128Go vert nuit  Pour plus d'informations n'hésitez pas à nous contacter  Disponible sur Montpellier et pas d'envoi.,"Montpellier, OCC",2021.0,0,2,2,1,5,2,0,similar,underpriced,older-profile,borderline,acceptable,case_study_sample,750,0.7733333333333333,0,0,0
471,iPhone 13 / 128GO,560,DETECTED,"Vends iPhone 13 état neuf.  128 GO  Couleur vert  Jamais utilisé, encore dans la boite fermée","Reims, GES",2008.0,0,2,2,1,5,2,0,similar,underpriced,older-profile,borderline,acceptable,case_study_sample,750,0.7466666666666667,0,0,0
472,IPhone 15 Pro Max 256GB Blue Titanium,560,DETECTED,"Je mets en vente mon iphone 15 pro max de 256GB de couleur Bleu titanium d'origine. Le téléphone n'a aucun problème mais c'est un téléphone d'occasion. Je l'ai acheté et je l'ai déjà utilisé mais ça fonctionne parfaitement. Pas de rayure ni fissure. Très propre. La garantie expire en juillet prochain et j'ai la facture. Si vous êtes intéressé, n'hésitez pas à m'écrire. Merci","Nancy, GES",2024.0,0,2,3,3,8,2,1,similar,suspiciously-low,new-profile,marked,unfavorable,case_study_sample,1200,0.4666666666666667,0,0,0
473,iPhone 13 Pro Max Bleu Alpine - 128 Go,560,DETECTED,"Vendu avec câble, prise de chargeur, et coque  Aucune rayure  Aucune fissure Aucun signe de choc  100% Dorigine  Tout fonctionne  Débloqué iCloud  Débloqué tout opérateur  Batterie 87%","Noisy-le-Grand, IDF",2024.0,0,2,2,3,7,2,1,similar,underpriced,new-profile,marked,unfavorable,case_study_sample,750,0.7466666666666667,0,0,0
474,iphone 13,560,DETECTED,"iphone 13,  128go batterie: 91% Tout fonctionne bien, il n'y a aucun problème","Menton, PAC",2024.0,0,2,2,3,7,2,1,similar,underpriced,new-profile,marked,unfavorable,case_study_sample,750,0.7466666666666667,0,0,0
475,IPHONE 13 PRO MAX .. LE TLPHONE FONCTIONNE BIEN SUR TOUS LES RSEAUX .. disponible immédiatement,560,DETECTED,IPHONE 13 PRO MAX .. LE TLPHONE FONCTIONNE BIEN SUR TOUS LES RSEAUX .. disponible immédiatement,"Drancy, IDF",2023.0,0,1,2,2,5,2,0,unique,underpriced,intermediate-or-missing,borderline,acceptable,case_study_sample,750,0.7466666666666667,0,0,0
476,Iphone 13 pro max avec accessoires,560,DETECTED,"Iphone 13 pro max  Disponible en boutique avec facture, garantie et accessoires offerts  Pour plus d'informations me contacter","Paris, IDF",2024.0,0,2,2,3,7,2,1,similar,underpriced,new-profile,marked,unfavorable,case_study_sample,750,0.7466666666666667,0,0,0
477,iPhone 13 128 GO avec câble USB recharge,550,DETECTED,"LiPhone a toujours été utilisé avec une coque de protection et un film écran, ce qui garantit son excellent état. Je le vends car je suis passé à un nouveau modèle. Il présente quelques marques sur lobjectif suite à des coques sur les objectifs. Prix négociable et possibilité d'ajouter des écouteurs en supplément","Lyaud, ARA",,1,1,2,2,5,2,0,unique,underpriced,intermediate-or-missing,borderline,acceptable,case_study_sample,750,0.7333333333333333,0,0,0
478,iPhone 13 Pro état neuf origine,550,DETECTED,Apple iPhone 13 Pro  Gold 128go tat neuf d origine acheté chez Apple  Avec boîte d origine  Aucune rayure sur tout le téléphone  Téléphone toujours avec protection servi en 2 eme téléphone donc peu servi pas l utilité,"Berre-l'tang, PAC",,1,2,2,2,6,2,1,similar,underpriced,intermediate-or-missing,marked,unfavorable,case_study_sample,750,0.7333333333333333,0,0,0
479,iPhone 13,550,DETECTED,"iPhone 13 (128giga), encore sous garantie car téléphone de moins de 2 ans acheter neuf chez boulanger. Toujours protégé par vitre et coque donc comme neuf !  Vendu avec 13 coques et des vitres  Plus dinfos en mp Prix négociable dans la limite du raisonnable ","Niort, NAQ",,1,2,2,2,6,2,1,similar,underpriced,intermediate-or-missing,marked,unfavorable,case_study_sample,750,0.7333333333333333,0,0,0
480,iphone 14 plus,550,DETECTED,je vend un iphone 14 plus nhésitez pas a venir menvoyer un message pour plus de renseignements,"Meudon, IDF",,1,2,2,2,6,2,1,similar,underpriced,intermediate-or-missing,marked,unfavorable,case_study_sample,850,0.6470588235294118,0,0,0
481,"Iphone 13 pro , neuf",550,DETECTED,Conseils de sécurité pour Marketplace,"Nice, PAC",,1,3,2,2,7,2,1,duplicated,underpriced,intermediate-or-missing,marked,unfavorable,case_study_sample,750,0.7333333333333333,0,0,0
482,iPhone 14 128 go,550,DETECTED,Bonjour je vend mon iPhone 14 128 go il et dans un bon état,"Bourges, CVL",,1,2,2,2,6,2,1,similar,underpriced,intermediate-or-missing,marked,unfavorable,case_study_sample,850,0.6470588235294118,0,0,0
483,"iPhone 15, 128G tat Neuf",550,DETECTED,iPhone 15 acheté mi juillet avec boîte dorigine. Sans facture ni garantie. Aucune égratignure ni rayures. Paiement en espèces ou en virement bancaire de préférence. Remise en mains propre. Je réside sur lîle de Nantes 07 60 03 54 14,"Nantes, PDL",,1,1,3,2,6,2,1,unique,suspiciously-low,intermediate-or-missing,marked,unfavorable,case_study_sample,1200,0.4583333333333333,0,0,0
484,Iphone 14 à vendre,550,DETECTED,Conseils de sécurité pour Marketplace,"Seraing, WAL",,1,3,2,2,7,2,1,duplicated,underpriced,intermediate-or-missing,marked,unfavorable,case_study_sample,850,0.6470588235294118,0,0,0
485,déverrouiller l'iPhone 15 pro max 256 Go,550,DETECTED,déverrouiller l'iPhone 15 pro max 256 Go  Apple iPhone 15 pro max à vendre en tout neuf dans sa boîte d'origine déverrouillé en usine avec garantie,"Paris, IDF",,1,2,3,2,7,2,1,similar,suspiciously-low,intermediate-or-missing,marked,unfavorable,case_study_sample,1200,0.4583333333333333,0,0,0
486,Iphone 13 pro max,550,DETECTED,Iphone 13 Pro Max - White 128 Go  Telephone reconditionné a neuf (changement de chassis dans un original APPLE)  Vendu avec son chargeur rapide.  A venir récupérer sur place  Paiement sur Clermont Ferrand,"Clermont-Ferrand, ARA",2020.0,0,2,2,1,5,2,0,similar,underpriced,older-profile,borderline,acceptable,case_study_sample,750,0.7333333333333333,0,0,0
487,Iphone 14 Noir 128GO,550,DETECTED,Je vends mon Iphone 14 noir 128go en bonne état Micro rayure à larrière uniquement Protection objectif avec ou sans au choix Batterie à 85% mais tien encore très bien Vendu avec la boîte ainsi que le chargeur rapide 550 à débattre,"Kogenheim, GES",2020.0,0,1,2,1,4,2,0,unique,underpriced,older-profile,borderline,acceptable,case_study_sample,850,0.6470588235294118,0,0,0
488,Iphone 14 Noir 128GO,550,DETECTED,Je vends mon Iphone 14 noir 128go en bonne état Micro rayure à larrière uniquement Protection objectif avec ou sans au choix Batterie à 85% mais tien encore très bien 550 à débattre,"Kogenheim, GES",2020.0,0,2,2,1,5,2,0,similar,underpriced,older-profile,borderline,acceptable,case_study_sample,850,0.6470588235294118,0,0,0
489,iPhone 13 Pro Max,550,DETECTED,Bonjour vend ou échange iPhone 13 Pro Max excellent état je recherche un 12 en parfait état avec ragot de votre part le téléphone possède sa facture et garantie,"Villeneuve-d'Ascq, HDF",2015.0,0,2,2,1,5,2,0,similar,underpriced,older-profile,borderline,acceptable,case_study_sample,750,0.7333333333333333,0,0,0
490,Vend iPhone 15,550,DETECTED,"Bonjour je vends mon iPhone 15 vitre arrière légèrement cassé jai la facture mais plus la boîte prix 550 ou échange scooter (sauf 4t) dirt ,50cc et autres engins sinon toujours était protège il ya un verre trempé","Saint-Quentin, HDF",2024.0,0,2,3,3,8,2,1,similar,suspiciously-low,new-profile,marked,unfavorable,case_study_sample,1200,0.4583333333333333,0,0,0
491,iPhone 14 mauve,550,DETECTED,Vend iPhone 14 128go mauve comme neuf Remise en propre seulement,"Sennecey-le-Grand, BFC",2010.0,0,1,2,1,4,2,0,unique,underpriced,older-profile,borderline,acceptable,case_study_sample,850,0.6470588235294118,0,0,0
492,"iPhone 14 , 128gigas couleurs lilas",550,DETECTED,IPhone en très bon état.  Batterie à 85%. Toujours protégé par coque + verre trempé ainsi que la coque pour les objectifs.  Négociable dans la limite du raisonnable.,"Tarbes, OCC",2012.0,0,2,2,1,5,2,0,similar,underpriced,older-profile,borderline,acceptable,case_study_sample,850,0.6470588235294118,0,0,0
493,Iphone 13 Pro Max 128GB,550,DETECTED,Vend mon Iphone 13 Pro Max en très bon état Remise en main propre uniquement,"Sarreguemines, GES",2023.0,0,2,2,2,6,2,1,similar,underpriced,intermediate-or-missing,marked,unfavorable,case_study_sample,750,0.7333333333333333,0,0,0
494,iPhone 14,550,DETECTED,"iPhone 14 128Go Il est sous garantie jusqu'à fin aot 2024.  Il est comme neuf, il n'y a pas de rayures. Aucune problème. Avec facture d'achat, chargeur et boîte.  Pas d'envoi et le prix est ferme.  L'état de la batterie est de 89%. Localisation Stasbourg","Strasbourg, GES",2022.0,0,2,2,1,5,2,0,similar,underpriced,older-profile,borderline,acceptable,case_study_sample,850,0.6470588235294118,0,0,0
495,iPhone 15 rose,550,DETECTED,Bonjour je vends mon iphone 15 état neuf batterie a 92% stockage 128GB j'en demande 550 a prendre sur Angoulême,"Angoulême, NAQ",2014.0,0,2,3,1,6,2,1,similar,suspiciously-low,older-profile,marked,unfavorable,case_study_sample,1200,0.4583333333333333,0,0,0
496,iPhone 14 Pro Max - 128 Go,550,NEGATIVE,Le produit est d'origine en excellent état de fonctionnement il est vendu avec une garantie et ses accessoires,"Paris, IDF",2024.0,0,2,2,3,0,3,0,similar,underpriced,new-profile,legitimate,acceptable,case_study_sample,850,0.6470588235294118,1,0,1
497,iphone 14,550,DETECTED,vend iphone 14 couleur violet etat neuf 128 g donne quelque pochette de protectiin avec visible sur contres ville 41700,"Le Controis-en-Sologne, CVL",2022.0,0,2,2,1,5,2,0,similar,underpriced,older-profile,borderline,acceptable,case_study_sample,850,0.6470588235294118,0,0,0
498,iPhone 13 Pro Max,550,DETECTED,Je vend un iPhone 13 Pro Max en excellent état  128Go  Capacité batterie 93% Vendu son avec chargeur,"Marseille, PAC",2023.0,0,2,2,2,6,2,1,similar,underpriced,intermediate-or-missing,marked,unfavorable,case_study_sample,750,0.7333333333333333,0,0,0
499,iPhone 14 noir boîte facture coque et verre trempé,550,DETECTED,"iPhone 14 noir 128G en parfait état de fonctionnement Vendu avec sa boîte, facture, coque et verre trempé Batterie 90% En main propre sur strasbourg ou envoie  Pour plus d'information n'hésitez pas à m'envoyer un message","Strasbourg, GES",2013.0,0,2,2,1,5,2,0,similar,underpriced,older-profile,borderline,acceptable,case_study_sample,850,0.6470588235294118,0,0,0
500,iPhone 14 plus 128 GO,550,DETECTED,"Bonjour ,  Je met en vente mon iPhone pour cause de renouvellement, il est vendu avec sa boîte et la facture a lappuie .  Vendu avec sa coque","Saint-Pierre-des-Corps, CVL",2021.0,0,2,2,1,5,2,0,similar,underpriced,older-profile,borderline,acceptable,case_study_sample,850,0.6470588235294118,0,0,0
501,iPhone 14,550,DETECTED,"iPhone 14 à vendre  128g  Couleur bleu minuit  Batterie à 87 donc encore nickel  Aucune rayure aucune fissure  Acheter en 2023  Câble, plusieurs verres trempé et coques vendu avec  Dispo dans le 33,47 ou 40   Pas d'envoi par des plateformes je n'est pas l'argent à rothschield pour me faire arnaquer merci","Sainte-Gemme, NAQ",2017.0,0,2,2,1,5,2,0,similar,underpriced,older-profile,borderline,acceptable,case_study_sample,850,0.6470588235294118,0,0,0
502,Iphone 15,550,DETECTED,VENDEUR PROFESSIONNEL  Apple Iphone 15  Noir  128G  Comme neuf  Débloqué tout opérateurs  Noir  Avec Câble d'origine + boite d'origine .  Date d'achat 1er aout  Garantie 1 an en cas de panne seulement  Possibilité de commander sur notre site de vente en ligne sc-destock.com,Couleur,2013.0,0,1,3,1,5,2,0,unique,suspiciously-low,older-profile,borderline,acceptable,case_study_sample,1200,0.4583333333333333,0,0,0
503,iPhone 13,550,DETECTED,"iPhone 13 rose pâle 128go / PARFAIT TAT Acheté NEUF chez Apple Store en mars 2022.   Avant, arrière et objectifs du téléphone : PAS DE RAYURES, à toujours eu coques et verres trempés.   Seul défaut : éraflure à peine visible sur la bordure en aluminium en bas du téléphone.   tat batterie : 81%   Charge complète en 1h30   Carte SIM : - Double SIM (nanoSIM et eSIM) - Prise en charge de la double eSIM   Chargeur Lightning non compris.","Toulouse, OCC",2020.0,0,1,2,1,4,2,0,unique,underpriced,older-profile,borderline,acceptable,case_study_sample,750,0.7333333333333333,0,0,0
504,iPhone 14,550,DETECTED,Vend iPhone 14 excellent état 128go sous garantie complet boîte + accessoires  tat de batterie 93% Vend en main propre,"Creil, HDF",2023.0,0,2,2,2,6,2,1,similar,underpriced,intermediate-or-missing,marked,unfavorable,case_study_sample,850,0.6470588235294118,0,0,0
505,Iphone 15,550,DETECTED,Il est neuf juste je préfère le 14,"Lille, HDF",2024.0,0,2,3,3,8,2,1,similar,suspiciously-low,new-profile,marked,unfavorable,case_study_sample,1200,0.4583333333333333,0,0,0
506,iPhone 14 plus,550,DETECTED,iPhone 14 plus avec facture  Paris  Contactez moi pour plus dinformations,"Paris, IDF",2021.0,0,2,2,1,5,2,0,similar,underpriced,older-profile,borderline,acceptable,case_study_sample,850,0.6470588235294118,0,0,0
507,iPhone 14 plus,550,DETECTED,Je vend mon iPhone 14 plus état neuf batterie 100% rien à dire sur le téléphone il et neuf avec chargeur prix ferme sinon possible échange contre autre iPhone proposer,"Seclin, HDF",2021.0,0,2,2,1,5,2,0,similar,underpriced,older-profile,borderline,acceptable,case_study_sample,850,0.6470588235294118,0,0,0
508,iPhone 14 plus blanc,550,DETECTED,iPhone 14 plus blanc avec garantie  Paris  Contactez moi si vous êtes intéressés,"Paris, IDF",2021.0,0,2,2,1,5,2,0,similar,underpriced,older-profile,borderline,acceptable,case_study_sample,850,0.6470588235294118,0,0,0
509,iPhone 14 plus,550,DETECTED,iPhone 14 plus violet avec facture  Paris  Contactez moi pour plus dinformations,"Paris, IDF",2021.0,0,2,2,1,5,2,0,similar,underpriced,older-profile,borderline,acceptable,case_study_sample,850,0.6470588235294118,0,0,0
510,iPhone 15 pro max 256 GB,550,DETECTED,iPhone 15 pro max titanium bleu 256 GB disponible à vendre en très bon état sans fissure ni rayures.,"Grenoble, ARA",2024.0,0,2,3,3,8,2,1,similar,suspiciously-low,new-profile,marked,unfavorable,case_study_sample,1200,0.4583333333333333,0,0,0
511,iPhone 15 pro max emballer neuf,550,DETECTED,Téléphone neuf aucun problème jamais ouvert,"Vigneux-sur-Seine, IDF",2024.0,0,2,3,3,8,2,1,similar,suspiciously-low,new-profile,marked,unfavorable,case_study_sample,1200,0.4583333333333333,0,0,0
512,IPhone 15 pro max,550,DETECTED,"Bonjour à tous, je vends un iPhone 15 Pro Max. C'est un véritable téléphone sans rayures ni marques. Capacité de la batterie à 100% et livré avec une boîte. Il est débloqué sur tous les réseaux et fonctionne parfaitement. Prêt à négocier la livraison à une distance raisonnable. Le prix est négociable.",Nom de lappareil,2023.0,0,2,3,2,7,2,1,similar,suspiciously-low,intermediate-or-missing,marked,unfavorable,case_study_sample,1200,0.4583333333333333,0,0,0
513,IPhone 14 plus 128gb,550,DETECTED,Je mets en vente mon iPhone 14 plus 128gb.  Le téléphone n'a aucun problème.  crit moi via Snap Laurencelorie,"Pézenas, OCC",2024.0,0,2,2,3,7,2,1,similar,underpriced,new-profile,marked,unfavorable,case_study_sample,850,0.6470588235294118,0,0,0
514,iPhone 14 blanc 128 go,550,DETECTED,iPhone 14 couleurs blanc 128 go  Aucune rayure  Fonctionne parfaitement  Prix à débattre dans la limite du raisonnable,Marque,2018.0,0,2,2,1,5,2,0,similar,underpriced,older-profile,borderline,acceptable,case_study_sample,850,0.6470588235294118,0,0,0
515,iPhone 14 plus,550,DETECTED,Téléphone à vendre  Pas sérieux sabstenir  Me contacter pour plus dinformations,"Paris, IDF",2024.0,0,1,2,3,6,2,1,unique,underpriced,new-profile,marked,unfavorable,case_study_sample,850,0.6470588235294118,0,0,0
516,iPhone 14 Pro,550,DETECTED,"Je vends mon iPhone 14 Pro  de couleur noir il a un stockage de 256g. Il est tout neuf sous blister (scellé ) dans sa boîte avec tous ses accessoires d'origine, y compris le chargeur. Il est vendu avec facture. Je le vends au prix de 550, négociable dans la limite du raisonnable. Si vous êtes intéressé, n'hésitez pas à me contacter pour plus d'informations.","Villeurbanne, ARA",2024.0,0,2,2,3,7,2,1,similar,underpriced,new-profile,marked,unfavorable,case_study_sample,850,0.6470588235294118,0,0,0
517,"iPhone 14 Plus en parfait état, prix imbattable",550,DETECTED,"Bonjour , je vend un iPhone 14 plus couleur noir , vendu avec accessoires et facture .  A venir récupérer sur Paris","Paris, IDF",2024.0,0,2,2,3,7,2,1,similar,underpriced,new-profile,marked,unfavorable,case_study_sample,850,0.6470588235294118,0,0,0
518,iPhone 14 plus garantie + facture,550,DETECTED,"Vendu avec accessoires (coque, verre de protection, chargeur boîte) garantie et la facture si vous êtes intéressé vous pouvez me contacter.","Argenteuil, IDF",2024.0,0,2,2,3,7,2,1,similar,underpriced,new-profile,marked,unfavorable,case_study_sample,850,0.6470588235294118,0,0,0
519,iPhone 14 plus violet à vendre,550,DETECTED,iPhone 14 plus violet à vendre à partir de 550 avec accessoires offerts et garantie,"Aulnay-sous-Bois, IDF",2024.0,0,2,2,3,7,2,1,similar,underpriced,new-profile,marked,unfavorable,case_study_sample,850,0.6470588235294118,0,0,0
520,iPhone 13 Pro très bon etat,550,DETECTED,iPhone 13 Pro 128go très bon état Je le vends avec facture garantie et accessoires neu,"Saint-Denis, IDF",2024.0,0,2,2,3,7,2,1,similar,underpriced,new-profile,marked,unfavorable,case_study_sample,750,0.7333333333333333,0,0,0
521,iPhone 14,550,DETECTED, vendre iPhone 14 128 giga débloquer tout opérateur état comme neuf batterie 100 % vendu avec facture garantie deux ans,"Oletta, COR",2008.0,0,2,2,1,5,2,0,similar,underpriced,older-profile,borderline,acceptable,case_study_sample,850,0.6470588235294118,0,0,0
522,iPhone 14 Plus,550,NEGATIVE," vendre avec boîte et accessoires, plus dinformations en mp. Pas denvoi","Bordeaux, NAQ",2023.0,0,2,2,2,0,3,0,similar,underpriced,intermediate-or-missing,legitimate,acceptable,case_study_sample,850,0.6470588235294118,1,0,1
523,IPhone 13 Pro,550,DETECTED,"IPhone 13 Pro Excellent état Couleur : graphite Capacité : 256GB tat de santé de la batterie : 79% Fourni avec la coque et tous les accessoires dorigine Acheté le 21/10/2021  Les trois objectifs de lappareil photo sont en parfait état, limpact quon peut voir sur les photos se trouve sur la protection de lobjectif.","Rochefort, NAQ",2008.0,0,2,2,1,5,2,0,similar,underpriced,older-profile,borderline,acceptable,case_study_sample,750,0.7333333333333333,0,0,0
524,iPhone 14 Plus (LILLE),550,NEGATIVE,"A vendre avec boîte et accessoires, plus dinformations en mp. Pas denvoi","Lille, HDF",2023.0,0,2,2,2,0,3,0,similar,underpriced,intermediate-or-missing,legitimate,acceptable,case_study_sample,850,0.6470588235294118,1,0,1
525,Iphone 13 128GO,550,DETECTED,Iphone 13 - 128Go Acheté en 2022 Fourni avec chargeur lightening  Prend en charge la 5G Batterie d'origine 90% Etat impeccable  Vendu avec verre trempé  Secteur Sarrebourg/Phalsbourg  Contact UNIQUEMENT par SMS au hidden information,"Phalsbourg, GES",2011.0,0,2,2,1,5,2,0,similar,underpriced,older-profile,borderline,acceptable,case_study_sample,750,0.7333333333333333,0,0,0
526,iPhone 15. Neuf,550,DETECTED,"Bonjour, urgent, vends iPhone 15 noir neuf, même pas deux semaines avec boîte, facture coque, etc. pas de choc pas de rayures batterie 100 % débloquer tout opérateur et iCloud à retirer sur place. Prix 550  à débattre pas sérieux sobtenir. Merci ","Cognac, NAQ",2022.0,0,2,3,1,6,2,1,similar,suspiciously-low,older-profile,marked,unfavorable,case_study_sample,1200,0.4583333333333333,0,0,0
527,Iphone 14 Plus comme neuf,550,DETECTED,"Bonjour ,  je vends cet iPhone 14 plus en excellent état   Batterie DORIGINE à 87% de capacité  Cest un 128 go  Tout fonctionne parfaitement, sera testé avant la vente   Lécran est neuf , viens dêtre changé ( messages dans les paramètres)  Vendu avec sa boîte dorigine et câble de charge encore neuf   Le téléphone est impeccable, je ne le brade pas . Pas déchange","Saint-Amand-les-Eaux, HDF",2016.0,0,2,2,1,5,2,0,similar,underpriced,older-profile,borderline,acceptable,case_study_sample,850,0.6470588235294118,0,0,0
528,iPhone 13,550,DETECTED,Bonjour je vends iPhone 13 128go même pas 1 an toujours protégé par un verre trempé et une coque pas envoyé,"Hirson, HDF",2021.0,0,2,2,1,5,2,0,similar,underpriced,older-profile,borderline,acceptable,case_study_sample,750,0.7333333333333333,0,0,0
529,iPhone 13 Pro - 128GB,550,DETECTED,iPhone 13 Pro - 128GB - Blanc Très bon état  Batterie 88% Vendu avec son câble  Prix ferme  Remise en main propre sur Nice,"Nice, PAC",2014.0,0,2,2,1,5,2,0,similar,underpriced,older-profile,borderline,acceptable,case_study_sample,750,0.7333333333333333,0,0,0
530,iPhone 14 Plus,550,NEGATIVE,"A vendre avec boîte et accessoires, plus dinformations en mp. Pas denvoi","Marseille, PAC",2023.0,0,2,2,2,0,3,0,similar,underpriced,intermediate-or-missing,legitimate,acceptable,case_study_sample,850,0.6470588235294118,1,0,1
531,iPhone 14 Plus,550,DETECTED,"iPhone 14 Plus,vendu avec facture, garanti et accessoires neufs compris. PRIX NGOCIABLE ","Paris, IDF",2023.0,0,2,2,2,6,2,1,similar,underpriced,intermediate-or-missing,marked,unfavorable,case_study_sample,850,0.6470588235294118,0,0,0
532,Iphone 14 128go lumière stellaire,550,DETECTED,Bonjour je vend iphone 14 lumière stellaire  126go neuf,Est déverrouillé (O/N),2010.0,0,2,2,1,5,2,0,similar,underpriced,older-profile,borderline,acceptable,case_study_sample,850,0.6470588235294118,0,0,0
533,iPhone 13 Pro,550,DETECTED,iPhone 13 avec facture boîte chargeur,"pinay-sur-Seine, IDF",2011.0,0,2,2,1,5,2,0,similar,underpriced,older-profile,borderline,acceptable,case_study_sample,750,0.7333333333333333,0,0,0
534,iPhone 14,550,DETECTED,"IPhone 14 rouge, très bon état 128 giga batterie à 90 %","Saint-Germain-de-Lusignan, NAQ",2019.0,0,2,2,1,5,2,0,similar,underpriced,older-profile,borderline,acceptable,case_study_sample,850,0.6470588235294118,0,0,0
535,iphone 14 pro 256giga,550,DETECTED,iphone 14 pro violet  vendu avec boîte  chargeur origine  écran fissuré,"Hayange, GES",2022.0,0,2,2,1,5,2,0,similar,underpriced,older-profile,borderline,acceptable,case_study_sample,850,0.6470588235294118,0,0,0
536,iPhone 15 pro Max,550,DETECTED,Je vend mon iPhone 13 Pro Max très bonne état juste car je veut liPhone 15 pro Max,"Gruissan, OCC",2014.0,0,2,3,1,6,2,1,similar,suspiciously-low,older-profile,marked,unfavorable,case_study_sample,1200,0.4583333333333333,0,0,0
537,iPhone 13 pro comme neuf,550,DETECTED,iPhone 13 pro en très bon état. Vendu avec facture  garantie 6 mois et accessoires neuf PAS DENVOI  Nhésitez pas me contactez pour plus dinformations sois par message privé sois par numéro hidden information,"Saint-Denis, IDF",2023.0,0,2,2,2,6,2,1,similar,underpriced,intermediate-or-missing,marked,unfavorable,case_study_sample,750,0.7333333333333333,0,0,0
538,Iphone 13 Pro Max 128 Go,550,DETECTED,"Iphone 13 Pro Max 128Go capacité de la batterie 100% couleur bleu fonctionne très bien pas de rayures, il est conservé comme neuf",Couleur,2023.0,0,2,2,2,6,2,1,similar,underpriced,intermediate-or-missing,marked,unfavorable,case_study_sample,750,0.7333333333333333,0,0,0
539,iPhone 14 128GIGA,550,DETECTED,"Vend iPhone 14 128GIGA NOIR  Fonctionne parfaitement   Vendu avec boîte, chargeur dorigine, coque  Cause de vente achat de liPhone 15  Prix: 550","Valenciennes, HDF",2021.0,0,2,2,1,5,2,0,similar,underpriced,older-profile,borderline,acceptable,case_study_sample,850,0.6470588235294118,0,0,0
540,iPhone 14,550,DETECTED,Très bon état !!!!!! 128Go,"Douai, HDF",2021.0,0,2,2,1,5,2,0,similar,underpriced,older-profile,borderline,acceptable,case_study_sample,850,0.6470588235294118,0,0,0
541,iPhone 14 Pro Max - 128 Go,550,DETECTED,Bonjour  Je vend mon iPhone 100% original en excellent état de marche pour ceux qui sont intéressé passez en privé je vous répond,"Montreuil, IDF",2024.0,0,2,2,3,7,2,1,similar,underpriced,new-profile,marked,unfavorable,case_study_sample,850,0.6470588235294118,0,0,0
542,iPhone 14,550,DETECTED,"iPhone 14 128GO Bleu  Excellent état IOS 17.5.1 à jour  Peu utilisé, toujours protégé par accessoires.  Disponible début Novembre 2024","Aigre, NAQ",2022.0,0,1,2,1,4,2,0,unique,underpriced,older-profile,borderline,acceptable,case_study_sample,850,0.6470588235294118,0,0,0
543,iPhone 13 128giga,550,DETECTED,Vends iPhone 13 128 giga pour cause de besoin dargent,"Régades, OCC",2019.0,0,2,2,1,5,2,0,similar,underpriced,older-profile,borderline,acceptable,case_study_sample,750,0.7333333333333333,0,0,0
544,iPhone 15 Pro Max,550,DETECTED,"Jai pas mon iPhone, parce que jai trouvé un autre. Très bon état toute avec un Boite ","Villiers-sur-Marne, IDF",2017.0,0,2,3,1,6,2,1,similar,suspiciously-low,older-profile,marked,unfavorable,case_study_sample,1200,0.4583333333333333,0,0,0
545,iPhone 13 Pro Max,550,DETECTED,"Bonjour vend iPhone 13 Pro Max bonne état fonctionne très bien , juste casser à larrière comme on peut le voir sur la photo , état de batterie 85% 550 à débattre","Luceau, PDL",2023.0,0,2,2,2,6,2,1,similar,underpriced,intermediate-or-missing,marked,unfavorable,case_study_sample,750,0.7333333333333333,0,0,0
546,iPhone 15 pro Max,550,DETECTED,Je vend mon iPhone 13 Pro Max très bonne état juste car je veut liPhone 15 pro Max,"Gruissan, OCC",2014.0,0,2,3,1,6,2,1,similar,suspiciously-low,older-profile,marked,unfavorable,case_study_sample,1200,0.4583333333333333,0,0,0
547,IPhone 13 Pro 256Go Or sous garantie 2 ans,550,DETECTED,"Téléphone avec le coin supérieur gauche abimé (pas de problème avec le tactile) Garantie reconditionné 2 ans (jusqu'à juin 2026) 256Go - parfait état de fonctionnement - Batterie 85% Vendu avec la boite, un cable neuf et un écran de protection. Je change pour un modèle plus récent.  Compte tenu de la garantie 2 ans, le prix est ferme","Aix-en-Provence, PAC",2008.0,0,2,2,1,5,2,0,similar,underpriced,older-profile,borderline,acceptable,case_study_sample,750,0.7333333333333333,0,0,0
548,iPhone 14,550,DETECTED,iPhone 14 128g très bon état tat de batterie 98%,"Cernay, GES",2021.0,0,2,2,1,5,2,0,similar,underpriced,older-profile,borderline,acceptable,case_study_sample,850,0.6470588235294118,0,0,0
549,iPhone 13,550,DETECTED,iPhone 13 en 128 GO tt b état .garantie jusquau 31/03/2025,"Elbeuf, NOR",,1,1,2,2,5,2,0,unique,underpriced,intermediate-or-missing,borderline,acceptable,case_study_sample,750,0.7333333333333333,0,0,0
550,Iphone 13,550,DETECTED,"Iphone 13 simple 128 gigas en très bon état, pas denvoi remise en main propre merci","Nice, PAC",2022.0,0,2,2,1,5,2,0,similar,underpriced,older-profile,borderline,acceptable,case_study_sample,750,0.7333333333333333,0,0,0
551,iPhone 14 128GB,550,DETECTED,Marche nickel état de la batterie 88%,"Perpignan, OCC",2013.0,0,2,2,1,5,2,0,similar,underpriced,older-profile,borderline,acceptable,case_study_sample,850,0.6470588235294118,0,0,0
552,iPhone 14 plus,550,DETECTED,iPhone 14 plus 128 go,"Orléans, CVL",2008.0,0,2,2,1,5,2,0,similar,underpriced,older-profile,borderline,acceptable,case_study_sample,850,0.6470588235294118,0,0,0
553,iPhone 13 neuf avec facture,550,DETECTED,Bonjour oui place douard Bouillière centre commercial casino toulouse ouvert de 10h à 19h merci INFOPHONE - hidden information,"Toulouse, OCC",2015.0,0,1,2,1,4,2,0,unique,underpriced,older-profile,borderline,acceptable,case_study_sample,750,0.7333333333333333,0,0,0
554,iPhone 14,550,DETECTED,"iPhone 14 bleu en très bonne état, quelques rayure superficiel , tout est origine . Utilisation dun an toujours protéger . tat de la batterie 85% à retirer en main propre","Rodez, OCC",2018.0,0,2,2,1,5,2,0,similar,underpriced,older-profile,borderline,acceptable,case_study_sample,850,0.6470588235294118,0,0,0
555,iPhone 15,550,DETECTED,iPhone 15  Batterie : 96% Comme neuf  Boîte inclus,"Paris, IDF",2018.0,0,2,3,1,6,2,1,similar,suspiciously-low,older-profile,marked,unfavorable,case_study_sample,1200,0.4583333333333333,0,0,0
556,iPhone 13 Pro 256G Graphite,550,DETECTED," vendre iPhone 13 Pro 256G Graphite état impeccable, coque + verre trempé. Avec boîte.","Lille, HDF",2008.0,0,2,2,1,5,2,0,similar,underpriced,older-profile,borderline,acceptable,case_study_sample,750,0.7333333333333333,0,0,0
557,iPhone 14,550,DETECTED,Vend iPhone 14  128go  Couleur rouge  En très bon état  Avec chargeur et facture  Pas de denvoi à récupérer en main propre.  Personne non sérieuse sabstenir.,"Bourges, CVL",2012.0,0,2,2,1,5,2,0,similar,underpriced,older-profile,borderline,acceptable,case_study_sample,850,0.6470588235294118,0,0,0
558,iPhone 14 Plus (MARSEILLE),550,NEGATIVE,"A vendre avec boîte et accessoires, plus dinformations en mp.  Pas denvoi","Marseille, PAC",2023.0,0,2,2,2,0,3,0,similar,underpriced,intermediate-or-missing,legitimate,acceptable,case_study_sample,850,0.6470588235294118,1,0,1
559,Iphone 14 Plus,550,DETECTED,"Bonjour, iPhone 14 Plus....128 go Vendu avec accessoires et factures  A venir chercher sur Lille Pas d'envoi  Merci de me contacter pour plus d'informations en privé","Lille, HDF",2024.0,0,2,2,3,7,2,1,similar,underpriced,new-profile,marked,unfavorable,case_study_sample,850,0.6470588235294118,0,0,0
560,iPhone 14 Plus,550,NEGATIVE,"A vendre avec boîte et accessoires, plus dinformations en mp. Pas denvoi","Lille, HDF",2023.0,0,2,2,2,0,3,0,similar,underpriced,intermediate-or-missing,legitimate,acceptable,case_study_sample,850,0.6470588235294118,1,0,1
561,iPhone 13 256go,550,DETECTED,Vend iPhone 13 256go  En très bon état  550 eur,"Toulon, PAC",2008.0,0,2,2,1,5,2,0,similar,underpriced,older-profile,borderline,acceptable,case_study_sample,750,0.7333333333333333,0,0,0
562,Iphone 14 Plus,550,DETECTED,"Bonjour, iPhone 14 Plus....128 go Vendu avec accessoires et factures  A venir chercher sur Lille Pas d'envoi  Merci de me contacter pour plus d'informations en privé","Lille, HDF",2024.0,0,2,2,3,7,2,1,similar,underpriced,new-profile,marked,unfavorable,case_study_sample,850,0.6470588235294118,0,0,0
563,iPhone 14 / 128 Go,550,NEGATIVE,Description : Le produit est d'origine en excellent état de fonctionnement il est vendu avec une garantie et ses accessoires,"Paris, IDF",2012.0,0,3,2,1,0,3,0,duplicated,underpriced,older-profile,legitimate,acceptable,case_study_sample,850,0.6470588235294118,1,0,1
564,Vend iPhone 14 ( mauve pastel ) 128 go . Acheter il y a 1 an et demi . Prix négociable,550,DETECTED,128go mauve pastel très bon état . Acheter il y a 1 an et demi .,"Forcalquier, PAC",2009.0,0,2,2,1,5,2,0,similar,underpriced,older-profile,borderline,acceptable,case_study_sample,850,0.6470588235294118,0,0,0
565,iPhone 13 Pro Max,550,DETECTED,"Bonjour,  Je vend mon iPhone bleu alpine (voir photo)  256 giga.  Très bonne état ( mini fissure au niveau de la caméras arrière ) mais rien de gênant même en fessant des photos ou autre. La batterie est à 87%.  Pas denvoie ! Pas de paypal !   venir chercher sur place en espèce merci","Mont-Saint-Martin, GES",2010.0,0,2,2,1,5,2,0,similar,underpriced,older-profile,borderline,acceptable,case_study_sample,750,0.7333333333333333,0,0,0
566,iPhone 13,550,DETECTED,iPhone 13 très bonne état,"Talange, GES",2008.0,0,2,2,1,5,2,0,similar,underpriced,older-profile,borderline,acceptable,case_study_sample,750,0.7333333333333333,0,0,0
567,iPhone 14 Bleu nuit,550,DETECTED,"Bonjour, je vends mon iPhone 14 couleur bleu nuit car je souhaite changer de téléphone et me procurer liPhone 15. le téléphone est en très bon état. Tout marche nickel. Le téléphone tient la journée. Lappareil photo marche très bien que ce soit en 1 ou 0,5. Létat de la batterie est à 89% dans quelle nest pas à changer. Et il fonctionne avec tout opérateur, il est vraiment en très bon état et marche parfaitement. Si vous souhaitez plus de photos, informez-moi, Et le prix est négociable. Je suis disponible sur Reims aux alentours.",Couleur,2021.0,0,2,2,1,5,2,0,similar,underpriced,older-profile,borderline,acceptable,case_study_sample,850,0.6470588235294118,0,0,0
568,IPhone 14 bleu nuit,550,DETECTED,"Bonjour, je vends mon iPhone 14 couleur bleu nuit car je souhaite changer de téléphone et me procurer liPhone 15. le téléphone est en très bon état. Tout marche nickel. Le téléphone tient la journée. Lappareil photo marche très bien que ce soit en 1 ou 0,5. Létat de la batterie est à 87% dans quelle nest pas à changer. Et il fonctionne avec tout opérateur, il est vraiment en très bon état et marche parfaitement. Si vous souhaitez plus de photos, informez-moi, Et le prix est négociable. Je suis disponible sur Reims aux alentours.","Reims, GES",2021.0,0,2,2,1,5,2,0,similar,underpriced,older-profile,borderline,acceptable,case_study_sample,850,0.6470588235294118,0,0,0
569,Iphone 14 vend ou echange,540,DETECTED,Vend ou échange iphone 14 en excellent état . change possible contre autre smartphone haut de gamme,"Hyères, PAC",2012.0,0,2,2,1,5,2,0,similar,underpriced,older-profile,borderline,acceptable,case_study_sample,850,0.6352941176470588,0,0,0
570,iPhone 13,540,DETECTED,"Très bon état, toujours protégé par coque Spigen ( que je laisse avec) et verre trempé. Parfait état de fonctionnement. Avec boîte dorigine et câble de charge. 128go  Remise en main propre uniquement.",Marque,2009.0,0,2,2,1,5,2,0,similar,underpriced,older-profile,borderline,acceptable,case_study_sample,750,0.72,0,0,0
571,Apple iPhone 14 Pro - Noir sidéral - 256 Go - Batterie à 100 %,540,DETECTED,"iPhone 14 Pro Apple tout neuf en parfait état avec emballage dorigine.   Détails:  Modèle: iPhone 14 Pro  Couleur: Space Black  Stockage: 256 Go  tat de la batterie: 100%  Extras: Protection décran de confidentialité gratuite (CHF 49) et coque MagSafe originale Apple (CHF 50)  tat: Jamais utilisé, toutes pièces dorigine, aucune réparation  Prix Neuf: CHF 1,200   Remarque: Pas de garantie et pas de reçu dachat. Pas sur liste noire. IMEI et numéro de série disponibles sur demande pour vérification. Pour questions, photos supplémentaires ou preuve dauthenticité, laissez un message.",Nom de lappareil,2024.0,0,1,2,3,6,2,1,unique,underpriced,new-profile,marked,unfavorable,case_study_sample,850,0.6352941176470588,0,0,0
572,iPhone 14 noir,540,DETECTED,iPhone 14 128go avec facture garantie et accessoires neuf  Je ne fais pas denvoi  ni de livraison   Le téléphone est en très bon état  Contactez moi directement en privé ou sur mon numéro hidden information,"Aulnay-sous-Bois, IDF",2024.0,0,2,2,3,7,2,1,similar,underpriced,new-profile,marked,unfavorable,case_study_sample,850,0.6352941176470588,0,0,0
573,iPhone 13 Pro Max avec Bluetooth 5,540,DETECTED,Pour plus dinformation contactez moi en privé,"Paris, IDF",2017.0,0,3,2,1,6,2,1,duplicated,underpriced,older-profile,marked,unfavorable,case_study_sample,750,0.72,0,0,0
574,IPhone 14 128go avec facture et garantie,540,DETECTED,"Je vends mon iPhone 14 noir, en parfait état. Encore sous garantie pendant 6 mois. Vendu avec la facture et tous les accessoires d'origine, neufs et non utilisés.","Paris, IDF",2022.0,0,2,2,1,5,2,0,similar,underpriced,older-profile,borderline,acceptable,case_study_sample,850,0.6352941176470588,0,0,0
575,iPhone 13 Pro,539,DETECTED,"Bonjour, je vend ce téléphone 128gb avec tout les accessoires en plusieurs coloris, états disponibles. Contactez moi pour plus de renseignements.","Marseille, PAC",2023.0,0,2,2,2,6,2,1,similar,underpriced,intermediate-or-missing,marked,unfavorable,case_study_sample,750,0.7186666666666667,0,0,0
576,Iphone 14 128Go Bleu + 2 coques,530,DETECTED,Iphone 14 - 128 Go Bleu Vendu avec 2 coques + câble + boite Parfait état.   Pas de transporteur ni d'envoi !,"Watermaal-Bosvoorde, BRU",,1,2,2,2,6,2,1,similar,underpriced,intermediate-or-missing,marked,unfavorable,case_study_sample,850,0.6235294117647059,0,0,0
577,IPHONE 13 PRO MAX .. EXCELLENT TAT .. JE SUIS PROPRITAIRE DU TLPHONE .. disponible immédiatement,530,DETECTED,IPHONE 13 PRO MAX .. EXCELLENT TAT .. JE SUIS PROPRITAIRE DU TLPHONE .. disponible immédiatement,"Bondy, IDF",2019.0,0,2,2,1,5,2,0,similar,underpriced,older-profile,borderline,acceptable,case_study_sample,750,0.7066666666666667,0,0,0
578,IPHONE 13 PRO MAX .. EXCELLENT TAT .. JE SUIS PROPRITAIRE DU TLPHONE .. disponible immédiatement,530,DETECTED,IPHONE 13 PRO MAX .. EXCELLENT TAT .. JE SUIS PROPRITAIRE DU TLPHONE .. disponible immédiatement,"Bondy, IDF",2019.0,0,2,2,1,5,2,0,similar,underpriced,older-profile,borderline,acceptable,case_study_sample,750,0.7066666666666667,0,0,0
579,IPHONE 13 PRO MAX .. EXCELLENT TAT .. JE SUIS PROPRITAIRE DU TLPHONE .. disponible immédiatement,530,DETECTED,IPHONE 13 PRO MAX .. EXCELLENT TAT .. JE SUIS PROPRITAIRE DU TLPHONE .. disponible immédiatement,"Drancy, IDF",2011.0,0,2,2,1,5,2,0,similar,underpriced,older-profile,borderline,acceptable,case_study_sample,750,0.7066666666666667,0,0,0
580,iPhone 13 Pro Max,530,NEGATIVE,Le produit est d'origine en excellent état de fonctionnement il est vendu avec une garantie et ses accessoires,"Paris, IDF",2024.0,0,2,2,3,0,3,0,similar,underpriced,new-profile,legitimate,acceptable,case_study_sample,750,0.7066666666666667,1,0,1
581,iPhone 13 Pro Max 256 Go,530,NEGATIVE,Le produit est d'origine en excellent état de fonctionnement il est vendu avec une garantie et ses accessoires,"Paris, IDF",2024.0,0,2,2,3,0,3,0,similar,underpriced,new-profile,legitimate,acceptable,case_study_sample,750,0.7066666666666667,1,0,1
582,iPhone 13 Pro Max 256 Go,530,NEGATIVE,Le produit est d'origine en excellent état de fonctionnement il est vendu avec une garantie et ses accessoires,"Paris, IDF",2024.0,0,2,2,3,0,3,0,similar,underpriced,new-profile,legitimate,acceptable,case_study_sample,750,0.7066666666666667,1,0,1
583,Iphone 14 128Go,530,NEGATIVE,Le produit est d'origine en excellent état de fonctionnement il est vendu avec une garantie et ses accessoires.,"Chevilly, CVL",2024.0,0,2,2,3,0,3,0,similar,underpriced,new-profile,legitimate,acceptable,case_study_sample,850,0.6235294117647059,1,0,1
584,iphone 14,530,DETECTED,vends iphone 14 87 % de batterie bon état pas de rayure sur la vitre camera qui marche tout fonctionne tres bien,"Marseille, PAC",2016.0,0,2,2,1,5,2,0,similar,underpriced,older-profile,borderline,acceptable,case_study_sample,850,0.6235294117647059,0,0,0
585,IPhone 14 pro Max 256 go,530,DETECTED,iPhone 14 pro Max 256 go neuf avec facture,"Castres, OCC",2024.0,0,2,2,3,7,2,1,similar,underpriced,new-profile,marked,unfavorable,case_study_sample,850,0.6235294117647059,0,0,0
586,IPhone 14 pro Max 256 / Facture / complet,530,DETECTED,iPhone 14 pro Max 256 gb tat neuf Protection écran en verre depuis le début et coque Complet avec boîte et câble de charge Facture 128 / 512 / 1to Pas déchange,"Amiens, HDF",2024.0,0,2,2,3,7,2,1,similar,underpriced,new-profile,marked,unfavorable,case_study_sample,850,0.6235294117647059,0,0,0
587,iPhone 14 plus,530,DETECTED,iPhone 14 plus comme neuf très propre jusquà 5 mois dutilisation vends pour besoin dargent,"Grenoble, ARA",2018.0,0,2,2,1,5,2,0,similar,underpriced,older-profile,borderline,acceptable,case_study_sample,850,0.6235294117647059,0,0,0
588,IPhone 14 pro Max facture à lappui,530,DETECTED,Bonjour je vend mon iPhone 14 pro Max car jai acheter le 15 . Le téléphone a été acheté en magasin  avec facture . Très bon état .,"Montreuil, IDF",2024.0,0,2,2,3,7,2,1,similar,underpriced,new-profile,marked,unfavorable,case_study_sample,850,0.6235294117647059,0,0,0
589,iPhone 14 Rouge,530,DETECTED,iPhone 14 rouge 86% batterie ça se change pour 10,"Douai, HDF",2014.0,0,2,2,1,5,2,0,similar,underpriced,older-profile,borderline,acceptable,case_study_sample,850,0.6235294117647059,0,0,0
590,iPhone 13 rose très peu servi état de batterie 100-/-,530,DETECTED,Prix négociable dans la limite,"Nîmes, OCC",2017.0,0,2,2,1,5,2,0,similar,underpriced,older-profile,borderline,acceptable,case_study_sample,750,0.7066666666666667,0,0,0
591,IPhone 14 pro max 256G -GARANTIE + facture,530,DETECTED,"Bonjour, je vends cet iPhone 14 Pro Max 128G , en très bonne état FACTURE et GARANTIE à l'appuie + accessoires et chargeur. Que en main propre pas denvoi.","Toulouse, OCC",2024.0,0,2,2,3,7,2,1,similar,underpriced,new-profile,marked,unfavorable,case_study_sample,850,0.6235294117647059,0,0,0
592,Smartphone Apple iPhone 14 bleu 128go,530,DETECTED,Apple iPhone 14 bleu  128 go  Très très bon état et létat de la batterie à 89% Vendu avec boîte chargeur et facture  Garantie jusquà aot 2025,Couleur de la bande,2008.0,0,2,2,1,5,2,0,similar,underpriced,older-profile,borderline,acceptable,case_study_sample,850,0.6235294117647059,0,0,0
593,Iphone 13,530,DETECTED,iPhone 13 neuf avec facture boite et chargeur rapide apple. Batterie 100%. Le téléphone a servi 2 mois Prix légèrement négociable. (Ps: la fissure en haut de lécran cest la vitre de protection),"Nîmes, OCC",2020.0,0,2,2,1,5,2,0,similar,underpriced,older-profile,borderline,acceptable,case_study_sample,750,0.7066666666666667,0,0,0
594,iPhone 13 Pro 128 GO,530,DETECTED,Remis en main propre,"Porto-Vecchio, COR",2009.0,0,2,2,1,5,2,0,similar,underpriced,older-profile,borderline,acceptable,case_study_sample,750,0.7066666666666667,0,0,0
595,IPhone 13 Pro Max 128Go,530,NEGATIVE,Le produit est d'origine en excellent état de fonctionnement il est vendu avec une garantie et ses accessoires,"Paris, IDF",2024.0,0,2,2,3,0,3,0,similar,underpriced,new-profile,legitimate,acceptable,case_study_sample,750,0.7066666666666667,1,0,1
596,iPhone 13 Pro Max 256gb,530,DETECTED,Je met en vente mon iPhone 13 Pro Max 256gb couleur bleu en très bonne état !  La batterie est de 87% tient encore très bien la journée. Je le vend 530 ferme je répondrais pas aux négociations ou jéchange contre autres iPhone+ rajout de votre part. Pas denvois uniquement en main propre sur Roubaix.,"Roubaix, HDF",2023.0,0,2,2,2,6,2,1,similar,underpriced,intermediate-or-missing,marked,unfavorable,case_study_sample,750,0.7066666666666667,0,0,0
597,iPhone 14 pro 128 GB Gris sidéral,525,DETECTED,"Bonjour ,   Je vend mon iPhone 14 pro Gris sidéral , en bon état . Quelque griffe , fourni avec coque de protection  tat de la batterie 83% .  Je nai plus la boîte je le précise .   venir chercher sur cogolin","Cogolin, PAC",2009.0,0,2,2,1,5,2,0,similar,underpriced,older-profile,borderline,acceptable,case_study_sample,850,0.6176470588235294,0,0,0
598,iPhone 14,520,DETECTED,"iPhone 14 mauve 128go il a tout juste 1 ans acheter en aot 2023, il na aucune rayure il a toujours été protégé fournis avec boîte et chargeur dorigine jamais utilisé facture à lappuie également","Lorient, BRE",,1,2,2,2,6,2,1,similar,underpriced,intermediate-or-missing,marked,unfavorable,case_study_sample,850,0.611764705882353,0,0,0
599,iPhone 13 Pro Max,520,DETECTED,"Bonjour je vend mon iPhone 13 Pro Max en très bonne état la batterie vien dêtre changer donc neuve cest un 128guga débloquer tout opérateur je le vend 520 ou échange contre autre iPhone avec rajout de votre part étudie toute proposition  Aucun envoi , remise en main propre uniquement","Wattrelos, HDF",2010.0,0,2,2,1,5,2,0,similar,underpriced,older-profile,borderline,acceptable,case_study_sample,750,0.6933333333333334,0,0,0
600,Iphone 13 mini 128 gb,520,DETECTED,Iphone 13 mini en bon état à partir de 520  avec facture et garantie ansi que tout les accès qui vont avec je vous invite à me contacter si vous êtes intéressé.,"Paris, IDF",2024.0,0,2,2,3,7,2,1,similar,underpriced,new-profile,marked,unfavorable,case_study_sample,750,0.6933333333333334,0,0,0
601,iPhone 14 Pro - 128 Go,520,DETECTED,Bonjour  Je vend mon iPhone 100% original en excellent état de marche pour ceux qui sont intéressé passez en privé je vous répond,"Aubervilliers, IDF",2024.0,0,2,2,3,7,2,1,similar,underpriced,new-profile,marked,unfavorable,case_study_sample,850,0.611764705882353,0,0,0
602,iPhone 14 Plus 128 Giga Neuf ou ech,520,DETECTED,Vend ou échange iPhone 14 plus 128 Go minuit totalement neuf,Est déverrouillé (O/N),2022.0,0,2,2,1,5,2,0,similar,underpriced,older-profile,borderline,acceptable,case_study_sample,850,0.611764705882353,0,0,0
603,iPhone 14 minuit,520,DETECTED,Bonjour je vend mon iPhone 14 minuit si vous êtes intéresser veuillez me contacter,"Lyon, ARA",2021.0,0,2,2,1,5,2,0,similar,underpriced,older-profile,borderline,acceptable,case_study_sample,850,0.611764705882353,0,0,0
604,iPhone 13 Pro,520,DETECTED,"Toujours protégée par un verre trempée et une coque,  Téléphone intact   84% de batterie    venir récupérer sur place","Rochefort, NAQ",2016.0,0,1,2,1,4,2,0,unique,underpriced,older-profile,borderline,acceptable,case_study_sample,750,0.6933333333333334,0,0,0
605,iphone 13,520,DETECTED,Iphone 13 256 go en très bon état. fonctionne parfaitement. Blanc. Toujours sous vitres de protection.,Couleur,2009.0,0,2,2,1,5,2,0,similar,underpriced,older-profile,borderline,acceptable,case_study_sample,750,0.6933333333333334,0,0,0
606,iPhone 14,510,DETECTED,Excellent état de fonctionnement  Avec accessoires facture et garantie coque et vitre de protection  Premier arrivé premier servi,"Lyon, ARA",2009.0,0,2,2,1,5,2,0,similar,underpriced,older-profile,borderline,acceptable,case_study_sample,850,0.6,0,0,0
607,Iphone 14 pro max,510,DETECTED,Salut à tous.  Je suis revendeur Apple spécialisé dans la vente d'Iphones 14 pro max en état 10/10 à des prix défiant toute concurrence je suis joignable sur snap  Christophe1862,"Lille, HDF",2024.0,0,1,2,3,6,2,1,unique,underpriced,new-profile,marked,unfavorable,case_study_sample,850,0.6,0,0,0
608,iPhone 15,600,DETECTED,iPhone 15 à vendre,"Nanterre, IDF",,1,2,2,2,6,2,1,similar,underpriced,intermediate-or-missing,marked,unfavorable,case_study_sample,1200,0.5,0,0,0
609,iPhone 15,590,DETECTED,"Bonjour, je vends mon iPhone 15 état neuf encore sous garantie","Roye, HDF",,1,2,3,2,7,2,1,similar,suspiciously-low,intermediate-or-missing,marked,unfavorable,case_study_sample,1200,0.49166666666666664,0,0,0
610,iPhone 14,590,DETECTED,Bonjour je vend mon iPhone 14 128go achetée le 9 aot 2023 il fonctionne parfaitement il a donc 1 ans dutilisation je le vend car jai changé de téléphone je nen nai aucune utilité.,"Paris, IDF",,1,1,2,2,5,2,0,unique,underpriced,intermediate-or-missing,borderline,acceptable,case_study_sample,850,0.6941176470588235,0,0,0
611,iPhone 13 Pro 128 Gb,590,DETECTED,"iPhone 13 Pro 128 Gb Bleu Alpin   Vendu avec coque, vitre protection & câbles   Aucunes rayures téléphone comme neuf","Meyreuil, PAC",,1,2,2,2,6,2,1,similar,underpriced,intermediate-or-missing,marked,unfavorable,case_study_sample,750,0.7866666666666666,0,0,0
612,iPhone 15,590,DETECTED,"Bonjour, je vends mon iPhone 15 état neuf encore sous garantie","Roye, HDF",,1,2,3,2,7,2,1,similar,suspiciously-low,intermediate-or-missing,marked,unfavorable,case_study_sample,1200,0.49166666666666664,0,0,0
613,Iphone 14 64GB,580,DETECTED,Telephone en très bonne état En main propre seulement Inutile de négocier prix largement abordable,"Paris, IDF",,1,1,2,2,5,2,0,unique,underpriced,intermediate-or-missing,borderline,acceptable,case_study_sample,850,0.6823529411764706,0,0,0
614,Iphone 14 Rouge 128 Go,580,DETECTED,Vend iPhone 14 Rouge 128 Go.   toujours protégé avec coque et verre trempé  Câble + chargeur  tats comme neuf batterie 100%  Pour tout renseignement je suis à votre disposition  580  à débattre,"Fitz-James, HDF",,1,2,2,2,6,2,1,similar,underpriced,intermediate-or-missing,marked,unfavorable,case_study_sample,850,0.6823529411764706,0,0,0
615,iPhone 14 pro,580,DETECTED,"Très bonne état, débloquer tout opérateur","Nice, PAC",,1,1,2,2,5,2,0,unique,underpriced,intermediate-or-missing,borderline,acceptable,case_study_sample,850,0.6823529411764706,0,0,0
616,iPhone 13 Pro max,550,DETECTED,iPhone 13 Pro Max état impeccable verre tremper fourni + la boîte,"Arlon, WAL",,1,2,2,2,6,2,1,similar,underpriced,intermediate-or-missing,marked,unfavorable,case_study_sample,750,0.7333333333333333,0,0,0
617,Iphone 14 pro max,510,DETECTED,Salut à tous.  Je suis revendeur Apple spécialisé dans la vente d'Iphones 14 pro max en état 10/10 à des prix défiant toute concurrence je suis joignable sur snap  Christophe1862,"Roubaix, HDF",2024.0,0,3,2,3,8,2,1,duplicated,underpriced,new-profile,marked,unfavorable,case_study_sample,850,0.6,0,0,0
618,iPhone 13 rose 128 gigas,500,DETECTED,"Je vends IPhone 13 rose 128 gigas avec tous ses accessoires sauf les écouteurs.  Le téléphone est protégé par le verre trempé. Téléphone en très bon état, na aucune rayure. De plus il est débloqué. Le téléphone sera réinitialisé pour la vente.  Pour plus dinformations nhésitez pas à me contacter en message privé.  Paiement en espèces et remise en main propre.  Pas sérieux sabstenir.","Niort, NAQ",2010.0,0,2,2,1,5,2,0,similar,underpriced,older-profile,borderline,acceptable,case_study_sample,750,0.6666666666666666,0,0,0
619,iPhone 13,500,DETECTED,iPhone 13 neuf 128g encore sous garantie avec facture  Pas denvoi pas de je suis à létranger cest ma tante mon oncle ou mon neveu qui viens je sais pas quoi remise en main propre uniquement sur Istres,"Istres, PAC",2009.0,0,2,2,1,5,2,0,similar,underpriced,older-profile,borderline,acceptable,case_study_sample,750,0.6666666666666666,0,0,0
620,iphone 14 blanc,500,DETECTED,"iphone 14 , avec verre tremper neuf + boîte + chargeur. de chez Sfr il a 1 ans . pas denvoie inutile vos arnaque . des remise en mains propre .","Le Mans, PDL",2022.0,0,2,2,1,5,2,0,similar,underpriced,older-profile,borderline,acceptable,case_study_sample,850,0.5882352941176471,0,0,0
621,iPhone 13 pro max,500,DETECTED,iPhone 13 pro max sans avec les accessoires,"Lyon, ARA",2022.0,0,2,2,1,5,2,0,similar,underpriced,older-profile,borderline,acceptable,case_study_sample,750,0.6666666666666666,0,0,0
622,iPhone 15 pro max,500,DETECTED,iPhone 15 pro max neuf en parfaite état avec tout ces accessoires capacité 512GB batterie 100%,Marque,2024.0,0,2,3,3,8,2,1,similar,suspiciously-low,new-profile,marked,unfavorable,case_study_sample,1200,0.4166666666666667,0,0,0
623,iPhone 15 pro max,500,DETECTED,iPhone 15 pro max neuf en parfaite état avec tout ces accessoires capacité 512GB batterie 100%,Marque,2024.0,0,2,3,3,8,2,1,similar,suspiciously-low,new-profile,marked,unfavorable,case_study_sample,1200,0.4166666666666667,0,0,0
624,IPhone 13 Rose,500,DETECTED,Bonjour je revends mon iPhone dans un très bon état neuf. Avec des écouteurs sans fil Bluetooth. Et une batterie magnétique puissante à recharge rapide. JE NE FAIS PAS D'ENVOIE INUTILE DE ME DEMANDER.   Envoyez moi un MP si vous êtes intéressé. Le prix est non négociable. Les pas sérieux s'abstenir.,"Roanne, ARA",2024.0,0,2,2,3,7,2,1,similar,underpriced,new-profile,marked,unfavorable,case_study_sample,750,0.6666666666666666,0,0,0
625,iPhone 13 Pro Max,500,DETECTED,iPhone 13 Pro Max 128 GB Le téléphone est en très bon état. l n'y a pas de problème. Tout fonctionne très bien.  Létat de la batterie %88 Pas denvoi. Le prix est fixe.  Il y a une petite fissure en bas à gauche du téléphone. Regardez les deux dernières photos.,"Strasbourg, GES",2022.0,0,2,2,1,5,2,0,similar,underpriced,older-profile,borderline,acceptable,case_study_sample,750,0.6666666666666666,0,0,0
626,iPhone 13 vert,500,DETECTED,"iPhone 13 vert 128go, la batterie est à 90%, quasiment neuf, 1 an Ouvert à tout opérateur  Aucune rayure, toujours protégée   Vendu avec le chargeur dorigine, sa boîte, 2 verres trempés anti espions, avec plusieurs coques différentes","Gémozac, NAQ",2014.0,0,2,2,1,5,2,0,similar,underpriced,older-profile,borderline,acceptable,case_study_sample,750,0.6666666666666666,0,0,0
627,IPhone 15 pro max blanc,500,DETECTED,"Je mets en vente un iPhone 15pro max blanc 246GB 1ere main avec 1mois dutilisation, le telephone il est encore neuf 98% état de batterie,aucune rayure et avec son chargeur original et sa boite","Toulouse, OCC",2017.0,0,2,3,1,6,2,1,similar,suspiciously-low,older-profile,marked,unfavorable,case_study_sample,1200,0.4166666666666667,0,0,0
628,"IPhone 13 Pro, en très bon état",500,DETECTED,"Bonjour, je vends mon iPhone 13 Pro en très bon état.  part laffiche qui est sur le derrière en bas il y a aucun autre problème et ça ne dérange rien. Il a une super couleur dorée pour plus dinformations. Nhésitez pas à me contacter. Merci ",Couleur,2021.0,0,2,2,1,5,2,0,similar,underpriced,older-profile,borderline,acceptable,case_study_sample,750,0.6666666666666666,0,0,0
629,iPhone 14 pro max,500,DETECTED,Bonjour je vend mon téléphone 14 pro max violet avec facture et accessoires. En parfait état et 100 % de batterie ! Je ne fais pas d'échange . Remise en main propre sur Lyons la foret,"Lyon, ARA",2011.0,0,2,2,1,5,2,0,similar,underpriced,older-profile,borderline,acceptable,case_study_sample,850,0.5882352941176471,0,0,0
630,Iphone 15 pro Max 256 Go,500,DETECTED,iPhone 15 pro Max en très bonne état tat de la batterie 98% Aucun choc ni rayure caméra sans défauts Vendu avec une coque acheter directement à Apple,"Paris, IDF",2021.0,0,2,3,1,6,2,1,similar,suspiciously-low,older-profile,marked,unfavorable,case_study_sample,1200,0.4166666666666667,0,0,0
631,Iphone 14,520,DETECTED,Iphone 14 88%,"Nancy, GES",,1,2,2,2,6,2,1,similar,underpriced,intermediate-or-missing,marked,unfavorable,case_study_sample,850,0.611764705882353,0,0,0
632,iphone 14,500,DETECTED,je vend liphone 14 nhésiter pas a venir en privée,"Courbevoie, IDF",,1,2,2,2,6,2,1,similar,underpriced,intermediate-or-missing,marked,unfavorable,case_study_sample,850,0.5882352941176471,0,0,0
633,iPhone 15 Pro Max scellé - neuf,500,DETECTED,"Je propose à la vente des Apple iPhone 15 Pro Max en capacité de 512 Go, encore scellé dans son emballage d'origine. Ce modèle haut de gamme est parfait pour ceux qui recherchent une performance inégalée, une caméra de qualité exceptionnelle et une expérience utilisateur fluide.  Détails du produit : - Modèle: iPhone 15 Pro Max - Capacité: 512 Go - tat: Neuf, scellé - Couleur: Bleue, blanc, noire, ... - Garantie: Couvert par la garantie Apple  Points forts : - Processeur A17 Bionic pour des performances optimales - Caméra Pro avec capteur amélioré pour des photos et vidéos époustouflantes - cran Super Retina XDR pour une qualité daffichage exceptionnelle - Design élégant et résistant avec le nouveau châssis en titane  Prix : 1000  Nhésitez pas à me contacter pour plus dinformations ou pour organiser une visite. Premier arrivé, premier servi !  Merci de votre intérêt.  Davies Luc Mail: daviesluc6gmail.com","Paris, IDF",,1,1,3,2,6,2,1,unique,suspiciously-low,intermediate-or-missing,marked,unfavorable,case_study_sample,1200,0.4166666666666667,0,0,0
634,iPhone 14 128GO,500,DETECTED,iPhone 14 acheter en aot 2023 aucun choc comme neuf vendu avec tout cest accessoires,"Lorient, BRE",,1,2,2,2,6,2,1,similar,underpriced,intermediate-or-missing,marked,unfavorable,case_study_sample,850,0.5882352941176471,0,0,0
635,iPhone 15 pro max,500,IDENTIFIED,"Nouvel arrivage d'iPhone 15 pro max 256 GB Boîtes ouvertes Version américaine originale tat de la batterie à 100 % Très bon état  MU-10pcs Pour acheter, envoyez-moi un message","Paris, IDF",,1,2,3,2,7,2,1,similar,suspiciously-low,intermediate-or-missing,marked,unfavorable,case_study_sample,1200,0.4166666666666667,0,0,0
636,iPhone 13 128go,500,DETECTED,"Légère rayure à larrière  Très bien entretenue  Achetée il y a 2 ans au Apple Store   Protégée par film écran , verre trempé pour objectif et coque rhinoshield qui dailleurs sont vendus avec .  Boîte dorigine avec notice et câble Lightning.","Arc-sur-Tille, BFC",,1,1,2,2,5,2,0,unique,underpriced,intermediate-or-missing,borderline,acceptable,case_study_sample,750,0.6666666666666666,0,0,0
637,iPhone 13,500,DETECTED,Vend iPhone 13  Bleu nuit  Quelque impact comme sur photo sur les cté du téléphone  cran Intact  180 go Version IOS 17.5.1 Avec écouteur SANS CHARGEUR  Avec boîte dorigine,"Mortagne-au-Perche, NOR",,1,1,2,2,5,2,0,unique,underpriced,intermediate-or-missing,borderline,acceptable,case_study_sample,750,0.6666666666666666,0,0,0
638,iPhone 13 bleu nuit,500,DETECTED,Conseils de sécurité pour Marketplace,"Ans, WAL",,1,3,2,2,7,2,1,duplicated,underpriced,intermediate-or-missing,marked,unfavorable,case_study_sample,750,0.6666666666666666,0,0,0
639,Apple iPhone 15 Pro Max 256 GB,500,DETECTED,"Cet Apple iPhone 15 Pro Max est un smartphone puissant et élégant compatible avec le réseau Verizon.  Il dispose d'un processeur hexacur, de 8 Go de RAM et d'une capacité de stockage de 256 Go, fonctionnant sur le dernier système d'exploitation iOS 17.3.1.  Le téléphone dispose d'un grand écran de 6,7 pouces, parfait pour le streaming et la navigation en déplacement.","Lyon, ARA",2024.0,0,2,3,3,8,2,1,similar,suspiciously-low,new-profile,marked,unfavorable,case_study_sample,1200,0.4166666666666667,0,0,0
640,iPhone 13 Pro Max,500,DETECTED,Bon état mise à part écran arrière (voir photo).  Capacité batterie 87%.,"Nancy, GES",2024.0,0,1,2,3,6,2,1,unique,underpriced,new-profile,marked,unfavorable,case_study_sample,750,0.6666666666666666,0,0,0
641,iPhone 15 pro Max,500,DETECTED,Accessoires et facture pour plus de renseignement vous pouvez menvoyer un message,"Paris, IDF",2023.0,0,3,3,2,8,2,1,duplicated,suspiciously-low,intermediate-or-missing,marked,unfavorable,case_study_sample,1200,0.4166666666666667,0,0,0
642,IPhone 14,500,DETECTED,"iPhone vendu avec facture, garanti et accessoires neufs compris.","Paris, IDF",2023.0,0,2,2,2,6,2,1,similar,underpriced,intermediate-or-missing,marked,unfavorable,case_study_sample,850,0.5882352941176471,0,0,0
643,IPhone 14,500,DETECTED,"iPhone vendu avec facture, garanti et accessoires neufs compris.","Paris, IDF",2023.0,0,2,2,2,6,2,1,similar,underpriced,intermediate-or-missing,marked,unfavorable,case_study_sample,850,0.5882352941176471,0,0,0
644,iPhone 14 pro Max,500,DETECTED,"iPhone vendu avec facture, garanti et accessoires neufs compris.","Paris, IDF",2023.0,0,2,2,2,6,2,1,similar,underpriced,intermediate-or-missing,marked,unfavorable,case_study_sample,850,0.5882352941176471,0,0,0
645,iPhone 13 Pro Max,500,DETECTED,"iPhone vendu avec facture, garanti et accessoires neufs compris.","Paris, IDF",2023.0,0,2,2,2,6,2,1,similar,underpriced,intermediate-or-missing,marked,unfavorable,case_study_sample,750,0.6666666666666666,0,0,0
646,iPhone 13 Pro Max,500,DETECTED,iPhone 13 Pro max  Vendu avec accessoires et facture  A venir chercher sur paris.,"Paris, IDF",2023.0,0,2,2,2,6,2,1,similar,underpriced,intermediate-or-missing,marked,unfavorable,case_study_sample,750,0.6666666666666666,0,0,0
647,iPhone 14 128go mauve,500,DETECTED,Bonjour je vends un iPhone 14 128go mauve pastel acheter il ya 1 an et demi prix négociable dans la limite du raisonnable,"Forcalquier, PAC",2009.0,0,2,2,1,5,2,0,similar,underpriced,older-profile,borderline,acceptable,case_study_sample,850,0.5882352941176471,0,0,0
648,iPhone 14 plus,500,DETECTED,iPhone 14 plus très bon état peu servie sauf l arrière un peu casser,"Nice, PAC",2023.0,0,2,2,2,6,2,1,similar,underpriced,intermediate-or-missing,marked,unfavorable,case_study_sample,850,0.5882352941176471,0,0,0
649,iPhone 13 Pro Max 128 Go,500,NEGATIVE,"Bonjour, Le produit est d'origine en excellent état de fonctionnement il est vendu avec une garantie et ses accessoires.","Paris, IDF",2024.0,0,2,2,3,0,3,0,similar,underpriced,new-profile,legitimate,acceptable,case_study_sample,750,0.6666666666666666,1,0,1
650,IPhone 14 Pro Max a négocier,500,DETECTED,Le téléphone est en bon état juste un problème connecteur de charge et de batterie il s'éteint tout les 5 minutes prix réparation 150. Me contacter sur Facebook ou appel : hidden information,"Saint-tienne, ARA",2024.0,0,2,2,3,7,2,1,similar,underpriced,new-profile,marked,unfavorable,case_study_sample,850,0.5882352941176471,0,0,0
651,Iphone 15 pro Max 512GB,500,DETECTED,"L'iPhone 14 pro Max tout neuf est en bon état et entièrement fonctionnel. Le câble de chargement original du téléphone portable est inclus. Le téléphone dispose également du reçu d'achat. Je recherche des acheteurs sérieux sans perdre de temps, expédition uniquement paiement par PayPal biens et services.","Lyon, ARA",2024.0,0,1,3,3,7,2,1,unique,suspiciously-low,new-profile,marked,unfavorable,case_study_sample,1200,0.4166666666666667,0,0,0
652,iPhone 13 Pro Max,500,NEGATIVE,Le produit est d'origine en excellent état de fonctionnement il est vendu avec une garantie et ses accessoires Batterie à 95% 256Go de stockage,"Paris, IDF",2024.0,0,2,2,3,0,3,0,similar,underpriced,new-profile,legitimate,acceptable,case_study_sample,750,0.6666666666666666,1,0,1
653,iPhone 14 Pro Max,500,DETECTED,Je vends mon Apple iPhone 14 Pro Max dans la couleur Deep Purple - C'est un smartphone puissant doté de nombreuses fonctions innovantes. Equipé d'un processeur hexa-core et de 6 Go,"Venise, BFC",2024.0,0,2,2,3,7,2,1,similar,underpriced,new-profile,marked,unfavorable,case_study_sample,850,0.5882352941176471,0,0,0
654,iPhone 14 128GB,500,DETECTED,"Vendu avec accessoires (coque, verre de protection, chargeur boîte) garantie et la facture si vous êtes intéressé vous pouvez me contacter.","Paris, IDF",2023.0,0,2,2,2,6,2,1,similar,underpriced,intermediate-or-missing,marked,unfavorable,case_study_sample,850,0.5882352941176471,0,0,0
655,iPhone 13 pro max 128GB,500,DETECTED,"Vendu avec accessoires (coques verres de protection, chargeur boîte ) garantie et la facture si vous êtes intéressé vous pouvez me contactez.","Paris, IDF",2023.0,0,2,2,2,6,2,1,similar,underpriced,intermediate-or-missing,marked,unfavorable,case_study_sample,750,0.6666666666666666,0,0,0
656,iPhone 14 ,500,DETECTED,Facture garentie  Accessoire neufs  Plus dinfo en mp hésitez pas,"Ivry-sur-Seine, IDF",2024.0,0,2,2,3,7,2,1,similar,underpriced,new-profile,marked,unfavorable,case_study_sample,850,0.5882352941176471,0,0,0
657,iPhone 14 couleur puple,500,DETECTED,"Je me sépare de mon iPhone 14 purple acheté il y a 6 mois, j ai acheter l iPhone 15","Mons, WAL",,1,2,2,2,6,2,1,similar,underpriced,intermediate-or-missing,marked,unfavorable,case_study_sample,850,0.5882352941176471,0,0,0
658,Apple iPhone 13 Pro - 128Gb (graphite),500,DETECTED,"iPhone 13 Pro 128Gb à vendre, en excellent état de marche. tat de la batterie à 87%. Vendu avec un câble USB-C vers Lightning. 2 petits accrocs à voir sur les photos 3 et 4.",Strassen,,1,2,2,2,6,2,1,similar,underpriced,intermediate-or-missing,marked,unfavorable,case_study_sample,750,0.6666666666666666,0,0,0
659,iPhone 14 plus,500,DETECTED,"iPhone même pas 1 ans, revend car achat dun nouveau , aucune griffe, vitre à lavant du téléphone. Toujours eu une coque. Comme neuf.","Marly, HDF",,1,1,2,2,5,2,0,unique,underpriced,intermediate-or-missing,borderline,acceptable,case_study_sample,850,0.5882352941176471,0,0,0
660,iPhone 15 pro max,500,IDENTIFIED,"Nouvel arrivage d'iPhone 15 pro max 256 GB Boîtes ouvertes Version américaine originale tat de la batterie à 100 % Très bon état  MU-10pcs Pour acheter, envoyez-moi un message","Paris, IDF",,1,2,3,2,7,2,1,similar,suspiciously-low,intermediate-or-missing,marked,unfavorable,case_study_sample,1200,0.4166666666666667,0,0,0
661,iPhone 14 128g,500,DETECTED,iPhone 14 128g  Très bon état  Vendu avec boîte  Pas sérieux s abstenir,"Saint-Cannat, PAC",,1,2,2,2,6,2,1,similar,underpriced,intermediate-or-missing,marked,unfavorable,case_study_sample,850,0.5882352941176471,0,0,0
662,iPhone 13 pro,500,DETECTED,"Bonjour,   Je vends mon iPhone 13 Pro.  Marche parfaitement. Très bon état. Sauf caméra arrière cest juste la vitre, ça na pas touché la caméra arrière donc pas de problème. La vitre arrière cote 20.   Me contacter pour plus dinformations   Merci","Montpellier, OCC",,1,2,2,2,6,2,1,similar,underpriced,intermediate-or-missing,marked,unfavorable,case_study_sample,750,0.6666666666666666,0,0,0
663,Iphone 14 pro max,500,DETECTED,A vendre un Apple iPhone 14 Pro Max - 128Go - Or (Déverrouillé).  l'iPhone est littéralement comme neuf  Je vends cet iPhone Avec l'ensemble de ses accessoires dans son boitier apple d'origine,"Châtillon-sur-Seine, BFC",2024.0,0,2,2,3,7,2,1,similar,underpriced,new-profile,marked,unfavorable,case_study_sample,850,0.5882352941176471,0,0,0
664,iPhone 14 garantie,500,DETECTED,IPhone 14 avec accessoires neufs et garantie Paris  Si vous êtes intéressé envoyez moi un  message,"Paris, IDF",2021.0,0,2,2,1,5,2,0,similar,underpriced,older-profile,borderline,acceptable,case_study_sample,850,0.5882352941176471,0,0,0
665,iPhone 13 Pro Max 256 Go,500,NEGATIVE,Le produit est d'origine en excellent état de fonctionnement il est vendu avec une garantie et ses accessoires,"Paris, IDF",2023.0,0,2,2,2,0,3,0,similar,underpriced,intermediate-or-missing,legitimate,acceptable,case_study_sample,750,0.6666666666666666,1,0,1
666,iPhone 14 avec GARANTI,500,DETECTED,"Je vend un iPhone 14 128GB avec sa GARANTI. Des accessoires sont OFFRTS ( vitre de protection, coque de téléphone ). TOUTES les couleurs sont disponibles sous réserve de stock. La facture ainsi que la boîte sont INCLUS dedans. Pas de LIVRAISON achat seulement en boutique. Pour d'autres informations, merci de me contacter","Paris, IDF",2023.0,0,2,2,2,6,2,1,similar,underpriced,intermediate-or-missing,marked,unfavorable,case_study_sample,850,0.5882352941176471,0,0,0
667,iPhone 14 avec GARANTI,500,DETECTED,"Je vend un iPhone 14 128GB avec sa GARANTI. Des accessoires sont OFFRTS ( vitre de protection, coque de téléphone ). TOUTES les couleurs sont disponibles sous réserve de stock. La facture ainsi que la boîte sont INCLUS dedans. Pas de LIVRAISON achat seulement en boutique. Pour d'autres informations, merci de me contacter","Paris, IDF",2023.0,0,2,2,2,6,2,1,similar,underpriced,intermediate-or-missing,marked,unfavorable,case_study_sample,850,0.5882352941176471,0,0,0
668,iPhone 13 Pro Max 256 Go,500,NEGATIVE,Le produit est d'origine en excellent état de fonctionnement il est vendu avec une garantie et ses accessoires,"Blois, CVL",2023.0,0,2,2,2,0,3,0,similar,underpriced,intermediate-or-missing,legitimate,acceptable,case_study_sample,750,0.6666666666666666,1,0,1
669,iPhone 13,500,DETECTED,"Jamais utilisé , état batterie 100%  128giga","Bordeaux, NAQ",2024.0,0,2,2,3,7,2,1,similar,underpriced,new-profile,marked,unfavorable,case_study_sample,750,0.6666666666666666,0,0,0
670,iPhone 13 Pro Max 256 Go,500,NEGATIVE,Le produit est d'origine en excellent état de fonctionnement il est vendu avec une garantie et ses accessoires,"Paris, IDF",2024.0,0,2,2,3,0,3,0,similar,underpriced,new-profile,legitimate,acceptable,case_study_sample,750,0.6666666666666666,1,0,1
671,iPhone 13 Pro Max 256 Go,500,NEGATIVE,Le produit est d'origine en excellent état de fonctionnement il est vendu avec une garantie et ses accessoires,"Paris, IDF",2024.0,0,2,2,3,0,3,0,similar,underpriced,new-profile,legitimate,acceptable,case_study_sample,750,0.6666666666666666,1,0,1
672,iPhone 13 Pro Max 256 Go,500,NEGATIVE,Le produit est d'origine en excellent état de fonctionnement il est vendu avec une garantie et ses accessoires,"Paris, IDF",2024.0,0,2,2,3,0,3,0,similar,underpriced,new-profile,legitimate,acceptable,case_study_sample,750,0.6666666666666666,1,0,1
673,iPhone 13 Pro Max 256 Go,500,NEGATIVE,"Bonjour, Le produit est d'origine en excellent état de fonctionnement il est vendu avec une garantie et ses accessoires.","Paris, IDF",2024.0,0,2,2,3,0,3,0,similar,underpriced,new-profile,legitimate,acceptable,case_study_sample,750,0.6666666666666666,1,0,1
674,iPhone 14 avec GARANTI,500,DETECTED,"Je vend un iPhone 14 128GB avec sa GARANTI. Des accessoires sont OFFRTS ( vitre de protection, coque de téléphone ). TOUTES les couleurs sont disponibles sous réserve de stock. La facture ainsi que la boîte sont INCLUS dedans. Pas de LIVRAISON achat seulement en boutique. Pour d'autres informations, merci de me contacter","Paris, IDF",2023.0,0,2,2,2,6,2,1,similar,underpriced,intermediate-or-missing,marked,unfavorable,case_study_sample,850,0.5882352941176471,0,0,0
675,iPhone 13 Pro Max 256 Go,500,NEGATIVE,Le produit est d'origine en excellent état de fonctionnement il est vendu avec une garantie et ses accessoires,"Paris, IDF",2024.0,0,2,2,3,0,3,0,similar,underpriced,new-profile,legitimate,acceptable,case_study_sample,750,0.6666666666666666,1,0,1
676,iPhone 13 Pro Max 256 Go,500,NEGATIVE,Le produit est d'origine en excellent état de fonctionnement il est vendu avec une garantie et ses accessoires,"Paris, IDF",2024.0,0,2,2,3,0,3,0,similar,underpriced,new-profile,legitimate,acceptable,case_study_sample,750,0.6666666666666666,1,0,1
677,iPhone 13 Pro Max 256 Go,500,NEGATIVE,Le produit est d'origine en excellent état de fonctionnement il est vendu avec une garantie et ses accessoires,"Paris, IDF",2024.0,0,2,2,3,0,3,0,similar,underpriced,new-profile,legitimate,acceptable,case_study_sample,750,0.6666666666666666,1,0,1
678,iPhone 13 Pro Max /256Go,500,NEGATIVE,Le produit est d'origine en excellent état de fonctionnement il est vendu avec une garantie et ses accessoires,"Paris, IDF",2021.0,0,2,2,1,0,3,0,similar,underpriced,older-profile,legitimate,acceptable,case_study_sample,750,0.6666666666666666,1,0,1
679,iPhone 13 Pro Max 256 Go,500,NEGATIVE,Le produit est d'origine en excellent état de fonctionnement il est vendu avec une garantie et ses accessoires,"Paris, IDF",2021.0,0,2,2,1,0,3,0,similar,underpriced,older-profile,legitimate,acceptable,case_study_sample,750,0.6666666666666666,1,0,1
680,iPhone 13 Pro Max 256 Go,500,NEGATIVE,Le produit est d'origine en excellent état de fonctionnement il est vendu avec une garantie et ses accessoires,"Paris, IDF",2024.0,0,2,2,3,0,3,0,similar,underpriced,new-profile,legitimate,acceptable,case_study_sample,750,0.6666666666666666,1,0,1
681,iPhone 14 avec GARANTI,500,DETECTED,"Je vend un iPhone 14 128GB avec sa GARANTI. Des accessoires sont OFFRTS ( vitre de protection, coque de téléphone ). TOUTES les couleurs sont disponibles sous réserve de stock. La facture ainsi que la boîte sont INCLUS dedans. Pas de LIVRAISON achat seulement en boutique. Pour d'autres informations, merci de me contacter.","Paris, IDF",2023.0,0,2,2,2,6,2,1,similar,underpriced,intermediate-or-missing,marked,unfavorable,case_study_sample,850,0.5882352941176471,0,0,0
682,iPhone 13 Pro Max 256 Go,500,NEGATIVE,Description : Le produit est d'origine en excellent état de fonctionnement il est vendu avec une garantie et ses accessoires,"Paris, IDF",2023.0,0,3,2,2,0,3,0,duplicated,underpriced,intermediate-or-missing,legitimate,acceptable,case_study_sample,750,0.6666666666666666,1,0,1
683,iPhone 14 avec GARANTI,500,DETECTED,"Je vend un iPhone 14 128GB avec sa GARANTI.  Des accessoires sont OFFRTS ( vitre de protection, coque de téléphone ).  TOUTES les couleurs sont disponibles sous réserve de stock.  La facture ainsi que la boîte sont INCLUS dedans.  Pas de LIVRAISON achat seulement en boutique.  Pour dautres informations, merci de me contacter.","Paris, IDF",2023.0,0,2,2,2,6,2,1,similar,underpriced,intermediate-or-missing,marked,unfavorable,case_study_sample,850,0.5882352941176471,0,0,0
684,Iphone 14 pro max ( 2 pièce disponible) Couleur : noir Stockage : 128go  modèle ZA  Batt 90% C,500,DETECTED,Veuillez me contacter pour en savoir plus,Marque,2023.0,0,2,2,2,6,2,1,similar,underpriced,intermediate-or-missing,marked,unfavorable,case_study_sample,850,0.5882352941176471,0,0,0
685,iPhone 14 pro max,500,DETECTED,Bonjour je vends un iPhone 14 pro max Apple capacité de 256go. Débloquer tout opérateur .Vendu avec accessoires. Le téléphone fonctionne parfaitement bien. Facture d'achat disponible encore sous garantie Apple à remettre à mon acheteur PRIX : 500  Euro Je ne fais pas denvois. Remise uniquement en main propre et essaie sur place. Mp si vous voulez le prendre,"Morières-lès-Avignon, PAC",2024.0,0,2,2,3,7,2,1,similar,underpriced,new-profile,marked,unfavorable,case_study_sample,850,0.5882352941176471,0,0,0
686,iPhone 14 avec facture,500,DETECTED,iPhone 14 avec sa facture   récupérer sur Paris  Nhésitez pas si vous avez des questions ,"Paris, IDF",2021.0,0,2,2,1,5,2,0,similar,underpriced,older-profile,borderline,acceptable,case_study_sample,850,0.5882352941176471,0,0,0
687,iPhone 14 128GB 5G de couleur noire,500,DETECTED,Téléphone iphone à vendre au prix raisonnable de 500.,"Paris, IDF",2024.0,0,2,2,3,7,2,1,similar,underpriced,new-profile,marked,unfavorable,case_study_sample,850,0.5882352941176471,0,0,0
688,iPhone 15 pro max,500,DETECTED,Je mets mon iphone 15 pro max en vente l'appareil n'a aucun problème il travaille bien aucun problème toujours dans son état d'origine neuf batterie très bien toujours 100%,"Lyon, ARA",2024.0,0,2,3,3,8,2,1,similar,suspiciously-low,new-profile,marked,unfavorable,case_study_sample,1200,0.4166666666666667,0,0,0
689,iPhone 15 pro max 256GB,500,DETECTED,"Nouvel iPhone 15 Pro Max 256 Go Titanium White Box Je vends un iPhone 15 Pro Max neuf, emballé d'origine, avec 256 Go de stockage en Titanium White. Le téléphone portable n'a pas été utilisé et se trouve toujours dans son emballage d'origine non ouvert. La facture est également disponible.","Marseille, PAC",2024.0,0,2,3,3,8,2,1,similar,suspiciously-low,new-profile,marked,unfavorable,case_study_sample,1200,0.4166666666666667,0,0,0
690,IPHONE 14 PRO MAX,500,DETECTED,"Bonjour, je vends mon iPhone 14 Pro Max qui est en bon état d'usage. Il a été porté avec un étui et le dos comme la face  sont donc totalement exempt de rayures. Tout fonctionne parfaitement ,Emballage d'origine - Câble de chargement d'origine - débloqué tous réseaux - Pas de verrouillage iCloud . L' IPhone est réinitialisé , Capacité de la batterie 96% .Pas d'échange ni envoie, remise en main propre  Prix : 500","Paris, IDF",2024.0,0,2,2,3,7,2,1,similar,underpriced,new-profile,marked,unfavorable,case_study_sample,850,0.5882352941176471,0,0,0
691,iPhone 13,500,DETECTED,Je vend mon iPhone 13 rose zéro rayure létat de batterie et à 85 %  à négocier pas denvoie,"Mulhouse, GES",2020.0,0,2,2,1,5,2,0,similar,underpriced,older-profile,borderline,acceptable,case_study_sample,750,0.6666666666666666,0,0,0
692,iPhone 14,500,DETECTED,"Bonjour, Je mets en ventes un iPhone 14 bon état  Avec ça accessoires facture et garantie pour plus dinformations nhésitez pas à me contacter en privé ","Paris, IDF",2021.0,0,2,2,1,5,2,0,similar,underpriced,older-profile,borderline,acceptable,case_study_sample,850,0.5882352941176471,0,0,0
693,Iphone 14 plus,500,DETECTED,"Ipone 14 plus vendu avec facture ,garanti et accesoires.","Paris, IDF",2023.0,0,2,2,2,6,2,1,similar,underpriced,intermediate-or-missing,marked,unfavorable,case_study_sample,850,0.5882352941176471,0,0,0
694,Iphone 14,500,DETECTED,"Bonjour , je vend mon iphone 14  128 go. Le téléphone fonctionne parfaitement il n'y aucun problème dessus il faut juste changer la vitre arrière ça cote 30-40 euros grand max . Il y a une vitre de protection a l'avant et 2 cachs de caméras arrière (2eme photo) . La batterie est de 90%. Je le vend pour 500 euros , veuillez me contacter si vous êtes intéressé !","Troyes, GES",2024.0,0,2,2,3,7,2,1,similar,underpriced,new-profile,marked,unfavorable,case_study_sample,850,0.5882352941176471,0,0,0
695,IPhone 15,500,DETECTED,de nombreux iphone 15 en très bon étatil est verrouillépour plus d'informations écrivez-moi dans les messages..,"Colmar, GES",2024.0,0,2,3,3,8,2,1,similar,suspiciously-low,new-profile,marked,unfavorable,case_study_sample,1200,0.4166666666666667,0,0,0
696,Iphone 13 pro max,500,DETECTED,Je vends mon iphone 13 pro max état neuf irréprochable batterie 100%Original 256gb débloqué sur tout opérateur avec tout les accessoires,"Paris, IDF",2024.0,0,2,2,3,7,2,1,similar,underpriced,new-profile,marked,unfavorable,case_study_sample,750,0.6666666666666666,0,0,0
697,iPhone 13 Pro Max,500,NEGATIVE,Le produit est reconditionné en excellent état de fonctionnement il est vendu avec une garantie et ses accessoires,"Lille, HDF",2024.0,0,2,2,3,0,3,0,similar,underpriced,new-profile,legitimate,acceptable,case_study_sample,750,0.6666666666666666,1,0,1
698,Iphone 13 Pro Max,500,DETECTED,"Bonjour, iPhone 13 Pro Max....128 go Vendu avec accessoires et factures  A venir chercher sur Lille Pas d'envoi  Merci de me contacter pour plus d'informations en privé","Lille, HDF",2024.0,0,2,2,3,7,2,1,similar,underpriced,new-profile,marked,unfavorable,case_study_sample,750,0.6666666666666666,0,0,0
699,iPhone 14 bleu,500,DETECTED,Bonjours je vend mon iPhone 14 bleu en bonne état pris négociable dans la limite du raisonnable,"Bordeaux, NAQ",2010.0,0,2,2,1,5,2,0,similar,underpriced,older-profile,borderline,acceptable,case_study_sample,850,0.5882352941176471,0,0,0
700,iPhone 13 Pro Max,500,NEGATIVE,Le produit est d'origine en excellent état de fonctionnement il est vendu avec une garantie et ses accessoires,"Vitry-sur-Seine, IDF",2023.0,0,2,2,2,0,3,0,similar,underpriced,intermediate-or-missing,legitimate,acceptable,case_study_sample,750,0.6666666666666666,1,0,1
701,iPhone 14 noir,500,DETECTED,Capacité de batterie : 94% Stockage : 128 giga  En bonne état  Me contacter si intéressé,"Marseille, PAC",2024.0,0,2,2,3,7,2,1,similar,underpriced,new-profile,marked,unfavorable,case_study_sample,850,0.5882352941176471,0,0,0
702,iPhone 14 noir en bonne état,500,DETECTED,Téléphone à vendre en bonne état  Chargeur neuf facture et garantie comprise me contacter si intéressé,"Marseille, PAC",2024.0,0,2,2,3,7,2,1,similar,underpriced,new-profile,marked,unfavorable,case_study_sample,850,0.5882352941176471,0,0,0
703,iPhone 13,500,DETECTED,"Bonjour je vend un iPhone 13 avec coque et chargeur , le téléphone est encore en bon état utilisé même pas 1 an","Florange, GES",2022.0,0,2,2,1,5,2,0,similar,underpriced,older-profile,borderline,acceptable,case_study_sample,750,0.6666666666666666,0,0,0
704,iPhone 13 Pro Max 128 Go,500,NEGATIVE,Le produit est d'origine en excellent état de fonctionnement il est vendu avec une garantie et ses accessoires,"La Courneuve, IDF",2023.0,0,2,2,2,0,3,0,similar,underpriced,intermediate-or-missing,legitimate,acceptable,case_study_sample,750,0.6666666666666666,1,0,1
705,iPhone 14,500,NEGATIVE," vendre avec boîte et accessoires, plus dinformations en mp. Pas denvoi","Paris, IDF",2024.0,0,2,2,3,0,3,0,similar,underpriced,new-profile,legitimate,acceptable,case_study_sample,850,0.5882352941176471,1,0,1
706,Vent iPhone 14,500,DETECTED,Vent iPhone 14 128g 500 à débattre,"Luzy, BFC",2012.0,0,2,2,1,5,2,0,similar,underpriced,older-profile,borderline,acceptable,case_study_sample,850,0.5882352941176471,0,0,0
707,Iphone 13 pro,500,DETECTED,Iphone 13 pro Très bonne état Aucune rayure 80% état de la batterie Remise en main propre uniquement  Avec boite,"Clermont, HDF",2018.0,0,2,2,1,5,2,0,similar,underpriced,older-profile,borderline,acceptable,case_study_sample,750,0.6666666666666666,0,0,0
708,iPhone 14,500,DETECTED,"Bonjour Je vends cet IPHONE 14 avec accessoires neufs (chargeur, boîte, verre de protection, coque) et facture Disponible à partir de 500 Envoyé moi un message privé pour plus d'informations","Lille, HDF",2024.0,0,2,2,3,7,2,1,similar,underpriced,new-profile,marked,unfavorable,case_study_sample,850,0.5882352941176471,0,0,0
709,IPhone 15 pro Max 256 Go,500,DETECTED,iPhone 15 pro Max en très bonne état tat de la batterie 98% Aucun choc ni rayure caméra sans défauts Vendu avec une coque acheter directement à Apple,"Marseille, PAC",2021.0,0,2,3,1,6,2,1,similar,suspiciously-low,older-profile,marked,unfavorable,case_study_sample,1200,0.4166666666666667,0,0,0
710,Iphone 14 violet ,500,DETECTED,"Bonjour, iPhone 14....128 go Vendu avec accessoires et factures  A venir chercher sur Lille Pas d'envoi  Merci de me contacter pour plus d'informations en privé","Lille, HDF",2024.0,0,2,2,3,7,2,1,similar,underpriced,new-profile,marked,unfavorable,case_study_sample,850,0.5882352941176471,0,0,0
711,iPhone 14,500,DETECTED,Je vends mon iPhone 14  Très peu servi  tat de la batterie 87 Prix ferme  Garantie de téléphone en cours jusquà le 04/04/25,"Villejuif, IDF",2014.0,0,2,2,1,5,2,0,similar,underpriced,older-profile,borderline,acceptable,case_study_sample,850,0.5882352941176471,0,0,0
712,iPhone 14 128 giga,500,DETECTED,Téléphone à vendre en bonne état  Chargeur neuf facture et garantie  Téléphone peu utilisé  Merci de me contacter pour toute information,"Paris, IDF",2024.0,0,2,2,3,7,2,1,similar,underpriced,new-profile,marked,unfavorable,case_study_sample,850,0.5882352941176471,0,0,0
713,iPhone 14 128 giga,500,DETECTED,Capacité de batterie : 96% Stockage : 128 giga  Facture et garantie valide  Me contacter si intéressé,"Bordeaux, NAQ",2024.0,0,2,2,3,7,2,1,similar,underpriced,new-profile,marked,unfavorable,case_study_sample,850,0.5882352941176471,0,0,0
714,iPhone 14,500,DETECTED,Me contacter si intéressé,"Paris, IDF",2024.0,0,2,2,3,7,2,1,similar,underpriced,new-profile,marked,unfavorable,case_study_sample,850,0.5882352941176471,0,0,0
715,iPhone 14 Pro Max  - 128 Go,500,DETECTED,Bonjour  Je vend mon iPhone 100% original en excellent état de marche pour ceux qui sont intéressé passez en privé je vous répond,"Vincennes, IDF",2024.0,0,2,2,3,7,2,1,similar,underpriced,new-profile,marked,unfavorable,case_study_sample,850,0.5882352941176471,0,0,0
716,iPhone 14 (MARSEILLE),500,NEGATIVE," vendre avec boîte et accessoires, plus dinformations en mp. Pas denvoi","Marseille, PAC",2022.0,0,2,2,1,0,3,0,similar,underpriced,older-profile,legitimate,acceptable,case_study_sample,850,0.5882352941176471,1,0,1
717,iPhone 14 (MARSEILLE),500,NEGATIVE," vendre avec boîte et accessoires, plus dinformations en mp. Pas denvoi","Marseille, PAC",2023.0,0,2,2,2,0,3,0,similar,underpriced,intermediate-or-missing,legitimate,acceptable,case_study_sample,850,0.5882352941176471,1,0,1
718,iPhone 14 - petit prix - paris 17,500,DETECTED,"Bonjour,  Je vends un iPhone 14 violet foncer avec accessoires neufs, facture et boîte.   récupérer directement en boutique avec code promos permettant davoir une vitre de protection ou coque gratuite  Merci de me contacter pour plus dinformations en privé.","Paris, IDF",2016.0,0,2,2,1,5,2,0,similar,underpriced,older-profile,borderline,acceptable,case_study_sample,850,0.5882352941176471,0,0,0
719,iPhone 14 plus boîte chargeur batterie à 100,500,DETECTED,Fonctionne nickel en excellent état  Jai la Boîte et chargeur  Visible sur Douai,"Douai, HDF",2019.0,0,1,2,1,4,2,0,unique,underpriced,older-profile,borderline,acceptable,case_study_sample,850,0.5882352941176471,0,0,0
720,change iPhone 15 contre 14 prox max neuf,500,DETECTED,change iPhone 15 contre 14 prox max,"Villevaudé, IDF",2022.0,0,2,3,1,6,2,1,similar,suspiciously-low,older-profile,marked,unfavorable,case_study_sample,1200,0.4166666666666667,0,0,0
721,iPhone 13 Pro Max 128 Go,500,NEGATIVE,Le produit est d'origine en excellent état de fonctionnement il est vendu avec une garantie et ses accessoires,"Villemomble, IDF",2023.0,0,2,2,2,0,3,0,similar,underpriced,intermediate-or-missing,legitimate,acceptable,case_study_sample,750,0.6666666666666666,1,0,1
722,IPhone 13 Pro Max,500,DETECTED,salut je vends mon iPhone 13 pro max en bon état et il y a 3 coques et écouteurs avec bluetooth,"Angoulême, NAQ",2010.0,0,2,2,1,5,2,0,similar,underpriced,older-profile,borderline,acceptable,case_study_sample,750,0.6666666666666666,0,0,0
723,iPhone 13 Pro Max 256 Go,500,NEGATIVE,Le produit est d'origine en excellent état de fonctionnement il est vendu avec une garantie et ses accessoires,"Villejuif, IDF",2023.0,0,2,2,2,0,3,0,similar,underpriced,intermediate-or-missing,legitimate,acceptable,case_study_sample,750,0.6666666666666666,1,0,1
724,iPhone 14 noir,500,DETECTED,Téléphone à vendre en bonne état  Chargeur neuf facture et garantie comprise me contacter si intéressé,"Marseille, PAC",2024.0,0,2,2,3,7,2,1,similar,underpriced,new-profile,marked,unfavorable,case_study_sample,850,0.5882352941176471,0,0,0
725,iPhone 14 128 giga,500,DETECTED,Capacité de batterie : 95% Stockage : 128 giga Chargeur neuf et facture + garantie  Me contacter si intéressé,"Marseille, PAC",2024.0,0,3,2,3,8,2,1,duplicated,underpriced,new-profile,marked,unfavorable,case_study_sample,850,0.5882352941176471,0,0,0
726,iPhone 13 Pro Max 256 Go,500,NEGATIVE,Le produit est d'origine en excellent état de fonctionnement il est vendu avec une garantie et ses accessoires,"Paris, IDF",2024.0,0,2,2,3,0,3,0,similar,underpriced,new-profile,legitimate,acceptable,case_study_sample,750,0.6666666666666666,1,0,1
727,Iphone 14 reconditionné et accessoires,500,DETECTED,"Bonjour je vends des iphone reconditionné avec accessoires sans face ID et sans facture avec des fissures  toute les couleurs disponibles, on n'a d'autre états pour plus de renseignements contacter moi. Commande possible que sur notre site !!","Paris, IDF",2023.0,0,2,2,2,6,2,1,similar,underpriced,intermediate-or-missing,marked,unfavorable,case_study_sample,850,0.5882352941176471,0,0,0
728,iPhone 13 Pro Max,500,NEGATIVE," vendre avec boîte et accessoires, plus dinformations en mp. Pas denvoi","Bordeaux, NAQ",2023.0,0,2,2,2,0,3,0,similar,underpriced,intermediate-or-missing,legitimate,acceptable,case_study_sample,750,0.6666666666666666,1,0,1
729,iPhone 14,500,DETECTED,Téléphone à vendre en bonne état  Chargeur neuf facture et garantie  Téléphone peu utilisé  Merci de me contacter pour toute information,"Paris, IDF",2024.0,0,2,2,3,7,2,1,similar,underpriced,new-profile,marked,unfavorable,case_study_sample,850,0.5882352941176471,0,0,0
730,iPhone 13 64 giga,500,DETECTED,Bonjour vend iPhone 13 comme neuf avec facture,"Vatan, CVL",2022.0,0,2,2,1,5,2,0,similar,underpriced,older-profile,borderline,acceptable,case_study_sample,750,0.6666666666666666,0,0,0
731,iPhone 13,500,DETECTED,Vend iPhone 13 la capacité de batterie 100% jai la facture acheté y a pas longtemps tjr été protéger avec coque pour plus d info me contacter,"Stenay, GES",2022.0,0,2,2,1,5,2,0,similar,underpriced,older-profile,borderline,acceptable,case_study_sample,750,0.6666666666666666,0,0,0
732,iPhone 14 en bonne état,500,DETECTED,Téléphone à vendre en bonne état  Chargeur neuf facture et garantie  Téléphone peu utilisé  Merci de me contacter pour toute information,"Paris, IDF",2024.0,0,2,2,3,7,2,1,similar,underpriced,new-profile,marked,unfavorable,case_study_sample,850,0.5882352941176471,0,0,0
733,iPhone 14 avec accessoires,500,DETECTED,"iPhone vendu avec facture, garanti et accessoires neufs compris.","Paris, IDF",2023.0,0,2,2,2,6,2,1,similar,underpriced,intermediate-or-missing,marked,unfavorable,case_study_sample,850,0.5882352941176471,0,0,0
734,iPhone 13 Pro Max,500,DETECTED,"Bonjour, je vends mon iPhone 13 Pro Max bleu alpin en bon état, batterie à 88%.  128 gigas, avec boîte chargeur et écouteur, ainsi que 5 coques, deux ne sont pas sur les photos.   Jaccepte les échanges.  Je ne fais pas denvois.","Bordeaux, NAQ",2020.0,0,2,2,1,5,2,0,similar,underpriced,older-profile,borderline,acceptable,case_study_sample,750,0.6666666666666666,0,0,0
735,iPhone 13 noir,500,DETECTED,"iPhone 13 noir - 128 GB Garanti 1 an  Reconditionné en France  Fourni avec câble neuf Acheté chez orange  JAMAIS SERVI, SOUS BLISTER !","Cholet, PDL",2009.0,0,2,2,1,5,2,0,similar,underpriced,older-profile,borderline,acceptable,case_study_sample,750,0.6666666666666666,0,0,0
736,iPhone 13 Pro Max,500,NEGATIVE,Le produit est d'origine en excellent état de fonctionnement il est vendu avec une garantie et ses accessoires,"Saint-Denis, IDF",2023.0,0,2,2,2,0,3,0,similar,underpriced,intermediate-or-missing,legitimate,acceptable,case_study_sample,750,0.6666666666666666,1,0,1
737,iPhone 13 Pro Max // 256Go,500,NEGATIVE,Le produit est d'origine en excellent état de fonctionnement il est vendu avec une garantie et ses accessoires Batterie à 90% 256Go de stockage,"Paris, IDF",2022.0,0,2,2,1,0,3,0,similar,underpriced,older-profile,legitimate,acceptable,case_study_sample,750,0.6666666666666666,1,0,1
738,iPhone 13,500,DETECTED,Bonjour vend iPhone 13 500 88 % de batterie était correct juste abîmer sinon fonctionne super bien acheter 900 ya 1 an et demi,"Amiens, HDF",2012.0,0,1,2,1,4,2,0,unique,underpriced,older-profile,borderline,acceptable,case_study_sample,750,0.6666666666666666,0,0,0
739,iPhone 13 Pro Max 256 Go,500,NEGATIVE,Le produit est d'origine en excellent état de fonctionnement il est vendu avec une garantie et ses accessoires.,"Paris, IDF",2023.0,0,2,2,2,0,3,0,similar,underpriced,intermediate-or-missing,legitimate,acceptable,case_study_sample,750,0.6666666666666666,1,0,1
740,iPhone 13  / 128 GO,500,DETECTED,jamais servi reconditionné Pas envoie  remit en main propre,"Monéteau, BFC",2011.0,0,1,2,1,4,2,0,unique,underpriced,older-profile,borderline,acceptable,case_study_sample,750,0.6666666666666666,0,0,0
741,iPhone 14 bleu 128go,500,DETECTED,"iPhone à vendre avec facture, garantie et accessoires, me contacter pour plus d'informations","Paris, IDF",2024.0,0,2,2,3,7,2,1,similar,underpriced,new-profile,marked,unfavorable,case_study_sample,850,0.5882352941176471,0,0,0
742,iPhone 14,500,DETECTED,"Bonjour, je vend un iPhone 14 avec accessoires (coque, verre de protection, chargeur et boîte), garantie et facture si vous êtes intéressé nhésitez pas à me contacter.","Lille, HDF",2024.0,0,2,2,3,7,2,1,similar,underpriced,new-profile,marked,unfavorable,case_study_sample,850,0.5882352941176471,0,0,0
743,iPhone 13 Pro Max 256 Go,500,NEGATIVE,Le produit est d'origine en excellent état de fonctionnement il est vendu avec une garantie et ses accessoires,"Nanterre, IDF",2023.0,0,2,2,2,0,3,0,similar,underpriced,intermediate-or-missing,legitimate,acceptable,case_study_sample,750,0.6666666666666666,1,0,1
744,iPhone 14 a vendre,500,DETECTED,Accessoires et facture pour plus de renseignement vous pouvez menvoyer un message,"Stains, IDF",2023.0,0,3,2,2,7,2,1,duplicated,underpriced,intermediate-or-missing,marked,unfavorable,case_study_sample,850,0.5882352941176471,0,0,0
745,iphone 14 128g,500,DETECTED,"je vends mon iphone 14 128g en tres bon etat, avec sa boite sa facture et son chargeur","Vias, OCC",2016.0,0,2,2,1,5,2,0,similar,underpriced,older-profile,borderline,acceptable,case_study_sample,850,0.5882352941176471,0,0,0
746,iPhone 13 Pro Max,500,NEGATIVE,Le produit est d'origine en excellent état de fonctionnement il est vendu avec une garantie et ses accessoires,"Le Kremlin-Bicêtre, IDF",2023.0,0,2,2,2,0,3,0,similar,underpriced,intermediate-or-missing,legitimate,acceptable,case_study_sample,750,0.6666666666666666,1,0,1
747,iPhone 14,500,DETECTED,Capacité de batterie : 94% Stockage : 128 giga  En bonne état  Me contacter si intéressé,"Marseille, PAC",2024.0,0,2,2,3,7,2,1,similar,underpriced,new-profile,marked,unfavorable,case_study_sample,850,0.5882352941176471,0,0,0
748,iPhone 13 Pro Max 128 Go,500,NEGATIVE,Le produit est d'origine en excellent état de fonctionnement il est vendu avec une garantie et ses accessoires,"Paris, IDF",2023.0,0,2,2,2,0,3,0,similar,underpriced,intermediate-or-missing,legitimate,acceptable,case_study_sample,750,0.6666666666666666,1,0,1
749,iPhone 14,500,DETECTED,Téléphone à vendre en bonne état avec la facture  Le chargeur est neuf  Me contacter pour toute information,"Bordeaux, NAQ",2024.0,0,2,2,3,7,2,1,similar,underpriced,new-profile,marked,unfavorable,case_study_sample,850,0.5882352941176471,0,0,0
750,iPhone 14 bon état,500,DETECTED,"Vendu avec accessoires (coque, verre de protection, chargeur boîte) garantie et la facture si vous êtes intéressé vous pouvez me contacter.","Créteil, IDF",2023.0,0,2,2,2,6,2,1,similar,underpriced,intermediate-or-missing,marked,unfavorable,case_study_sample,850,0.5882352941176471,0,0,0
751,iPhone 14,500,NEGATIVE," vendre avec boîte et accessoires, plus dinformations en mp. Pas denvoi","Marseille, PAC",2023.0,0,2,2,2,0,3,0,similar,underpriced,intermediate-or-missing,legitimate,acceptable,case_study_sample,850,0.5882352941176471,1,0,1
752,iPhone 14,500,DETECTED,"Bonjour Je vends cet IPHONE 14 avec accessoires neufs (chargeur, boîte, verre de protection, coque) et facture Disponible à partir de 500 Envoyé moi un message privé pour plus d'informations","Lille, HDF",2024.0,0,2,2,3,7,2,1,similar,underpriced,new-profile,marked,unfavorable,case_study_sample,850,0.5882352941176471,0,0,0
753,iPhone 14 128g,500,DETECTED,"Vends iPhone 14, 128 giga la batterie 97 % sinon marche nickel aucun problème tout fonctionne vendu avec la boîte et le chargeur et une coque 500  à débattre dans la limite du raisonnable ","Luzy, BFC",2021.0,0,2,2,1,5,2,0,similar,underpriced,older-profile,borderline,acceptable,case_study_sample,850,0.5882352941176471,0,0,0
754,Iphone 14 reconditionné est accessoires,500,DETECTED,"Bonjour je vends des iphone reconditionné avec accessoires sans face ID et sans facture avec des fissures  toute les couleurs disponibles, on n'a d'autre états pour plus de renseignements contacter moi. Commande possible que sur notre site !!",Marque,2023.0,0,2,2,2,6,2,1,similar,underpriced,intermediate-or-missing,marked,unfavorable,case_study_sample,850,0.5882352941176471,0,0,0
755,iPhone 14,500,DETECTED,Bonjour je vend mon iPhone 14 car jen ai plus lutilité jen et acheté un nouveau quelle que petit rayure mais rien de grave le téléphone fonctionne nickel négociable dans la limite du raisonnable,"Saint-Loup, OCC",2017.0,0,2,2,1,5,2,0,similar,underpriced,older-profile,borderline,acceptable,case_study_sample,850,0.5882352941176471,0,0,0
756,Iphone 14,500,DETECTED,"Bonjour, iPhone 14....128 go Vendu avec accessoires et factures  A venir chercher sur Lille Pas d'envoi  Merci de me contacter pour plus d'informations en privé","Lille, HDF",2024.0,0,2,2,3,7,2,1,similar,underpriced,new-profile,marked,unfavorable,case_study_sample,850,0.5882352941176471,0,0,0
757,iPhone 14 blanc en bon état,500,DETECTED,Téléphone à vendre en bonne état  Chargeur neuf facture et garantie  Téléphone peu utilisé  Merci de me contacter pour toute information,"Paris, IDF",2024.0,0,2,2,3,7,2,1,similar,underpriced,new-profile,marked,unfavorable,case_study_sample,850,0.5882352941176471,0,0,0
758,iPhone 13 Pro Max,500,DETECTED,"iPhone 13 Pro Max,128 go a vendre  Pour plus dinformations me contacter en privé  Prix négociable !","Argenteuil, IDF",2023.0,0,2,2,2,6,2,1,similar,underpriced,intermediate-or-missing,marked,unfavorable,case_study_sample,750,0.6666666666666666,0,0,0
759,iPhone 13 Pro Max,500,NEGATIVE,Le produit est d'origine en excellent état de fonctionnement il est vendu avec une garantie et ses accessoires,"La Courneuve, IDF",2023.0,0,2,2,2,0,3,0,similar,underpriced,intermediate-or-missing,legitimate,acceptable,case_study_sample,750,0.6666666666666666,1,0,1
760,iPhone 13,500,DETECTED,Pas denvoie que en main propre,"Nîmes, OCC",2023.0,0,2,2,2,6,2,1,similar,underpriced,intermediate-or-missing,marked,unfavorable,case_study_sample,750,0.6666666666666666,0,0,0
761,iPhone 13 Pro Max,500,DETECTED,"iPhone 13 Pro Max,128 go a vendre  Pour plus dinformations me contacter en privé ","Paris, IDF",2023.0,0,2,2,2,6,2,1,similar,underpriced,intermediate-or-missing,marked,unfavorable,case_study_sample,750,0.6666666666666666,0,0,0
762,iPhone 14,500,DETECTED,Téléphone à vendre en bonne état  Chargeur neuf facture et garantie  Téléphone peu utilisé  Merci de me contacter pour toute information,"Paris, IDF",2024.0,0,2,2,3,7,2,1,similar,underpriced,new-profile,marked,unfavorable,case_study_sample,850,0.5882352941176471,0,0,0
763,iPhone 14 garantie + facture,500,DETECTED,"Bonjour,  Je vends un iPhone 14 avec accessoires neufs, facture et boîte.  Merci de me contacter pour plus dinformations en privé.","Rosny-sous-Bois, IDF",2023.0,0,2,2,2,6,2,1,similar,underpriced,intermediate-or-missing,marked,unfavorable,case_study_sample,850,0.5882352941176471,0,0,0
764,iPhone 13,500,DETECTED,Je vend mon iPhone 13 128 giga en etat neuf jamais utiliser  Capacité batterie 100  Je donne aussi une coque noir et rouge  Pour plus dinformations contactez moi,Couleur,2020.0,0,2,2,1,5,2,0,similar,underpriced,older-profile,borderline,acceptable,case_study_sample,750,0.6666666666666666,0,0,0
765,iPhone 13 Pro Max 256 Go,500,NEGATIVE,Le produit est d'origine en excellent état de fonctionnement il est vendu avec une garantie et ses accessoires,"Paris, IDF",2024.0,0,2,2,3,0,3,0,similar,underpriced,new-profile,legitimate,acceptable,case_study_sample,750,0.6666666666666666,1,0,1
766,Je vends mon iPhone 14 presque tout neuf avec sa boîte,500,DETECTED,"Je vends dans mon iPhone 14,tout neuf avec sa boîte","Cusset, ARA",2022.0,0,2,2,1,5,2,0,similar,underpriced,older-profile,borderline,acceptable,case_study_sample,850,0.5882352941176471,0,0,0
767,iPhone 14 blanc pas cher,500,DETECTED,"iPhone à vendre avec facture, garantie et accessoires, me contacter pour plus d'informations","Lille, HDF",2024.0,0,2,2,3,7,2,1,similar,underpriced,new-profile,marked,unfavorable,case_study_sample,850,0.5882352941176471,0,0,0
768,iPhone 14 noir 128 giga,500,DETECTED,Téléphone peu utilisé à vendre en bonne état avec accessoires complet  Facture et garantie comprise  Me contacter si intéressé,"Lille, HDF",2024.0,0,2,2,3,7,2,1,similar,underpriced,new-profile,marked,unfavorable,case_study_sample,850,0.5882352941176471,0,0,0
769,iPhone 14,500,DETECTED,Je vend iPhone 14 débloqué 128G batterie 100% pas denvoi ni paiement paypal ni échange,"Le Mans, PDL",2010.0,0,2,2,1,5,2,0,similar,underpriced,older-profile,borderline,acceptable,case_study_sample,850,0.5882352941176471,0,0,0
770,iPhone 13 Pro Max,500,NEGATIVE," vendre avec boîte et accessoires, plus dinformations en mp. Pas denvoi","Paris, IDF",2023.0,0,2,2,2,0,3,0,similar,underpriced,intermediate-or-missing,legitimate,acceptable,case_study_sample,750,0.6666666666666666,1,0,1
771,iPhone 14 plus 128 Go,500,DETECTED,"Je vends mon iPhone 14 Plus en couleur mauve avec une capacité de 128 Go. L'appareil est vendu avec sa boîte d'origine et tous les accessoires d'origine. Le téléphone a une petite rayure sur lécran mais nempêche en rien le fonctionnement. Elle se voit à peine.  L'iPhone a toujours été protégé avec une coque et un verre trempé, ce qui garantit qu'il est dans un état proche du neuf. Je le vend à 500  Je suis disponible à Auch ou Aire sur lAdour  Je fait aucune livraison","Auch, OCC",2019.0,0,2,2,1,5,2,0,similar,underpriced,older-profile,borderline,acceptable,case_study_sample,850,0.5882352941176471,0,0,0
772,iPhone 13 Pro Max 256 Go,500,NEGATIVE,Le produit est d'origine en excellent état de fonctionnement il est vendu avec une garantie et ses accessoires,"Colombes, IDF",2024.0,0,2,2,3,0,3,0,similar,underpriced,new-profile,legitimate,acceptable,case_study_sample,750,0.6666666666666666,1,0,1
773,iPhone 14 bleu peu utilisé,500,DETECTED,Téléphone peu utilisé à vendre en bonne état avec accessoires complet  Facture et garantie comprise  Me contacter si intéressé,"Lille, HDF",2024.0,0,2,2,3,7,2,1,similar,underpriced,new-profile,marked,unfavorable,case_study_sample,850,0.5882352941176471,0,0,0
774,iPhone 14 noir,500,DETECTED,Stockage : 128 giga  En bonne état  Me contacter si intéressé,"Marseille, PAC",2024.0,0,2,2,3,7,2,1,similar,underpriced,new-profile,marked,unfavorable,case_study_sample,850,0.5882352941176471,0,0,0
775,iPhone 13 Pro Max 256 Go,500,NEGATIVE,Le produit est d'origine en excellent état de fonctionnement il est vendu avec une garantie et ses accessoires,"Villemomble, IDF",2023.0,0,2,2,2,0,3,0,similar,underpriced,intermediate-or-missing,legitimate,acceptable,case_study_sample,750,0.6666666666666666,1,0,1
776,iPhone 14 mauve 128 giga,500,DETECTED,Téléphone à vendre en bonne état avec la facture  Le chargeur est neuf  Me contacter pour toute information,"Bordeaux, NAQ",2024.0,0,2,2,3,7,2,1,similar,underpriced,new-profile,marked,unfavorable,case_study_sample,850,0.5882352941176471,0,0,0
777,Iphone 14 reconditionné et accessoires,500,DETECTED,"Bonjour je vends des iphone reconditionné avec accessoires sans face ID et sans facture avec des fissures  toute les couleurs disponibles, on n'a d'autre états pour plus de renseignements contacter moi. Commande possible que sur notre site !!",Marque,2023.0,0,2,2,2,6,2,1,similar,underpriced,intermediate-or-missing,marked,unfavorable,case_study_sample,850,0.5882352941176471,0,0,0
778, Iphone 13 Pro Max ,500,DETECTED,"Bonjour, iPhone 13 Pro Max....128 go Vendu avec accessoires et factures  A venir chercher sur Lille Pas d'envoi  Merci de me contacter pour plus d'informations en privé","Lille, HDF",2024.0,0,2,2,3,7,2,1,similar,underpriced,new-profile,marked,unfavorable,case_study_sample,750,0.6666666666666666,0,0,0
779,iPhone 14 Plus,500,DETECTED,Téléphone et Boîte  Téléphone tat neuf  Batterie 90% Facture + Garantie encore jusquau 11 Octobre   Pas denvoie,Est déverrouillé (O/N),2014.0,0,2,2,1,5,2,0,similar,underpriced,older-profile,borderline,acceptable,case_study_sample,850,0.5882352941176471,0,0,0
780,iPhone 14 en bonne état,500,DETECTED,Téléphone à vendre en bonne état avec la facture  Le chargeur est neuf  Me contacter pour toute information,"Bordeaux, NAQ",2024.0,0,2,2,3,7,2,1,similar,underpriced,new-profile,marked,unfavorable,case_study_sample,850,0.5882352941176471,0,0,0
781,Iphone 14 reconditionné avec accessoires,500,DETECTED,"Bonjour je vends des iphone reconditionné avec accessoires sans face ID et sans facture avec des fissures  toute les couleurs disponibles, on n'a d'autre états pour plus de renseignements contacter moi. Commande possible que sur notre site !!","Paris, IDF",2023.0,0,2,2,2,6,2,1,similar,underpriced,intermediate-or-missing,marked,unfavorable,case_study_sample,850,0.5882352941176471,0,0,0
782,iPhone 13 Pro Max 256 Go,500,NEGATIVE,Le produit est d'origine en excellent état de fonctionnement il est vendu avec une garantie et ses accessoires,"Joinville-le-Pont, IDF",2023.0,0,2,2,2,0,3,0,similar,underpriced,intermediate-or-missing,legitimate,acceptable,case_study_sample,750,0.6666666666666666,1,0,1
783,Iphone 14 reconditionné avec accessoires,500,DETECTED,"Bonjour je vends des iphone reconditionné avec accessoires sans face ID et sans facture avec des fissures  toute les couleurs disponibles, on n'a d'autre états pour plus de renseignements contacter moi. Commande possible que sur notre site !!",Marque,2023.0,0,2,2,2,6,2,1,similar,underpriced,intermediate-or-missing,marked,unfavorable,case_study_sample,850,0.5882352941176471,0,0,0
784,iPhone 13 Pro Max 256 Go,500,NEGATIVE,Le produit est d'origine en excellent état de fonctionnement il est vendu avec une garantie et ses accessoires,"Le Mesnil-Amelot, IDF",2023.0,0,2,2,2,0,3,0,similar,underpriced,intermediate-or-missing,legitimate,acceptable,case_study_sample,750,0.6666666666666666,1,0,1
785,iPhone 13 Pro Max 128 Go,500,NEGATIVE,Le produit est d'origine en excellent état de fonctionnement il est vendu avec une garantie et ses accessoires,"Le Kremlin-Bicêtre, IDF",2023.0,0,2,2,2,0,3,0,similar,underpriced,intermediate-or-missing,legitimate,acceptable,case_study_sample,750,0.6666666666666666,1,0,1
786,iPhone 13 Pro Max,500,NEGATIVE," vendre avec boîte et accessoires, plus dinformations en mp. Pas denvoi","Bordeaux, NAQ",2023.0,0,2,2,2,0,3,0,similar,underpriced,intermediate-or-missing,legitimate,acceptable,case_study_sample,750,0.6666666666666666,1,0,1
787,iPhone 13 Pro Max,500,NEGATIVE,Le produit est d'origine en excellent état de fonctionnement il est vendu avec une garantie et ses accessoires,"Villejuif, IDF",2023.0,0,2,2,2,0,3,0,similar,underpriced,intermediate-or-missing,legitimate,acceptable,case_study_sample,750,0.6666666666666666,1,0,1
788,iPhone 15 état neuf,500,DETECTED,"Bonjour, je vend mon iPhone 15 bleu 128gb état de batterie 100% avec une vitre de protection et une coque vendu avec sa boîte et chargeur dorigine merci livraison possible","Bordeaux, NAQ",2024.0,0,2,3,3,8,2,1,similar,suspiciously-low,new-profile,marked,unfavorable,case_study_sample,1200,0.4166666666666667,0,0,0
789,iPhone 14 Bleu Pastel,500,DETECTED,Bonjour !   Je vend mon iPhone en Excellent état à partir de 500 il est débloquer pour tout opérateurs & débloquer iCloud  Batterie en très bon état entre 85 % et 100 % .Fournis avec garantie et accessoires. ( pas denvoi )  Je réponds uniquement par message Pas sérieux sabstenir car le prix est NON NGOCIABLE et PAS DCHANGE,"Marseille, PAC",2024.0,0,2,2,3,7,2,1,similar,underpriced,new-profile,marked,unfavorable,case_study_sample,850,0.5882352941176471,0,0,0
790,iPhone 13 Pro Max 256 Go,500,NEGATIVE,Le produit est d'origine en excellent état de fonctionnement il est vendu avec une garantie et ses accessoires,"Montreuil, IDF",2023.0,0,2,2,2,0,3,0,similar,underpriced,intermediate-or-missing,legitimate,acceptable,case_study_sample,750,0.6666666666666666,1,0,1
791,iPhone 14 (MARSEILLE 13),500,NEGATIVE," vendre avec boîte et accessoires, plus dinformations en mp. Pas denvoi","Marseille, PAC",2022.0,0,2,2,1,0,3,0,similar,underpriced,older-profile,legitimate,acceptable,case_study_sample,850,0.5882352941176471,1,0,1
792,iPhone 13,500,DETECTED,iPhone 13 pratiquement neuf achète ya 4mois  120 giga coque boîte et téléphone fournie,"Paris, IDF",2011.0,0,2,2,1,5,2,0,similar,underpriced,older-profile,borderline,acceptable,case_study_sample,750,0.6666666666666666,0,0,0
793,iPhone 13 Pro Max,500,NEGATIVE,Le produit est d'origine en excellent état de fonctionnement il est vendu avec une garantie et ses accessoires,"Villejuif, IDF",2023.0,0,2,2,2,0,3,0,similar,underpriced,intermediate-or-missing,legitimate,acceptable,case_study_sample,750,0.6666666666666666,1,0,1
794,iPhone 13,500,DETECTED,iPhone 13 bleu nuit  Neuf jamais utiliser,"Maransin, NAQ",2020.0,0,2,2,1,5,2,0,similar,underpriced,older-profile,borderline,acceptable,case_study_sample,750,0.6666666666666666,0,0,0
795,iPhone 13 Pro Max 256 Go,500,NEGATIVE,Le produit est d'origine en excellent état de fonctionnement il est vendu avec une garantie et ses accessoires,"Paris, IDF",2024.0,0,2,2,3,0,3,0,similar,underpriced,new-profile,legitimate,acceptable,case_study_sample,750,0.6666666666666666,1,0,1
796,iPhone 13 Pro Max,500,NEGATIVE," vendre avec boîte et accessoires, plus dinformations en mp. Pas denvoi","Paris, IDF",2024.0,0,2,2,3,0,3,0,similar,underpriced,new-profile,legitimate,acceptable,case_study_sample,750,0.6666666666666666,1,0,1
797,iphone 14,500,DETECTED,"- Vendu avec accessoires (coque, verre de protection, chargeur boîte) garantie et la facture si vous êtes intéressé vous pouvez me contacter.","Paris, IDF",2020.0,0,2,2,1,5,2,0,similar,underpriced,older-profile,borderline,acceptable,case_study_sample,850,0.5882352941176471,0,0,0
798,iPhone 14,500,NEGATIVE," vendre avec boîte et accessoires, plus dinformations en mp. Pas denvoi","Paris, IDF",2024.0,0,2,2,3,0,3,0,similar,underpriced,new-profile,legitimate,acceptable,case_study_sample,850,0.5882352941176471,1,0,1
799,iPhone 13 Pro Max 256 Go,500,NEGATIVE,Le produit est d'origine en excellent état de fonctionnement il est vendu avec une garantie et ses accessoires,"Argenteuil, IDF",2023.0,0,2,2,2,0,3,0,similar,underpriced,intermediate-or-missing,legitimate,acceptable,case_study_sample,750,0.6666666666666666,1,0,1
800,Iphone 14 pro max,500,DETECTED,"Téléphone en bon état général de fonctionnement vendu avec accessoires, facture et garantie","Paris, IDF",2024.0,0,2,2,3,7,2,1,similar,underpriced,new-profile,marked,unfavorable,case_study_sample,850,0.5882352941176471,0,0,0
801,iPhone 14,500,DETECTED,"Bonjour Je vends cet IPHONE 14 avec accessoires neufs (chargeur, boîte, verre de protection, coque) et facture Disponible à partir de 500 Envoyé moi un message privé pour plus d'informations","Lille, HDF",2024.0,0,2,2,3,7,2,1,similar,underpriced,new-profile,marked,unfavorable,case_study_sample,850,0.5882352941176471,0,0,0
802,iPhone 13 Pro Max,500,NEGATIVE," vendre avec boîte et accessoires, plus dinformations en mp. Pas denvoi","Paris, IDF",2024.0,0,2,2,3,0,3,0,similar,underpriced,new-profile,legitimate,acceptable,case_study_sample,750,0.6666666666666666,1,0,1
803,iPhone 14,500,DETECTED,Me contacter si intéressé,"Paris, IDF",2024.0,0,2,2,3,7,2,1,similar,underpriced,new-profile,marked,unfavorable,case_study_sample,850,0.5882352941176471,0,0,0
804,iPhone 14,500,NEGATIVE," vendre avec boîte et accessoires, plus dinformations en mp. Pas denvoi","Marseille, PAC",2023.0,0,2,2,2,0,3,0,similar,underpriced,intermediate-or-missing,legitimate,acceptable,case_study_sample,850,0.5882352941176471,1,0,1
805,Iphone 13 pro max,500,DETECTED,Je vends mon iphone 13 pro max état neuf irréprochable batterie 100%Original 256gb débloqué sur tout opérateur avec tout les accessoires,"Montreuil, IDF",2024.0,0,2,2,3,7,2,1,similar,underpriced,new-profile,marked,unfavorable,case_study_sample,750,0.6666666666666666,0,0,0
806,iPhone 13 pro max 128 Go,500,NEGATIVE,Le produit est d'origine en excellent état de fonctionnement il est vendu avec une garantie et ses accessoires,"Paris, IDF",2024.0,0,2,2,3,0,3,0,similar,underpriced,new-profile,legitimate,acceptable,case_study_sample,750,0.6666666666666666,1,0,1
807,iPhone 13 Pro Max,500,DETECTED,128Go : Le produit est d'origine en excellent état de fonctionnement il est vendu avec une garantie,"Paris, IDF",2024.0,0,2,2,3,7,2,1,similar,underpriced,new-profile,marked,unfavorable,case_study_sample,750,0.6666666666666666,0,0,0
808,iPhone 13 Pro Max 128 Go,500,NEGATIVE,Le produit est d'origine en excellent état de fonctionnement il est vendu avec une garantie et ses accessoires,"Paris, IDF",2024.0,0,2,2,3,0,3,0,similar,underpriced,new-profile,legitimate,acceptable,case_study_sample,750,0.6666666666666666,1,0,1
809,Iphone 14 pro max,500,DETECTED,"Je vends mon iPhone 14 Pro 256GB en parfait état. Il n'a aucune rayure et a toujours été protégé avec des coques, un verre de protection décran et des films de protection sur les bords et l'arrière. Il fonctionne parfaitement et est comme neuf. Inclus dans la vente : boîte d'origine et chargeur. Raison de vente : je passe à l'iphone 15 Capacité de stockage: 256GB Couleur: Space Black tat de la batterie: 90%",Nom de lappareil,2024.0,0,2,2,3,7,2,1,similar,underpriced,new-profile,marked,unfavorable,case_study_sample,850,0.5882352941176471,0,0,0
810,iPhone 13 Pro Max 128 Go,500,NEGATIVE,Le produit est d'origine en excellent état de fonctionnement il est vendu avec une garantie et ses accessoires,"Paris, IDF",2021.0,0,2,2,1,0,3,0,similar,underpriced,older-profile,legitimate,acceptable,case_study_sample,750,0.6666666666666666,1,0,1
811,iPhone 13 Pro Max 128 Go,500,NEGATIVE,Le produit est d'origine en excellent état de fonctionnement il est vendu avec une garantie et ses accessoires,"Paris, IDF",2021.0,0,2,2,1,0,3,0,similar,underpriced,older-profile,legitimate,acceptable,case_study_sample,750,0.6666666666666666,1,0,1
812,iPhone 13 Pro Max 128 Go,500,NEGATIVE,Le produit est d'origine en excellent état de fonctionnement il est vendu avec une garantie et ses accessoires,"Paris, IDF",2021.0,0,2,2,1,0,3,0,similar,underpriced,older-profile,legitimate,acceptable,case_study_sample,750,0.6666666666666666,1,0,1
813,iPhone 13 Pro Max 128 Go,500,NEGATIVE,Le produit est d'origine en excellent état de fonctionnement il est vendu avec une garantie et ses accessoires,"Paris, IDF",2024.0,0,2,2,3,0,3,0,similar,underpriced,new-profile,legitimate,acceptable,case_study_sample,750,0.6666666666666666,1,0,1
814,iPhone 13 Pro Max,500,NEGATIVE,Le produit est d'origine en excellent état de fonctionnement il est vendu avec une garantie et ses accessoires,"Paris, IDF",2024.0,0,2,2,3,0,3,0,similar,underpriced,new-profile,legitimate,acceptable,case_study_sample,750,0.6666666666666666,1,0,1
815,iPhone 13 Pro Max 128 Go,500,NEGATIVE,Le produit est d'origine en excellent état de fonctionnement il est vendu avec une garantie et ses accessoires,"Paris, IDF",2024.0,0,2,2,3,0,3,0,similar,underpriced,new-profile,legitimate,acceptable,case_study_sample,750,0.6666666666666666,1,0,1
816,iPhone 13 Pro Max 128 Go,500,NEGATIVE,Description : Le produit est d'origine en excellent état de fonctionnement il est vendu avec une garantie et ses accessoires,"Paris, IDF",2024.0,0,3,2,3,0,3,0,duplicated,underpriced,new-profile,legitimate,acceptable,case_study_sample,750,0.6666666666666666,1,0,1
817,iPhone 13 Pro Max 128 Go,500,NEGATIVE,Le produit est d'origine en excellent état de fonctionnement il est vendu avec une garantie et ses accessoires,"Paris, IDF",2018.0,0,2,2,1,0,3,0,similar,underpriced,older-profile,legitimate,acceptable,case_study_sample,750,0.6666666666666666,1,0,1
818,iPhone 13 Pro Max 128 Go,500,NEGATIVE,Le produit est d'origine en excellent état de fonctionnement il est vendu avec une garantie et ses accessoires,"Paris, IDF",2024.0,0,2,2,3,0,3,0,similar,underpriced,new-profile,legitimate,acceptable,case_study_sample,750,0.6666666666666666,1,0,1
819,iPhone 13 Pro Max 128 Go,500,NEGATIVE,Le produit est dorigine en excellente état de fonctionnement est vendu avec une garantie et ses accessoires,"Paris, IDF",2024.0,0,2,2,3,0,3,0,similar,underpriced,new-profile,legitimate,acceptable,case_study_sample,750,0.6666666666666666,1,0,1
820,iPhone 13 Pro Max 128 Go,500,NEGATIVE,Le produit est d'origine en excellent état de fonctionnement il est vendu avec une garantie et ses accessoires,"Paris, IDF",2021.0,0,2,2,1,0,3,0,similar,underpriced,older-profile,legitimate,acceptable,case_study_sample,750,0.6666666666666666,1,0,1
821,Titre : iPhone 13 Pro Max 128 Go,500,NEGATIVE,Le produit est d'origine en excellent état de fonctionnement il est vendu avec une garantie et ses accessoires,"Paris, IDF",2023.0,0,2,2,2,0,3,0,similar,underpriced,intermediate-or-missing,legitimate,acceptable,case_study_sample,750,0.6666666666666666,1,0,1
822,iPhone 13 Pro Max 128 Go,500,NEGATIVE,Le produit est d'origine en excellent état de fonctionnement il est vendu avec une garantie et ses accessoires,"Paris, IDF",2018.0,0,2,2,1,0,3,0,similar,underpriced,older-profile,legitimate,acceptable,case_study_sample,750,0.6666666666666666,1,0,1
823,iPhone 13 Pro Max 128 Go,500,NEGATIVE,Le produit est d'origine en excellent état de fonctionnement il est vendu avec une garantie et ses accessoires,"Paris, IDF",2018.0,0,2,2,1,0,3,0,similar,underpriced,older-profile,legitimate,acceptable,case_study_sample,750,0.6666666666666666,1,0,1
824,iPhone 13 pro Max 128 giga,500,NEGATIVE,Le produit est d'origine en excellent état de fonctionnement et il est vendu avec sa garantie et accessoires,"Paris, IDF",2023.0,0,2,2,2,0,3,0,similar,underpriced,intermediate-or-missing,legitimate,acceptable,case_study_sample,750,0.6666666666666666,1,0,1
825,iPhone 13 Pro Max 128 Go,500,NEGATIVE,Le produit est d'origine en excellent état de fonctionnement il est vendu avec une garantie et ses accessoires,"Paris, IDF",2022.0,0,2,2,1,0,3,0,similar,underpriced,older-profile,legitimate,acceptable,case_study_sample,750,0.6666666666666666,1,0,1
826,iPhone 13 pro Max 128 Go,500,NEGATIVE,Le produit est d'origine en excellent état de fonctionnement il est vendu avec une garantie et ses accessoires,"Paris, IDF",2022.0,0,2,2,1,0,3,0,similar,underpriced,older-profile,legitimate,acceptable,case_study_sample,750,0.6666666666666666,1,0,1
827,iPhone 14 pro Max,500,DETECTED,"A  vendre iPhone 14 pro Max  iCloud déverrouillé Fonctionne parfaitement Pas de rayures Aucun dommage Aucune réparation Très bon état Tout neuf Santé de la batterie 99%  Livré avec chargeur,    Prix très intéressant","Saint-Denis-en-Val, CVL",2024.0,0,2,2,3,7,2,1,similar,underpriced,new-profile,marked,unfavorable,case_study_sample,850,0.5882352941176471,0,0,0
828,"Reprise rachète iphone & samsung immédiat 12 13 14 15 pro, max, plus ",499,DETECTED,"Reprise iPhone samsung 11 12 13 14 15, Pro, max, mini, plus  Rachat immédiat de vos smartphone iphone Samsung   Iphone 15 15 pro 15 pro max 15 plus Iphone 14 14 plus 14 pro & max  Iphone 13 13 pro 13 pro max 13 mini IPhone 12, 12 Pro ,12 mini, 12 pro Max iPhone 11, 11 Pro, 11 Pro Max  iPhone X , Xs , Xs max , Xr iPhone 8 8 plus , 7 7 plus  iPhone 6s 6s plus iPhone 6 5s 5se se 2020  Iphone neuf ou même icloud et blacklister blacklist opérateur pour pièce   Samsung galaxy S8 S8 plus S9 S9 plus S10 s10 plus, s10+ s10e, s10 e, S20, s21 s22 s23 s24 ultra  Zflip6 zflip 6 / zfold6 zfold 6  Note 9, A20 A30 A50 A54 A55 A71... One plus 7 pro  Huawei p8, p10, p20 pro mate 20 etc...  MacBook air, MacBook Pro, Airpods , ipad air, ipad pro, imac, apple watch, Dyson, thermomix, Tv, oled, qled, Pc portable, Microsoft surface, laptop...  Réponse et achat immédiat Remise en main propre dans un endroit sécurisé qui conviendra à moi et au vendeur Possibilité de déplacement","Lille, HDF",2019.0,0,1,1,1,3,2,0,unique,market-consistent,older-profile,low,acceptable,case_study_sample,400,1.2475,0,0,0
829,iPhone 13 pro max-180go + GARANTIE,490,DETECTED,"Bonjour, je vends mon iPhone 13 pro max, non négociable, à récupérer en main propre uniquement.","Paris, IDF",,1,2,2,2,6,2,1,similar,underpriced,intermediate-or-missing,marked,unfavorable,case_study_sample,750,0.6533333333333333,0,0,0
830,iPhone 14 pro max violet,490,DETECTED,"L'iPhone 14 Pro Max, est le dernier smartphone haut de gamme d'Apple, lancé en septembre 2022. Doté d'un design élégant et d'une configuration matérielle puissante, cet appareil est conçu pour offrir une expérience utilisateur exceptionnelle. L'écran OLED Super Retina XDR de 6,7 pouces est parfait pour afficher des contenus en haute résolution, tandis que le triple appareil photo prend des clichés époustouflants. En outre, la puce A16 Bionic à 5 curs et la batterie de 4373 mAh garantissent des performances fluides et une excellente autonomie.  L'iPhone 14 pro Max est disponible en couleur Violet intense  Les capacités de stockage proposées avec ce modèle sont de 1000 go","Paris, IDF",,1,2,2,2,6,2,1,similar,underpriced,intermediate-or-missing,marked,unfavorable,case_study_sample,850,0.5764705882352941,0,0,0
831,Iphone 13 pro max + GARANTIE,490,DETECTED,Le téléphone est dans un excellent état. En main propre seulement.  100% original. Inutile de négocier ,"Paris, IDF",,1,2,2,2,6,2,1,similar,underpriced,intermediate-or-missing,marked,unfavorable,case_study_sample,750,0.6533333333333333,0,0,0
832,iPhone 13 pro max blanc 128 giga,490,DETECTED,iPhone 13 Pro Max 128 giga  Me contacter pour plus dinformations,"Paris, IDF",,1,2,2,2,6,2,1,similar,underpriced,intermediate-or-missing,marked,unfavorable,case_study_sample,750,0.6533333333333333,0,0,0
833,iPhone 13 Pro Max,490,DETECTED,Très bon état  Pas négociable,"Paris, IDF",2024.0,0,2,2,3,7,2,1,similar,underpriced,new-profile,marked,unfavorable,case_study_sample,750,0.6533333333333333,0,0,0
834,iPhone 13 pro max,490,DETECTED,Facture et garantie disponibles pour cet iPhone 13 pro max en très bon état.  Je préfère les remises en main propre pour garantir une transaction en toute confiance. N'hésitez pas à me contacter pour convenir d'un rendez-vous. ,"Paris, IDF",2024.0,0,2,2,3,7,2,1,similar,underpriced,new-profile,marked,unfavorable,case_study_sample,750,0.6533333333333333,0,0,0
835,iPhone 13 pro max + accessoires et garantie,490,DETECTED,Facture et garantie disponibles pour cet iPhone 13 pro max en très bon état.  Je préfère les remises en main propres pour garantir une transaction en toute confiance. N'hésitez pas à me contacter pour convenir d'un rendez-vous. ,"Paris, IDF",2024.0,0,2,2,3,7,2,1,similar,underpriced,new-profile,marked,unfavorable,case_study_sample,750,0.6533333333333333,0,0,0
836,iPhone 13 Pro Max,490,DETECTED,Remise en main propre  Prix non négociable,"Paris, IDF",2024.0,0,2,2,3,7,2,1,similar,underpriced,new-profile,marked,unfavorable,case_study_sample,750,0.6533333333333333,0,0,0
837,Iphone 13 pro max 128 giga,490,DETECTED,iPhone 13 pro max 128GB avec facture et garantie. Contactez moi pour plus dinformations ,"Melun, IDF",2024.0,0,2,2,3,7,2,1,similar,underpriced,new-profile,marked,unfavorable,case_study_sample,750,0.6533333333333333,0,0,0
838,iPhone 13 Pro Max 128GB,490,DETECTED,"Je propose ce téléphone à la vente, complet avec facture, garantie, et accessoires. Contactez-moi si vous êtes intéressé.","Paris, IDF",2020.0,0,2,2,1,5,2,0,similar,underpriced,older-profile,borderline,acceptable,case_study_sample,750,0.6533333333333333,0,0,0
839,iPhone 13 Pro Max,490,DETECTED,"Bonjour, je vends ce téléphone avec facture et garantie, ainsi que tous ses accessoires. Merci de me contacter pour plus de détails.",Couleur,2024.0,0,2,2,3,7,2,1,similar,underpriced,new-profile,marked,unfavorable,case_study_sample,750,0.6533333333333333,0,0,0
840,iPhone 13 Pro Max,490,DETECTED,"Bonjour, ce téléphone est en vente. Il vient avec sa facture, sa garantie, et ses accessoires. Contactez-moi pour plus de détails.","Paris, IDF",2024.0,0,2,2,3,7,2,1,similar,underpriced,new-profile,marked,unfavorable,case_study_sample,750,0.6533333333333333,0,0,0
841,iPhone 14 plus,490,DETECTED,"Vends iPhone 14 plus en bon état.  chercher en main propre sur Toulouse, Lille ou Paris. Facture + garantie. Me contacter pour plus dinfos.","Toulouse, OCC",2024.0,0,2,2,3,7,2,1,similar,underpriced,new-profile,marked,unfavorable,case_study_sample,850,0.5764705882352941,0,0,0
842,iPhone 13 Pro Max,490,DETECTED,Bonjour je vend ce téléphone merci de me contacter pour plus dinformations,"Paris, IDF",2024.0,0,2,2,3,7,2,1,similar,underpriced,new-profile,marked,unfavorable,case_study_sample,750,0.6533333333333333,0,0,0
843,iPhone 13 pro max 128 Giga,490,DETECTED,iPhone 13 pro max 128 Giga avec facture et garantie.  Me contacter pour plus dinformations,"Paris, IDF",2019.0,0,2,2,1,5,2,0,similar,underpriced,older-profile,borderline,acceptable,case_study_sample,750,0.6533333333333333,0,0,0
844,iPhone 13 Pro Max 128 giga,490,DETECTED,"Bonjour, je propose à la vente ce téléphone avec sa facture, sa garantie, et tous ses accessoires dorigine. Merci de me contacter.","Paris, IDF",2024.0,0,2,2,3,7,2,1,similar,underpriced,new-profile,marked,unfavorable,case_study_sample,750,0.6533333333333333,0,0,0
845,IPhone 13 Pro Max,490,DETECTED,Facture et garantie disponible pour cet iPhone 13 Pro Max 128 Go en très bon état.  Je préfère les remises en main propre pour garantir une transaction en toute confiance. Nhésitez pas à me contacter pour convenir dun rendez-vous. ,"Paris, IDF",2020.0,0,2,2,1,5,2,0,similar,underpriced,older-profile,borderline,acceptable,case_study_sample,750,0.6533333333333333,0,0,0
846,iPhone 13 Pro Max 128gb,490,DETECTED,"Bonjour je vends ce téléphone qui est un produit dorigine et non reconditioné. Avec facture garantie et accessoires. Contactez moi en prv pour + dinfos. Nous avons différentes qualités : premier prix, intermédiaire et comme neuf.","Paris, IDF",2024.0,0,2,2,3,7,2,1,similar,underpriced,new-profile,marked,unfavorable,case_study_sample,750,0.6533333333333333,0,0,0
847,IPhone 13 Pro Max,490,DETECTED,Facture et garantie disponible pour cet iPhone 13 Pro Max 128 Go en très bon état.  Je préfère les remises en main propre pour garantir une transaction en toute confiance. Nhésitez pas à me contacter pour convenir dun rendez-vous. ,"Paris, IDF",2020.0,0,2,2,1,5,2,0,similar,underpriced,older-profile,borderline,acceptable,case_study_sample,750,0.6533333333333333,0,0,0
848,iPhone 13 Pro Max,490,DETECTED,"138 GB, Gold  Vendu avec garantie accesoire et facture !!  Me contacter pour plus d'infos","Marseille, PAC",2024.0,0,2,2,3,7,2,1,similar,underpriced,new-profile,marked,unfavorable,case_study_sample,750,0.6533333333333333,0,0,0
849,iPhone 13 Pro Max,490,DETECTED,Sous garanti et accessoire neuf  128g en tête,"Paris, IDF",2024.0,0,2,2,3,7,2,1,similar,underpriced,new-profile,marked,unfavorable,case_study_sample,750,0.6533333333333333,0,0,0
850,iPhone 13 Pro Max 128 Giga,490,DETECTED,"Bonjour, je vends ce téléphone avec facture, garantie, et tous ses accessoires. Merci de me contacter.","Paris, IDF",2024.0,0,2,2,3,7,2,1,similar,underpriced,new-profile,marked,unfavorable,case_study_sample,750,0.6533333333333333,0,0,0
851,iPhone 14 plus 128 Giga,490,DETECTED,"Bonjour, je vends ce téléphone avec facture, garantie, et tous ses accessoires. Merci de me contacte.","Paris, IDF",2024.0,0,2,2,3,7,2,1,similar,underpriced,new-profile,marked,unfavorable,case_study_sample,850,0.5764705882352941,0,0,0
852,IPhone 13 Pro Max,490,DETECTED,"Bonjour, je vends ce téléphone avec facture et garantie, ainsi que tous ses accessoires. Merci de me contacter pour plus de détails.","Le Pré-Saint-Gervais, IDF",2024.0,0,2,2,3,7,2,1,similar,underpriced,new-profile,marked,unfavorable,case_study_sample,750,0.6533333333333333,0,0,0
853,iPhone 13,490,DETECTED,"Acheté en février 2023. En excellent état.  Toujours protégé par une vitre de protection et une coque. Traité avec beaucoup de soins. Capacité de batterie à 92%. Débloqué tout opérateur.  Remise en main propre St Loubes, Bordeaux, Blayais","Saint-Loubès, NAQ",2008.0,0,2,2,1,5,2,0,similar,underpriced,older-profile,borderline,acceptable,case_study_sample,750,0.6533333333333333,0,0,0
854,IPHONE 13 PRO MAX + GARANTIE ,490,DETECTED,Sous garantie    main propre UNIQUEMENT    En très bon état    Accessoires et Facture inclus ,"Paris, IDF",2024.0,0,2,2,3,7,2,1,similar,underpriced,new-profile,marked,unfavorable,case_study_sample,750,0.6533333333333333,0,0,0
855,iPhone 14 Noir,480,DETECTED,"iPhone 14 noir , 128go Batterie 90% Facture si besoin  Téléphone entretenu , parfait état","Cébazat, ARA",,1,2,2,2,6,2,1,similar,underpriced,intermediate-or-missing,marked,unfavorable,case_study_sample,850,0.5647058823529412,0,0,0
856,iPhone 13,480,DETECTED,"Bonjour, je vends mon iPhone 13 128 giga neuf jamais utilisé jai gagné tout récemment liPhone 15 je nai pas besoin du 13 voilà","Lyon, ARA",2024.0,0,2,2,3,7,2,1,similar,underpriced,new-profile,marked,unfavorable,case_study_sample,750,0.64,0,0,0
857,iPhone 13 128g,480,DETECTED,Vend téléphone avec facture très bon état,"Le Mans, PDL",2023.0,0,2,2,2,6,2,1,similar,underpriced,intermediate-or-missing,marked,unfavorable,case_study_sample,750,0.64,0,0,0
858,iPhone 14 plus bleu ciel 128go,480,DETECTED,"Bonjour, suite à lachat dun nouveau téléphone je vend mon iPhone 14 plus bleu ciel 128 go Boîte dorigine + câble Apple + coque tat de la batterie 90% Quelque griffe si vous voulais un neuf nhésiter pas à aller aux magasin.  Cordialement","Valenciennes, HDF",2022.0,0,2,2,1,5,2,0,similar,underpriced,older-profile,borderline,acceptable,case_study_sample,850,0.5647058823529412,0,0,0
859,iPhone 13 pro max,480,DETECTED,IPhone 13 pro max 256 GO 99% la batterie fonctionne parfaitement,"Toulouse, OCC",2024.0,0,2,2,3,7,2,1,similar,underpriced,new-profile,marked,unfavorable,case_study_sample,750,0.64,0,0,0
860,iPhone 13 pro max,480,DETECTED,iPhone 13 pro max 256Go la batterie 99% de couleur grise avec tous ces accessoires d'origine et facture disponible sans aucun problème fonctionne parfaitement,"Diémoz, ARA",2024.0,0,2,2,3,7,2,1,similar,underpriced,new-profile,marked,unfavorable,case_study_sample,750,0.64,0,0,0
861,iPhone 13 128go,480,DETECTED,A vendre  iPhone 13 128 go Rose  Batterie 88% Très bon état  Uniquement remise en main propre,"Angoulême, NAQ",2008.0,0,2,2,1,5,2,0,similar,underpriced,older-profile,borderline,acceptable,case_study_sample,750,0.64,0,0,0
862,Iphone 13 128gigas,480,DETECTED,Je vend mon iphone 13  Couleur: bleu sidéral  128gigas  tat: quasiment neuf  Batterie: 85%  Il a toujours été protégé par un écran de protection et une coque. Vendu dans sa boite dorigine   A venir chercher uniquement en main propre,"Lamballe-Armor, BRE",,1,2,2,2,6,2,1,similar,underpriced,intermediate-or-missing,marked,unfavorable,case_study_sample,750,0.64,0,0,0
863,iPhone 13 rouge 128 Gb,480,DETECTED,"Vend iPhone 13 en état neuf, 128 Gb avec son câble et son emballage dorigine, acheté en février 2022.  Téléphone toujours protégé et il a aucune rayure !  Pourcentage batterie : 92% Remise en main propre, pas denvoi possible Prix négociable.","Vinassan, OCC",2023.0,0,2,2,2,6,2,1,similar,underpriced,intermediate-or-missing,marked,unfavorable,case_study_sample,750,0.64,0,0,0
864,Apple iPhone 13 Pro excellent état avec accessoires,480,DETECTED,Avec accessoires facture et garantie.  récupérer sur Lille ou Bordeaux. Me contacter pour plus d'informations.,"Lille, HDF",2022.0,0,2,2,1,5,2,0,similar,underpriced,older-profile,borderline,acceptable,case_study_sample,750,0.64,0,0,0
865,Vend iPhone 13,480,DETECTED,Vend iPhone 13 très bonne état jamais tombé avec coque et protection décran un peu usé ça se change il a 2 ans batterie très bonne voir photo prix 480 euros merci,"Labergement-lès-Auxonne, BFC",2010.0,0,1,2,1,4,2,0,unique,underpriced,older-profile,borderline,acceptable,case_study_sample,750,0.64,0,0,0
866,iPhone 13 pro max,480,DETECTED,"Il est propre aucune fissures toujours sous garantie jusqu'en juin 2025, 256 Go...99% la batterie facture d'achat dispo","Metz, GES",2024.0,0,1,2,3,6,2,1,unique,underpriced,new-profile,marked,unfavorable,case_study_sample,750,0.64,0,0,0
867,iPhone 13 Pro bleu alpin,480,DETECTED,Je vend mon téléphone débloque toute opérateur fonctionne parfaitement état très propre sans la boîte,"Denain, HDF",2023.0,0,2,2,2,6,2,1,similar,underpriced,intermediate-or-missing,marked,unfavorable,case_study_sample,750,0.64,0,0,0
868,iPhone 14,480,DETECTED,"Bonjour, je vends mon iPhone 14 tout neuf adaptateur plus câble fourni avec , par compte jai perdu ma boîte. 128giga Il a 100 % de batterie.  Remise en main propre, je naccepte pas la livraison!!","Paris, IDF",2014.0,0,2,2,1,5,2,0,similar,underpriced,older-profile,borderline,acceptable,case_study_sample,850,0.5647058823529412,0,0,0
869,iPhone 13 Pro 128giga,480,DETECTED,"Bonjour je vend mon iPhone 13 Pro couleur bleu alpin état comme neuf sans coup sans rayure vendu avec coque verre tremper dessus chargeur , cest un 128giga létat de batterie est à 86% tout est dorigine rien à étais changer dessus je le vend 480 ferme ou échange contre autre iPhone avec rajout de votre part merci","Wattrelos, HDF",2010.0,0,2,2,1,5,2,0,similar,underpriced,older-profile,borderline,acceptable,case_study_sample,750,0.64,0,0,0
870,Apple iPhone 13 Pro comme neuf avec accessoires,480,DETECTED,Avec accessoires facture et garantie.  récupérer sur Marseille. Me contacter pour plus d'informations.,"Marseille, PAC",2023.0,0,2,2,2,6,2,1,similar,underpriced,intermediate-or-missing,marked,unfavorable,case_study_sample,750,0.64,0,0,0
871,Iphone 13 128Go,480,DETECTED,"Bonjour,  Je vends mon iPhone 13 128Go acheté en juillet 2022, en très bon état avec quelques égratignures voir sur la dernière mais qui nimpact en rien lappareil photo, toujours protégé avec une coque ainsi quune vitre de protection. Létat de la batterie est de 87%. Vendu avec boîte et câble de chargement.","Sevenans, BFC",2015.0,0,2,2,1,5,2,0,similar,underpriced,older-profile,borderline,acceptable,case_study_sample,750,0.64,0,0,0
872,Apple iPhone 13 Pro comme neuf avec accessoires,480,DETECTED,Avec accessoires facture et garantie.  récupérer sur Lyon. Me contacter pour plus d'informations.,Est déverrouillé (O/N),2012.0,0,2,2,1,5,2,0,similar,underpriced,older-profile,borderline,acceptable,case_study_sample,750,0.64,0,0,0
873,iPhone 13 pro max nickel,480,DETECTED,"Il est original et très propre sans aucun défauts il fonctionne parfaitement avec la boîte et accessoires la facture d'achat y compris.256Go, 99% la la batterie","Bordeaux, NAQ",2024.0,0,2,2,3,7,2,1,similar,underpriced,new-profile,marked,unfavorable,case_study_sample,750,0.64,0,0,0
874,iPhone 13 128 gb,479,DETECTED,"Je vend mon iPhone 13 128gb batterie 89% Très bon état , na aucun problème je lai  changé pour avoir un iPhone 13 a 256gb.   Je lai acheté il y a un an de chez Apple il est donc totalement dorigine .","Marseille, PAC",2022.0,0,2,2,1,5,2,0,similar,underpriced,older-profile,borderline,acceptable,case_study_sample,750,0.6386666666666667,0,0,0
875,Iphone 13 Pro,475,DETECTED,Conseils de sécurité pour Marketplace,"Lelystad, FL",,1,3,2,2,7,2,1,duplicated,underpriced,intermediate-or-missing,marked,unfavorable,case_study_sample,750,0.6333333333333333,0,0,0
876,Iphone 13 PRO,475,DETECTED,Conseils de sécurité pour Marketplace,"Lelystad, FL",,1,3,2,2,7,2,1,duplicated,underpriced,intermediate-or-missing,marked,unfavorable,case_study_sample,750,0.6333333333333333,0,0,0
877,iphone 13 pro,470,DETECTED,zero rayure comme neuf  remise en main propre,"Sanilhac, NAQ",2023.0,0,2,2,2,6,2,1,similar,underpriced,intermediate-or-missing,marked,unfavorable,case_study_sample,750,0.6266666666666667,0,0,0
878,iPhone 14 128gb,470,DETECTED,"Bonjour, ce téléphone est en vente. Il vient avec sa facture, sa garantie, et ses accessoires. Contactez-moi pour plus de détails.","Paris, IDF",2024.0,0,2,2,3,7,2,1,similar,underpriced,new-profile,marked,unfavorable,case_study_sample,850,0.5529411764705883,0,0,0
879,iPhone 13 Pro 128giga,470,DETECTED,iPhone 13 Pro 128giga avec facture et garantie. Me contacter pour plus dinformations,"Paris, IDF",2024.0,0,2,2,3,7,2,1,similar,underpriced,new-profile,marked,unfavorable,case_study_sample,750,0.6266666666666667,0,0,0
880,iPhone 14,470,DETECTED,"Bonjour, ce téléphone est en vente. Il vient avec sa facture, sa garantie, et ses accessoires. Contactez-moi pour plus de détails.","Paris, IDF",2024.0,0,2,2,3,7,2,1,similar,underpriced,new-profile,marked,unfavorable,case_study_sample,850,0.5529411764705883,0,0,0
881,iPhone 14 128GB,470,DETECTED,"Bonjour, je vend ce téléphone avec facture et garantie pour plus dinfo nhésitez pas à me contacter.","Lille, HDF",2024.0,0,2,2,3,7,2,1,similar,underpriced,new-profile,marked,unfavorable,case_study_sample,850,0.5529411764705883,0,0,0
882,Iphone 14,470,DETECTED,"Bonjour, je vends ce téléphone avec facture, garantie, et tous ses accessoires. Merci de me contacter.","Paris, IDF",2024.0,0,2,2,3,7,2,1,similar,underpriced,new-profile,marked,unfavorable,case_study_sample,850,0.5529411764705883,0,0,0
883,Iphone 13 Pro,470,DETECTED,Iphone 13 Pro d'occasion bon état à partir de 470  avec facture et garantie ansi que tout les accès qui vont avec je vous invite à me contacter si vous êtes intéressé.,"Paris, IDF",2024.0,0,2,2,3,7,2,1,similar,underpriced,new-profile,marked,unfavorable,case_study_sample,750,0.6266666666666667,0,0,0
884,iPhone 13 Pro,470,DETECTED,"Bonjour, je propose à la vente ce téléphone avec sa facture, sa garantie et ses accessoires dorigine. Pour plus dinformations, merci de me contacter.","Paris, IDF",2024.0,0,2,2,3,7,2,1,similar,underpriced,new-profile,marked,unfavorable,case_study_sample,750,0.6266666666666667,0,0,0
885,iPhone 14,470,DETECTED,"Batterie entre 85% et 100%  Parfaitement fonctionnel Accessoires gratuit si présence dun code promo (me contacter pour lavoir)  Garantie jusqu'à 6 mois bon état (déjà servi) Débloqué tout opérateur Modèle français / européen  Plusieurs couleurs disponibles sans surcot  Plusieurs mémoires disponibles (en GB)  Plusieurs grades dispo avec prix qui peux varier entre 50 a 150 maximum.   PRIX FERME SI PREMIER PRIX (grade la plus basse= prix afficher sur lannonce)    Paiement par CB de préférence ou espèces    Paiement 2,3 ou 4x possible en CB.    Facture avec.    Si besoin de plus de renseignements ou autre, n'hésitez pas, réponse rapide assurée )  A très bientt","Paris, IDF",2024.0,0,1,2,3,6,2,1,unique,underpriced,new-profile,marked,unfavorable,case_study_sample,850,0.5529411764705883,0,0,0
886,IPhone 14  128gb,470,DETECTED,"IPhone 14 128gb  Bonjour, je mets en vente ce téléphone accompagné de sa facture, de sa garantie, et de tous ses accessoires. Merci de me contacter si intéressé.",Couleur,2024.0,0,2,2,3,7,2,1,similar,underpriced,new-profile,marked,unfavorable,case_study_sample,850,0.5529411764705883,0,0,0
887,iphone 13 pro,470,DETECTED,"iphone 13 pro 128 giga a partir de 470 prix non fixe, remise en main propre dans notre magasin sur Paris pour plus de détails ou de renseignements veuillez nous contacter en privé","Paris, IDF",2024.0,0,2,2,3,7,2,1,similar,underpriced,new-profile,marked,unfavorable,case_study_sample,750,0.6266666666666667,0,0,0
888,iPhone 13 Pro 128 Giga,470,DETECTED,"Bonjour, je mets en vente ce téléphone accompagné de sa facture, de sa garantie, et de tous ses accessoires. Merci de me contacter si intéressé.","Lille, HDF",2021.0,0,3,2,1,6,2,1,duplicated,underpriced,older-profile,marked,unfavorable,case_study_sample,750,0.6266666666666667,0,0,0
889,iPhone 14 128 Giga,470,DETECTED,Bonjour je vends ce téléphone pour plus dinfo merci de me contacter,Couleur,2024.0,0,2,2,3,7,2,1,similar,underpriced,new-profile,marked,unfavorable,case_study_sample,850,0.5529411764705883,0,0,0
890,iPhone 14 128 Giga,470,DETECTED,iPhone 14 128 Giga avec facture et garantie. Me contacter pour plus dinformations,"Paris, IDF",2019.0,0,2,2,1,5,2,0,similar,underpriced,older-profile,borderline,acceptable,case_study_sample,850,0.5529411764705883,0,0,0
891,iPhone 14,470,DETECTED,"Salut, je propose ce téléphone à la vente a partir de 470. Il est fourni avec facture, garantie, et accessoires. Nhésitez pas à me joindre pour plus dinfos","Paris, IDF",2021.0,0,2,2,1,5,2,0,similar,underpriced,older-profile,borderline,acceptable,case_study_sample,850,0.5529411764705883,0,0,0
892,Iphone 14,470,DETECTED,"Bonjour, je vends ce téléphone, il est accompagne de sa facture, sa garantie et ses accessoires. Me contacter pour plus dinfos","Paris, IDF",2024.0,0,2,2,3,7,2,1,similar,underpriced,new-profile,marked,unfavorable,case_study_sample,850,0.5529411764705883,0,0,0
893,iPhone 13 Pro 128 Giga,470,DETECTED,"Salut, je propose ce téléphone à la vente. Il est fourni avec facture, garantie, et accessoires. N'hésitez pas à me joindre pour plus d'infos.","Paris, IDF",2021.0,0,2,2,1,5,2,0,similar,underpriced,older-profile,borderline,acceptable,case_study_sample,750,0.6266666666666667,0,0,0
894,iPhone 14 128 Giga,470,DETECTED,"Bonjour, je mets en vente cette IPhone 14 128 Giga accompagné de sa facture, de sa garantie, et de tous ses accessoires. Merci de me contacter si intéressé.","Paris, IDF",2021.0,0,2,2,1,5,2,0,similar,underpriced,older-profile,borderline,acceptable,case_study_sample,850,0.5529411764705883,0,0,0
895,iPhone 14 128 Giga,470,DETECTED,iPhone 14 128 Giga avec facture et garantie. Contactez moi pour plus dinformations.,"Paris, IDF",2024.0,0,2,2,3,7,2,1,similar,underpriced,new-profile,marked,unfavorable,case_study_sample,850,0.5529411764705883,0,0,0
896,Iphone 14 128gb,470,DETECTED,"Bonjour, je vends liphone 14 128gb avec facture et garantie, ainsi que tous ses accessoires. Merci de me contacter pour plus de détails.",Couleur,2024.0,0,2,2,3,7,2,1,similar,underpriced,new-profile,marked,unfavorable,case_study_sample,850,0.5529411764705883,0,0,0
897,Iphone 13 pro 128gb,470,DETECTED,"Bonjour, ce téléphone est en vente. Il vient avec sa facture, sa garantie, et ses accessoires. Contactez-moi pour plus de détails. Mail pour me contacter : Vhidden information ou contacter via la plate-forme ",Est déverrouillé (O/N),2024.0,0,2,2,3,7,2,1,similar,underpriced,new-profile,marked,unfavorable,case_study_sample,750,0.6266666666666667,0,0,0
898,iPhone 13 Pro,470,DETECTED,"Bonjour, je vends ce téléphone avec facture, garantie et acce inclus. Pour plus dinformations, merci de me contacter.","Paris, IDF",2024.0,0,2,2,3,7,2,1,similar,underpriced,new-profile,marked,unfavorable,case_study_sample,750,0.6266666666666667,0,0,0
899,iphone 14,470,DETECTED,iphone 14 avec facture et garantie. Me contacter pour plus dinformation,"Paris, IDF",2022.0,0,2,2,1,5,2,0,similar,underpriced,older-profile,borderline,acceptable,case_study_sample,850,0.5529411764705883,0,0,0
900,iPhone 13 PRO,470,DETECTED,"Bonjour, je vends ce téléphone avec une capacité de stockage à 128 go, il vient avec la facture, la garantie et les accessoires. Pour plus dinformations, merci de me contacter.","Paris, IDF",2024.0,0,2,2,3,7,2,1,similar,underpriced,new-profile,marked,unfavorable,case_study_sample,750,0.6266666666666667,0,0,0
901,iPhone 14 128 Giga,470,DETECTED,iPhone 14 128 Giga avec facture et garantie. Me contacter pour plus dinformations.,"Paris, IDF",2024.0,0,2,2,3,7,2,1,similar,underpriced,new-profile,marked,unfavorable,case_study_sample,850,0.5529411764705883,0,0,0
902,Iphone 14 128 giga,470,DETECTED,"Bonjour, ce téléphone est en vente. Il vient avec sa facture, sa garantie, et ses accessoires. Contactez-moi pour plus de détails.","Paris, IDF",2023.0,0,2,2,2,6,2,1,similar,underpriced,intermediate-or-missing,marked,unfavorable,case_study_sample,850,0.5529411764705883,0,0,0
903,Iphone 14 128 giga,470,DETECTED,"Bonjour, ce téléphone est en vente. Il vient avec sa facture, sa garantie, et ses accessoires. Contactez-moi pour plus de détails.","Paris, IDF",2023.0,0,2,2,2,6,2,1,similar,underpriced,intermediate-or-missing,marked,unfavorable,case_study_sample,850,0.5529411764705883,0,0,0
904,iPhone 13 pro max,470,DETECTED,iPhone 13 pro max 256Go la batterie 99% de couleur grise avec tous ces accessoires d'origine et facture disponible sans aucun problème fonctionne parfaitement,"Valenciennes, HDF",2024.0,0,2,2,3,7,2,1,similar,underpriced,new-profile,marked,unfavorable,case_study_sample,750,0.6266666666666667,0,0,0
905,iPhone 14,470,DETECTED,"Bonjour, je vend ce téléphone avec tout les accessoires en plusieurs coloris, états disponibles. Contactez moi pour plus de renseignements.","Marseille, PAC",2023.0,0,2,2,2,6,2,1,similar,underpriced,intermediate-or-missing,marked,unfavorable,case_study_sample,850,0.5529411764705883,0,0,0
906,iPhone 14 pro Max 256gb purple,850,DETECTED,"iPhone 14 pro Max 256 gb mauve encore sous garantie jusquà octobre, batterie 88% fonctionne toujours très bien. Aucune rayures sur lécran avant ni arrière par contre quelques rayures sur les ctés.","Châtelet, WAL",,1,2,1,2,5,2,0,similar,market-consistent,intermediate-or-missing,borderline,acceptable,case_study_sample,850,1.0,0,0,0
907,iPhone 14 pro,850,DETECTED,"Vends iPhone 14 Pro en parfait état, fonctionne parfaitement débloquer tout opérateur 128 giga prix négociable dans la limite du raisonnable à venir chercher sur place. Pas denvoi.","Nozay, PDL",,1,2,1,2,5,2,0,similar,market-consistent,intermediate-or-missing,borderline,acceptable,case_study_sample,850,1.0,0,0,0
908,Iphone 14 Pro Max - 128Go Lila,850,DETECTED,"Iphone 14 Pro Max - 128Go Lila  Comme neuve, aucune griffe!  Etat de la batterie 94%  Pour plus dinfos MP",Sanem,,1,2,1,2,5,2,0,similar,market-consistent,intermediate-or-missing,borderline,acceptable,case_study_sample,850,1.0,0,0,0
909,iPhone 15 Pro Max neuf,850,DETECTED,"iPhone 15 Pro Max neuf jamais utilisé ni déballé tout d'origine directement de la maison Apple. Capacité de stockage 512GB, livraison possible. Contacter nous pour plus d'informations.","Marseille, PAC",,1,2,2,2,6,2,1,similar,underpriced,intermediate-or-missing,marked,unfavorable,case_study_sample,1200,0.7083333333333334,0,0,0
910,iPhone 15,850,DETECTED,"Vends I phone 15, 128 GO utilisé 3 mois uniquement, il est donc en excellente état. LiPhone est vendu avec son chargeur dorigine (boîtier + câble) ainsi que la coque. Prix non négociable","Metz, GES",,1,1,2,2,5,2,0,unique,underpriced,intermediate-or-missing,borderline,acceptable,case_study_sample,1200,0.7083333333333334,0,0,0
911,iPhone 15 Pro Max neuf,850,DETECTED,"iPhone 15 Pro Max neuf en vente, disponible en stock également tout d'origine à un prix compétitif. Capacité de stockage 512 go. Livraison possible. Contacter nous pour plus d'informations.","Paris, IDF",,1,2,2,2,6,2,1,similar,underpriced,intermediate-or-missing,marked,unfavorable,case_study_sample,1200,0.7083333333333334,0,0,0
912,iPhone 15 noir 256 G,850,DETECTED,iPhone ayant servit un mois.  Nickel. Facture à lappuie. Je lai acheter en avril. Depuis il est dans mon armoire il ne sert pas.  Il est comme neuf.   venir récupérer sur Tremblay.,"Tremblay-en-France, IDF",2009.0,0,2,2,1,5,2,0,similar,underpriced,older-profile,borderline,acceptable,case_study_sample,1200,0.7083333333333334,0,0,0
913,iPhone 15 Plus,850,DETECTED,Je lest utilisé que 6 mois,"Châteaudun, CVL",2023.0,0,1,2,2,5,2,0,unique,underpriced,intermediate-or-missing,borderline,acceptable,case_study_sample,1200,0.7083333333333334,0,0,0
914,iPhone 15 Pro Max,850,DETECTED,Rien à dire encore Neuf,"Pontoise, IDF",2021.0,0,1,2,1,4,2,0,unique,underpriced,older-profile,borderline,acceptable,case_study_sample,1200,0.7083333333333334,0,0,0
915,iPhone 15 Pro Max Neuf Emballé,850,DETECTED,iPhone 15 Pro Max Neuf Emballé  Capacité 512Go Facture et Garantie  Débloquer toute opérateur Acheter en France Remise main propre  Prix 850 Négociable,"Lille, HDF",2021.0,0,2,2,1,5,2,0,similar,underpriced,older-profile,borderline,acceptable,case_study_sample,1200,0.7083333333333334,0,0,0
916,iPhone 15 pro Max 256,850,DETECTED,Neuf jamais devisé avec tout c'est accessoires,"Paris, IDF",2024.0,0,2,2,3,7,2,1,similar,underpriced,new-profile,marked,unfavorable,case_study_sample,1200,0.7083333333333334,0,0,0
917,iPhone 15 Pro Max Neuf 256 GO,850,DETECTED,Je vends un IPhone 15 Pro Max Neuf. Capacité de 256 GO.,"Nivolas-Vermelle, ARA",2022.0,0,2,2,1,5,2,0,similar,underpriced,older-profile,borderline,acceptable,case_study_sample,1200,0.7083333333333334,0,0,0
918,iphone 14 plus,850,DETECTED,vend iphone 14 plus comme neuf,"Bracieux, CVL",2020.0,0,2,1,1,4,2,0,similar,market-consistent,older-profile,borderline,acceptable,case_study_sample,850,1.0,0,0,0
919,iPhone 15 pro Max 256 Go noir,850,DETECTED,"Je cède liPhone parce quil et trop grand jai le 15 pro  Je tien à préciser cest un cadeau et il et neuf jai juste enlever dans la boîte je nest pas la facture.  Je fournie ma pièce identité et une attestation de vente et un justificatif dadresse à la vente le produit et neuf pas de rayure rien boîte chargeur, le chargeur na pas étais déboucher.   Je néchange pas je ne fait pas denvoi.   Remise en main propre   Sur Brive la gaillarde je me déplace pas plus de 10km et je ne réserve pas le tel plus de renseignements ou photo hésiter pas","Brive-la-Gaillarde, NAQ",2023.0,0,1,2,2,5,2,0,unique,underpriced,intermediate-or-missing,borderline,acceptable,case_study_sample,1200,0.7083333333333334,0,0,0
920,iPhone 15 pro Max,850,DETECTED,Je mets en vente mon iPhone 15 pro Max car j'ai reçu 2 pour mon anniversaire,"Marseille, PAC",2024.0,0,2,2,3,7,2,1,similar,underpriced,new-profile,marked,unfavorable,case_study_sample,1200,0.7083333333333334,0,0,0
921,Vends IPhone 15 Plus,850,DETECTED,"Bonjour  Je vends mon Iphone 15 plus, noir, 128go NEUF (facture) pour cause de double emploi Vendu avec sa coque renforcée et le film protecteur pour lécran Acheté 930, vendu 850 Remise en main propre  Paiement en espèces ou virement instantané.   Pas d'échange, ni d'envoi","Montpellier, OCC",2015.0,0,2,2,1,5,2,0,similar,underpriced,older-profile,borderline,acceptable,case_study_sample,1200,0.7083333333333334,0,0,0
922,Iphone 15 etat neuf,850,DETECTED,"Bonjour,  Je propose à l'échange uniquement mon iPhone 15 (neuf)  Capacité de stockage : 128go tat de batterie : 97% Réseau : 5G Le téléphone est en excellent état, l'accroc en bas à droite est sur le verre trempé.  La vraie vitre est en parfait état.  Etudie toute proposition d'echange.","Metz, GES",2015.0,0,2,2,1,5,2,0,similar,underpriced,older-profile,borderline,acceptable,case_study_sample,1200,0.7083333333333334,0,0,0
923,iPhone 14 pro Max 128 GB,850,NEGATIVE,"Vend iPhone 14pro Max128 GB, état neuf, pas de rayure ni sur lavant du téléphone, ni sur larrière.  Vendu avec coque renforcé otterbox (49,99) et plusieurs autre coques.  Vendu avec son câble de chargement sans adaptateur USB-C.  Acheté chez Apple vendu avec facture.","Chalon-sur-Sane, BFC",2016.0,0,1,1,1,0,3,0,unique,market-consistent,older-profile,legitimate,acceptable,case_study_sample,850,1.0,1,0,1
924,iPhone 15,850,DETECTED,Aucun problème à décaler vendu avec une coque Stitch,"Grenoble, ARA",2020.0,0,2,2,1,5,2,0,similar,underpriced,older-profile,borderline,acceptable,case_study_sample,1200,0.7083333333333334,0,0,0
925,Iphone 15 neuf garantie,850,DETECTED,Iphone 15 neuf garantie facture disponible 850 ferme pas d envoi remise en main propre,"Champagnole, BFC",2023.0,0,2,2,2,6,2,1,similar,underpriced,intermediate-or-missing,marked,unfavorable,case_study_sample,1200,0.7083333333333334,0,0,0
926,Iphone 14 pro max,850,DETECTED,Bonjours je vend cet iPhone 14 pro max 850 un peu casser est en très bon état la batterie 89% tout est en marche tout fonctionne est je ne fait pas denvoie.,"Béville-le-Comte, CVL",2018.0,0,2,1,1,4,2,0,similar,market-consistent,older-profile,borderline,acceptable,case_study_sample,850,1.0,0,0,0
927,iPhone 15 pro max,850,DETECTED,iPhone 15 Pro Max neuf jamais utilisé ni déballé tout d'origine directement importé de la maison apple. Capacité de stockage 512 GB. Disponible en stock également à un prix compétitif. Livraison possible. Contacter nous pour plus d'informations.,"Mantes-la-Jolie, IDF",2021.0,0,2,2,1,5,2,0,similar,underpriced,older-profile,borderline,acceptable,case_study_sample,1200,0.7083333333333334,0,0,0
928,iPhone 15 pro 256 gb,850,DETECTED,iPhone 15 pro 246 gb . Couleur titane naturel . Vendu avec sa boîte dorigine câble usb-c . Coque et verre trempé . Très bon état toujours protégé .,"Langlade, OCC",,1,2,2,2,6,2,1,similar,underpriced,intermediate-or-missing,marked,unfavorable,case_study_sample,1200,0.7083333333333334,0,0,0
929,iPhone 14 Pro Max 128Go,850,DETECTED,"avec facture, garantie et accessoires","Paris, IDF",2024.0,0,2,1,3,6,2,1,similar,market-consistent,new-profile,marked,unfavorable,case_study_sample,850,1.0,0,0,0
930,iPhone 14,850,DETECTED,"Vend iPhone 14 avec chargeur, coque, verre trempé  Je fait pas denvoi par DHL ou autre. Merci de récupérer sur place !","Châtellerault, NAQ",2013.0,0,2,1,1,4,2,0,similar,market-consistent,older-profile,borderline,acceptable,case_study_sample,850,1.0,0,0,0
931,iPhone 15 pro,850,DETECTED,"Bonjour je vend mon iPhone 15 pro , qui en état 100% , tout neuf avec sa boîte et son chargeur , état de la batterie 100% plus dinfos mp merci .","Paris, IDF",2011.0,0,2,2,1,5,2,0,similar,underpriced,older-profile,borderline,acceptable,case_study_sample,1200,0.7083333333333334,0,0,0
932,iPhone 14 Pro Max,850,DETECTED,Vente uniquement en main propre PAS DENVOI  Vend IPhone 14 Pro Max 128 Gigas Vendu avec son chargeur dorigine dans sa boîte dorigine,"Fagnières, GES",2017.0,0,2,1,1,4,2,0,similar,market-consistent,older-profile,borderline,acceptable,case_study_sample,850,1.0,0,0,0
933,iPhone 14 pro 256GO,850,DETECTED,Prix ferme. Je ne fais pas denvoie !,"Durban-Corbières, OCC",2018.0,0,1,1,1,3,2,0,unique,market-consistent,older-profile,low,acceptable,case_study_sample,850,1.0,0,0,0
934,iPhone 15 pro 256 gb titane naturel,850,DETECTED,Bonjour je vend mon téléphone toute neuf dans la boîte jamais utiliser jamais ouvert garentie 2 ans,"Montpellier, OCC",2012.0,0,2,2,1,5,2,0,similar,underpriced,older-profile,borderline,acceptable,case_study_sample,1200,0.7083333333333334,0,0,0
935,iPhone 15 128 go,850,DETECTED,iPhone 15 128go neuf sous booster Parfait état  850 possible de négocier,"Dijon, BFC",2016.0,0,2,2,1,5,2,0,similar,underpriced,older-profile,borderline,acceptable,case_study_sample,1200,0.7083333333333334,0,0,0
936,iPhone 15 pro 256gb,850,DETECTED,Bonjours je met en vente mon iPhone 15 pro 256gb couleur noir titane il est comme neuf jamais utilisé!!  Je le vend 850 ferme je répondrais pas aux négociations ou échange contres uniquement iPhone + rajout. Pas denvois uniquement main propre,"Roubaix, HDF",2023.0,0,1,2,2,5,2,0,unique,underpriced,intermediate-or-missing,borderline,acceptable,case_study_sample,1200,0.7083333333333334,0,0,0
937,IPhone 14 pro Max 128GB,850,DETECTED,"** vendre : iPhone 14 Pro Max 128GB**   - **Couleur :** Violet  - **Batterie :** 89%  - **Débloqué tout opérateur**  - **Capacité de stockage :** 128GB  - **Accessoires inclus :**  - Film de protection sur lécran  - Coque de protection avec MagSafe  - Protection pour objectifs photo  - Facture dachat disponible    Le téléphone est dans un état irréprochable, toujours protégé depuis son achat. Temps de charge et décharge de la batterie toujours respecté (20 - 80%).   Vendu avec sa boîte dorigine, **sans** le câble d'origine.  Possibilité de rajouter un câble de chargement lors de la vente.    **Remise en main propre de préférence.**   **PAS DE PAIEMENT PAR PAYPAL**   Prix **négociable** dans la limite du raisonnable.    ---",Couleur,2008.0,0,1,1,1,3,2,0,unique,market-consistent,older-profile,low,acceptable,case_study_sample,850,1.0,0,0,0
938,Iphone 15 Pro Parfait état,850,DETECTED,"Iphone 15 Pro Bleu Titane 128 Go  Comme neuf, toujours protégé par verre trempé devant et derrière (cf photo arrière) et coque rigide.  Aucune rayure , aucun choc  Vendu avec 2 coques rigides neuves, 4 verres trempés décran  Vendu boite complète avec cable de charge non utilisé neuf.    Débloqué tous opérateurs.   Garantie Apple fin septembre 2024, garantie légale 2 ans fin setembre 2025.  AUCUN ECHANGE.",Est déverrouillé (O/N),2008.0,0,1,2,1,4,2,0,unique,underpriced,older-profile,borderline,acceptable,case_study_sample,1200,0.7083333333333334,0,0,0
939,iPhone 15,849,DETECTED,"Bonjour, je vends mon iPhone 15 256 NEUF il est sous blister et na jamais été ouvert, je fournis la facture avec le téléphone, il est encore garantie, 10 mois.","Waziers, HDF",2018.0,0,2,2,1,5,2,0,similar,underpriced,older-profile,borderline,acceptable,case_study_sample,1200,0.7075,0,0,0
940,iPhone 15 pro 128GB,830,DETECTED,iPhone 15 pro 128GB neuf sans problème avec une garantie de 2 ans,"Paris, IDF",2024.0,0,2,2,3,7,2,1,similar,underpriced,new-profile,marked,unfavorable,case_study_sample,1200,0.6916666666666667,0,0,0
941,iPhone 14 Pro Max 256Go Argent Batterie 100%,830,DETECTED,"Bonjour,   Je vends mon iPhone 14 Pro Max acheté récemment chez Amazon, modèle grande capacité 256Go   Pas d'iCloud bien sr, tel 100% fonctionnel et 100% original, FaceID, TrueTone, TrueDepth, etc etc  Facture disponible de Mai 2024, vous n'en trouverez pas de plus récent sur le marché, ni avec une batterie dans un aussi bon état.   A noter: une micro rayure sur l'écran, malheureusement invisible sur les photos. Téléphone protégé par verre trempé depuis et le tout est bien sr complètement invisible à l'usage.   Le téléphone est évidemment un original, la facture est déjà chargée dans le téléphone dans les photos (screenshot d'Amazon)  Fourni avec sa coque et son chargeur original  N'hésitez pas pour toute question","Paris, IDF",2011.0,0,2,1,1,4,2,0,similar,market-consistent,older-profile,borderline,acceptable,case_study_sample,850,0.9764705882352941,0,0,0
942,Iphone 15 pro max,825,DETECTED,iPhone 15 Pro Max neuf jamais utilisé ni déballé tout d'origine directement importé de la maison apple. Capacité de stockage 512 GB.,"Orléans, CVL",2024.0,0,2,2,3,7,2,1,similar,underpriced,new-profile,marked,unfavorable,case_study_sample,1200,0.6875,0,0,0
943,iPhone 14 pro Max,820,DETECTED,"Bonjour Je vend mon iPhone 14 pro Max avec facture et boîte, 2 coque et une paire d'AirPod. Ou échange avec un 14 pro.","Toulouse, OCC",2024.0,0,2,1,3,6,2,1,similar,market-consistent,new-profile,marked,unfavorable,case_study_sample,850,0.9647058823529412,0,0,0
944,iPhone 14 pro Max,810,DETECTED,Je propose un iPhone 14 pro Max noir 256 go avec la facture et bien sr la garantie valable 6 mois. Il est accompagné de cest accessoire tout neuf jamais utilisé veuillez me contacter pour plus dinformations  PAS DENVOI ,Couleur,2024.0,0,2,1,3,6,2,1,similar,market-consistent,new-profile,marked,unfavorable,case_study_sample,850,0.9529411764705882,0,0,0
945,iPhone 14 Pro Max,810,DETECTED,Bonjour on vends cet iPhone 14 Pro Max 128gb disponible en différents coloris avec accessoires et facture garantie donc nhésitez pas à me contacter pour plus dinformations.,"Marseille, PAC",2024.0,0,2,1,3,6,2,1,similar,market-consistent,new-profile,marked,unfavorable,case_study_sample,850,0.9529411764705882,0,0,0
946,iPhone 14 pro max 128go,810,DETECTED,iPhone 14 pro max or 128go en très bon état. Vendu avec facture  garantie 6 mois et accessoires neuf PAS DENVOI  Nhésitez pas me contactez pour plus dinformations sois par message privé sois par numéro hidden information,"Aulnay-sous-Bois, IDF",2023.0,0,2,1,2,5,2,0,similar,market-consistent,intermediate-or-missing,borderline,acceptable,case_study_sample,850,0.9529411764705882,0,0,0
947,iPhone 15 Pro Max neuf,800,DETECTED,"Je propose à la vente un Apple iPhone 15 Pro Max en capacité de 512 Go, encore scellé dans son emballage d'origine. Ce modèle haut de gamme est parfait pour ceux qui recherchent une performance inégalée, une caméra de qualité exceptionnelle et une expérience utilisateur fluide.  Détails du produit : - Modèle: iPhone 15 Pro Max - Capacité: 512 Go - tat: Neuf, scellé - Couleur: Bleue, blanc, noire, ... - Garantie: Couvert par la garantie Apple  Points forts : - Processeur A17 Bionic pour des performances optimales - Caméra Pro avec capteur amélioré pour des photos et vidéos époustouflantes - cran Super Retina XDR pour une qualité daffichage exceptionnelle - Design élégant et résistant avec le nouveau châssis en titane  Prix : 1000  Nhésitez pas à me contacter pour plus dinformations ou pour organiser une visite. Premier arrivé, premier servi !  Merci de votre intérêt.  Davies Luc Mail: daviesluc6gmail.com","Paris, IDF",,1,2,2,2,6,2,1,similar,underpriced,intermediate-or-missing,marked,unfavorable,case_study_sample,1200,0.6666666666666666,0,0,0
948,iphone 15 rose,800,DETECTED,128go prix négociable,"Le Cateau-Cambrésis, HDF",,1,1,2,2,5,2,0,unique,underpriced,intermediate-or-missing,borderline,acceptable,case_study_sample,1200,0.6666666666666666,0,0,0
949,iPhone 14 pro max,800,DETECTED,Apple IPHONE 14 pro max avec boîte  Série de modèle 2023  Couleur blanche  Capacité de stockage 256 Go   Garantie avec Apple jusqu'à 1 an ( éligible pour un produit AppleCare)  xpédition compte prise en charge,"Bois-le-Roi, IDF",2023.0,0,2,1,2,5,2,0,similar,market-consistent,intermediate-or-missing,borderline,acceptable,case_study_sample,850,0.9411764705882353,0,0,0
950,iPhone 14,800,DETECTED,iPhone 14 bleu en très bon état,"Cosne-Cours-sur-Loire, BFC",2015.0,0,2,1,1,4,2,0,similar,market-consistent,older-profile,borderline,acceptable,case_study_sample,850,0.9411764705882353,0,0,0
951,iPhone 15 Pro Max,800,DETECTED,iPhone a vendre neuf sous blister,"Combs-la-Ville, IDF",2021.0,0,2,2,1,5,2,0,similar,underpriced,older-profile,borderline,acceptable,case_study_sample,1200,0.6666666666666666,0,0,0
952,iPhone 15 pratiquement neuf,800,DETECTED,Pratiquement neuf avec boîte négociable légèrement. Remise en main propre seulement.,Couleur,2014.0,0,2,2,1,5,2,0,similar,underpriced,older-profile,borderline,acceptable,case_study_sample,1200,0.6666666666666666,0,0,0
953,Iphone 15 pro 128 gb,800,DETECTED,"Pas de paypal, remise en main propre uniquement !","Mansac, NAQ",2017.0,0,2,2,1,5,2,0,similar,underpriced,older-profile,borderline,acceptable,case_study_sample,1200,0.6666666666666666,0,0,0
954,iPhone 15 pro Max,800,DETECTED,Bonjour je vend mon iPhone 15pro Max jamais déballé toujours sous garantie je les acheter ya quelque mois pour loffrir finalement je le revend pour me faire un peut dargent pour plus de renseignements merci de menvoyer un message.,"Villiers-sur-Marne, IDF",2024.0,0,2,2,3,7,2,1,similar,underpriced,new-profile,marked,unfavorable,case_study_sample,1200,0.6666666666666666,0,0,0
955,Apple iPhone 14 Pro - Noir sidéral - 256 Go - Batterie à 100 %,800,DETECTED,"iPhone 14 Pro Apple tout neuf en parfait état avec emballage dorigine.   Détails:  Modèle: iPhone 14 Pro  Couleur: Space Black  Stockage: 256 Go  tat de la batterie: 100%  Extras: Protection décran de confidentialité gratuite (CHF 49) et coque MagSafe originale Apple (CHF 50)  tat: Jamais utilisé, toutes pièces dorigine, aucune réparation  Prix Neuf: CHF 1,200   Remarque: Pas de garantie et pas de reçu dachat. Pas sur liste noire. IMEI et numéro de série disponibles sur demande pour vérification. Pour questions, photos supplémentaires ou preuve dauthenticité, laissez un message.",Matériau,2024.0,0,3,1,3,7,2,1,duplicated,market-consistent,new-profile,marked,unfavorable,case_study_sample,850,0.9411764705882353,0,0,0
956,iphone 15 pro max,800,DETECTED,iPhone 15 pro max 512Go en parfait état avec sa boite et son câble de charge. Il dispose d'une facture pour la garantie,Matériau,2020.0,0,2,2,1,5,2,0,similar,underpriced,older-profile,borderline,acceptable,case_study_sample,1200,0.6666666666666666,0,0,0
957,Echange iPhone 14 Pro contre S24 ultra,800,DETECTED,Je recherche un Samsung S24 Ultra pour l'échanger contre mon iPhone 14 Pro et 200 euros maximum,"Rixheim, GES",2024.0,0,2,1,3,6,2,1,similar,market-consistent,new-profile,marked,unfavorable,case_study_sample,850,0.9411764705882353,0,0,0
958,Iphone 15 pro,800,DETECTED,Je mets en vente l'iphone de mon petit frère qui est dans l'urgence.,Nom de lappareil,2023.0,0,2,2,2,6,2,1,similar,underpriced,intermediate-or-missing,marked,unfavorable,case_study_sample,1200,0.6666666666666666,0,0,0
959,Portable iphone 15 pro maxi,800,DETECTED,Toutes dans le monde Avec livraison gratuite,Nom de lappareil,2024.0,0,1,2,3,6,2,1,unique,underpriced,new-profile,marked,unfavorable,case_study_sample,1200,0.6666666666666666,0,0,0
960,iPhone 15 pro,800,DETECTED,"Il sera donné avec sa boite et son chargeur, très peu utilisé, comme neuf. Vous pouvez nous contacter à ce numéro.          hidden information","Marseille, PAC",2024.0,0,1,2,3,6,2,1,unique,underpriced,new-profile,marked,unfavorable,case_study_sample,1200,0.6666666666666666,0,0,0
961,iPhone 15 comme neuf,800,DETECTED,iPhone 15 128go avec facture garantie et accessoires neuf  Je ne fais pas denvoi  ni de livraison   Le téléphone est en très bon état  Contactez moi directement en privé ou sur mon numéro hidden information,"Aulnay-sous-Bois, IDF",2024.0,0,2,2,3,7,2,1,similar,underpriced,new-profile,marked,unfavorable,case_study_sample,1200,0.6666666666666666,0,0,0
962,iphone 15 comme neuf,800,DETECTED,"Je vends mon iPhone 15 noir, en parfait état. Encore sous garantie pendant 6 mois. Vendu avec la facture et tous les accessoires d'origine, neufs et non utilisés. Veuillez me contacter pour plus de renseignements !","Aulnay-sous-Bois, IDF",2022.0,0,2,2,1,5,2,0,similar,underpriced,older-profile,borderline,acceptable,case_study_sample,1200,0.6666666666666666,0,0,0
963,Iphone 15 plus 128 go avec facture et garantie,800,DETECTED,"Iphone 15 plus 128 go  De couleur vert menthe Le téléphone est fourni avec la facture, garantie et accessoires  Pas sérieux s'abstenir, pour plus d'informations n'hésitez pas à me contacter ","Paris, IDF",2024.0,0,2,2,3,7,2,1,similar,underpriced,new-profile,marked,unfavorable,case_study_sample,1200,0.6666666666666666,0,0,0
964,iPhone 15 avec garantie et facture,800,DETECTED,Je vend un iPhone 15 comme neuf avec sa garantie de 6mois. Le téléphone et accompagné de sa facture et de cest accessoire neuf jamais utilisés pas denvoi,Est déverrouillé (O/N),2023.0,0,2,2,2,6,2,1,similar,underpriced,intermediate-or-missing,marked,unfavorable,case_study_sample,1200,0.6666666666666666,0,0,0
965,iPhone 15 garantie,800,DETECTED,iPhone 15 blanc 128go en très bon état. Vendu avec facture  garantie 6 mois et accessoires neuf PAS DENVOI  Nhésitez pas me contactez pour plus dinformations sois par message privé sois par numéro hidden information,"Aulnay-sous-Bois, IDF",2023.0,0,2,2,2,6,2,1,similar,underpriced,intermediate-or-missing,marked,unfavorable,case_study_sample,1200,0.6666666666666666,0,0,0
966,iPhone 15 Plus,800,NEGATIVE," vendre avec boîte et accessoires, plus dinformations en mp. Pas denvoi","Paris, IDF",2022.0,0,2,2,1,0,3,0,similar,underpriced,older-profile,legitimate,acceptable,case_study_sample,1200,0.6666666666666666,1,0,1
967,iPhone 15 Plus,800,NEGATIVE,"A vendre avec boîte et accessoires, plus dinformations en mp. Pas denvoi","Marseille, PAC",2023.0,0,2,2,2,0,3,0,similar,underpriced,intermediate-or-missing,legitimate,acceptable,case_study_sample,1200,0.6666666666666666,1,0,1
968,iPhone 14 Pro,800,DETECTED,Tout neuf dans la boite  Avec chargeur,"Pierre-Bénite, ARA",2009.0,0,2,1,1,4,2,0,similar,market-consistent,older-profile,borderline,acceptable,case_study_sample,850,0.9411764705882353,0,0,0
969,iPhone 15 neuf,800,DETECTED,"iPhone 15 128 go  Achète neuf, à peine servi 1 semaine pour dépannage  Coque et verre trempé Forcecase Coque avec MagSafe  Vendu dans sa boîte avec le câble Fonctionne parfaitement bien (encore heureux)","Faucigny, ARA",2010.0,0,2,2,1,5,2,0,similar,underpriced,older-profile,borderline,acceptable,case_study_sample,1200,0.6666666666666666,0,0,0
970,iPhone 15 Plus,800,NEGATIVE,"A vendre avec boîte et accessoires, plus dinformations en mp. Pas denvoi","Paris, IDF",2024.0,0,2,2,3,0,3,0,similar,underpriced,new-profile,legitimate,acceptable,case_study_sample,1200,0.6666666666666666,1,0,1
971,iPhone 14 Pro Max 128Go avec facture,800,DETECTED,Facture garantie et accessoires  Paiement en plusieurs fois disponible  Plus dinformations en privé,"Paris, IDF",2024.0,0,2,1,3,6,2,1,similar,market-consistent,new-profile,marked,unfavorable,case_study_sample,850,0.9411764705882353,0,0,0
972,Apple iPhone 14 Pro 128 Go Violet Intense,800,DETECTED,Je vends mon téléphone état neuf jamais servir (ancien téléphone en panne remplacé neuf) donc pas de boîte origine ni câble chargeur  Cordialement,"Bourg-en-Bresse, ARA",2010.0,0,2,1,1,4,2,0,similar,market-consistent,older-profile,borderline,acceptable,case_study_sample,850,0.9411764705882353,0,0,0
973,iPhone 15 sous blister 256 Go,800,DETECTED,"iPhone 15 ,256 go a vendre  Pour plus dinformations me contacter en privé ","Saint-Ouen-sur-Seine, IDF",2023.0,0,2,2,2,6,2,1,similar,underpriced,intermediate-or-missing,marked,unfavorable,case_study_sample,1200,0.6666666666666666,0,0,0
974,Iphone 14 pro,800,DETECTED,change uniquement   Coque chargeur fournie   Uniquement contre iPhone,"Valenciennes, HDF",2009.0,0,2,1,1,4,2,0,similar,market-consistent,older-profile,borderline,acceptable,case_study_sample,850,0.9411764705882353,0,0,0
975,iPhone 15 plus comme neuf batterie 100/100,800,DETECTED,iPhone 15 plus occasion comme neuf,"Gardanne, PAC",2020.0,0,2,2,1,5,2,0,similar,underpriced,older-profile,borderline,acceptable,case_study_sample,1200,0.6666666666666666,0,0,0
976,iPhone 15 bleu garantie,800,DETECTED,"Bonjour à tous ! Je vends un iPhone 15  avec garantie, facture et accessoires neufs inclus, choix de couleurs possible. Il est en excellent état ! Débloqué pour tous les opérateurs, utilisation sans problème et une batterie qui tient la route. Prix négociable sur place, n'hésitez pas à me contacter pour plus d'informations.","Paris, IDF",2024.0,0,2,2,3,7,2,1,similar,underpriced,new-profile,marked,unfavorable,case_study_sample,1200,0.6666666666666666,0,0,0
977,Iphone 15,800,DETECTED,Bonjour Je vend iphone 15 en très bon état neuf sous garantie 800 euros négociable dans la limite du raisonnable,"Corrèze, NAQ",2015.0,0,2,2,1,5,2,0,similar,underpriced,older-profile,borderline,acceptable,case_study_sample,1200,0.6666666666666666,0,0,0
978,iPhone 15 128 go,800,DETECTED,"Vends iPhone 15128 rose, neuf acheté, il y a même pas une semaine je narrive pas à men servir je le vends pour acheter un Samsung me contacter pour plus de renseignements","Lézignan-Corbières, OCC",2009.0,0,2,2,1,5,2,0,similar,underpriced,older-profile,borderline,acceptable,case_study_sample,1200,0.6666666666666666,0,0,0
979,Vendu   iPhone 14 Pro Max 256 Go violet avec facture,800,DETECTED,"Phone 14 pro Max 256 Go très peu servi. Protégé par une coque et un écran de protection. Pas de rayure, état neuf. Facture dachat disponible. 90% de batterie  Pas denvoi, remise en main propre à Castres, Revel en liquide uniquement. Arnaque passez votre chemin.",Couleur,2008.0,0,2,1,1,4,2,0,similar,market-consistent,older-profile,borderline,acceptable,case_study_sample,850,0.9411764705882353,0,0,0
980,iPhone 15 pro Max gris,800,DETECTED,"Je vend mon iPhone 15 pro Max car je souhaite un acheter un autre modèle.  Létat de la batterie 100%, le téléphone na eu aucun choc, aucune rayures. Fournit avec le câble dorigine.  Je reste disponible pour toutes questions.","La Chapelle-Saint-Mesmin, CVL",2013.0,0,2,2,1,5,2,0,similar,underpriced,older-profile,borderline,acceptable,case_study_sample,1200,0.6666666666666666,0,0,0
981,Iphone 15 pro max,800,DETECTED,Iphone avec tout avec factour avec garant factour apple,"Paris, IDF",2024.0,0,2,2,3,7,2,1,similar,underpriced,new-profile,marked,unfavorable,case_study_sample,1200,0.6666666666666666,0,0,0
982,Iphone  15 sous blister 128GB,800,DETECTED,Je met en vente un iPhone 15 sous blister. Inutile de menvoyez un message pour un envoi ou un paiement paypal ou je ne sais quel supercherie. Jaccepte que les paiements en espèce et il est a récupérer sur Lyon 7. Donc merci de bien lire lannonce pour ne pas perdre de temps. Le prix est légèrement négociable à la limite du raisonnable.,"Lyon, ARA",2022.0,0,2,2,1,5,2,0,similar,underpriced,older-profile,borderline,acceptable,case_study_sample,400,2.0,0,0,0
983,Iphone 14 pro max,800,DETECTED,"Iphone 14 pro max vendu avec ses accessoires, il a une capacité de 128 giga. Couleur gris sideral, ecran et chassis en TRES bon etat. Le telephone ne presente aucun probleme technique ou esthetique. Le prix est de 800a debattre si c'est acheté dans l'immediat","Strasbourg, GES",2019.0,0,2,1,1,4,2,0,similar,market-consistent,older-profile,borderline,acceptable,case_study_sample,850,0.9411764705882353,0,0,0
984,iPhone 14 pro 256 gb batterie 87%,800,DETECTED,Très bien entretenu avec facture   débattre dans la limite du raisonnable  Prix en reconditionné avec batterie équivalente 850 euros,"Montpellier, OCC",2008.0,0,2,1,1,4,2,0,similar,market-consistent,older-profile,borderline,acceptable,case_study_sample,850,0.9411764705882353,0,0,0
985,iPhone 14,800,DETECTED,iPhone 14 bleu en très bon état,"Cosne-Cours-sur-Loire, BFC",2024.0,0,2,1,3,6,2,1,similar,market-consistent,new-profile,marked,unfavorable,case_study_sample,850,0.9411764705882353,0,0,0
986,iPhone 15,800,DETECTED,Je change mon téléphone contre une voiture,"Bordeaux, NAQ",2022.0,0,2,2,1,5,2,0,similar,underpriced,older-profile,borderline,acceptable,case_study_sample,1200,0.6666666666666666,0,0,0
987,iPhone 15 Plus (LILLE),800,NEGATIVE," vendre avec boîte et accessoires, plus dinformations en mp. Pas denvoi","Lille, HDF",2023.0,0,2,2,2,0,3,0,similar,underpriced,intermediate-or-missing,legitimate,acceptable,case_study_sample,1200,0.6666666666666666,1,0,1
988,Iphone 15,800,DETECTED,Bonjour Je vend iphone 15 en bon état tout neuf encore sous garanti acheter y a même pas 2moois,"Corrèze, NAQ",2015.0,0,2,2,1,5,2,0,similar,underpriced,older-profile,borderline,acceptable,case_study_sample,1200,0.6666666666666666,0,0,0
989,iPhone 15 pro,800,DETECTED, vendre iPhone 15 pro jamais déballé,"Stenay, GES",2012.0,0,2,2,1,5,2,0,similar,underpriced,older-profile,borderline,acceptable,case_study_sample,1200,0.6666666666666666,0,0,0
990,iPhone 15 pro noir titane 128 giga,800,DETECTED,Sans boîte avec chargeur avec facture acheter il ya 10 jour,"Saint-Priest, ARA",2024.0,0,2,2,3,7,2,1,similar,underpriced,new-profile,marked,unfavorable,case_study_sample,1200,0.6666666666666666,0,0,0
991,iPhone 15 pro,800,DETECTED,Bonjour je met en vente mon iPhone 15 pro quasiment neuf le téléphone na aucun souci je possède toujours la boîte dorigine,"Angoulême, NAQ",2013.0,0,2,2,1,5,2,0,similar,underpriced,older-profile,borderline,acceptable,case_study_sample,1200,0.6666666666666666,0,0,0
992,iPhone 14 Pro 128 GO,800,DETECTED,"iPhone 14 Pro 128 GO  tat de batterie 89% cest une batterie original tiens une journée facilement,  Cest une couleur incroyable et le touchée est un incroyable aucune fissure jamais ouvert ou quoi que ce soit, toujours protégé par sa coque transparente et son verre trempé je le fournis avec sa boite et je fournis son chargeur aussi, je suis ouvert à toute proposition mon prix est de 800","Mulhouse, GES",2021.0,0,2,1,1,4,2,0,similar,market-consistent,older-profile,borderline,acceptable,case_study_sample,850,0.9411764705882353,0,0,0
993,iPhone 15,800,DETECTED,Av iPhone 15 noir 128go il est neuf il a aucun impact aucune rayure il a des coque et des verre tremper si vous voulais,"Villenave-d'Ornon, NAQ",2016.0,0,1,2,1,4,2,0,unique,underpriced,older-profile,borderline,acceptable,case_study_sample,1200,0.6666666666666666,0,0,0
994,iPhone 14 XPRO MAX 128 Go,800,DETECTED,"Téléphone avec une petite égratignure, mais en très bon etat","Roquebrune-Cap-Martin, PAC",2014.0,0,2,1,1,4,2,0,similar,market-consistent,older-profile,borderline,acceptable,case_study_sample,850,0.9411764705882353,0,0,0
995,iPhone 15 Plus (MARSEILLE),800,NEGATIVE,"A vendre avec boîte et accessoires, plus dinformations en mp.  Pas denvoi","Marseille, PAC",2023.0,0,2,2,2,0,3,0,similar,underpriced,intermediate-or-missing,legitimate,acceptable,case_study_sample,1200,0.6666666666666666,1,0,1
996,Iphone 15,800,DETECTED,Bonjour Je vend iphone 15 en très bon état neuf sous garantie 800 euros négociable dans la limite du raisonnable,"Corrèze, NAQ",2015.0,0,2,2,1,5,2,0,similar,underpriced,older-profile,borderline,acceptable,case_study_sample,1200,0.6666666666666666,0,0,0
997,iPhone 15,800,DETECTED,Bonjour vend iPhone 15 neuf acheter y a 1 mois facture à lappui si besoin aucune rayure état de la batterie 100% remise en main propre uniquement  Prix 800,"Arles, PAC",2016.0,0,2,2,1,5,2,0,similar,underpriced,older-profile,borderline,acceptable,case_study_sample,1200,0.6666666666666666,0,0,0
998,iPhone 15 Plus,800,NEGATIVE," vendre avec boîte et accessoires, plus dinformations en mp. Pas denvoi","Lille, HDF",2023.0,0,2,2,2,0,3,0,similar,underpriced,intermediate-or-missing,legitimate,acceptable,case_study_sample,1200,0.6666666666666666,1,0,1
999,iPhone 14 Pro,800,NEGATIVE,"Intéressés, message privé. Merci","Jouques, PAC",2010.0,0,1,1,1,0,3,0,unique,market-consistent,older-profile,legitimate,acceptable,case_study_sample,850,0.9411764705882353,1,0,1
1000,change iPhone 15 contre 14 pro Max,800,DETECTED,Bonjour    change uniquement pas à vendre   iPhone 15 noir 128 giga état batterie 96% encore sous garantie toujours protégé coque arrière  + film hydrogel avant depuis sont achats fournis avec boîte chargeur et facture dachat   Je souhaite léchanger uniquement contre iPhone 14 pro/pro max violet rien dautre   Les arnaque ou marchand de tapis sabstenir.,Marque,2017.0,0,2,2,1,5,2,0,similar,underpriced,older-profile,borderline,acceptable,case_study_sample,1200,0.6666666666666666,0,0,0
1001,Iphone 14 plus,800,DETECTED,"Bonjour, Je vend mon iphone 14 plus très bonne état aucune trace avec sa boite couleurs bleu 128go.","Grigny, IDF",2011.0,0,2,1,1,4,2,0,similar,market-consistent,older-profile,borderline,acceptable,case_study_sample,850,0.9411764705882353,0,0,0
1002,Iphone 15 neuf,800,DETECTED,"Iphone 15 , 128 giga couleur Midnight  neuf sous blister , Garantie Apple. Pas denvoi remise en main propre uniquement","Clermont, HDF",2018.0,0,2,2,1,5,2,0,similar,underpriced,older-profile,borderline,acceptable,case_study_sample,1200,0.6666666666666666,0,0,0
1003,Iphone 15 128go bleu,800,DETECTED,"Iphone 15 ,128go bleu Facture d'achat (2juillet 2024) Garantie 3ans  A venir récupère sur place Pas d'envoi  Personne non sérieux s'abstenir",Marque,2009.0,0,2,2,1,5,2,0,similar,underpriced,older-profile,borderline,acceptable,case_study_sample,1200,0.6666666666666666,0,0,0
1004,iPhone 15 pro max gris casser,800,DETECTED,Téléphone casser arrière fissurer et face avant juste un trait au milieu de la dalle  Tout opérateur  Fin de garanti Apple 2025,"Marcq-en-Baroeul, HDF",2014.0,0,1,2,1,4,2,0,unique,underpriced,older-profile,borderline,acceptable,case_study_sample,1200,0.6666666666666666,0,0,0
1005,iPhone 15,800,DETECTED,Contactez Moi de payement espèce Je vend mon iPhone 15 128 g avec son facture neuf,"Avignon, PAC",2016.0,0,2,2,1,5,2,0,similar,underpriced,older-profile,borderline,acceptable,case_study_sample,1200,0.6666666666666666,0,0,0
1006,iPhone 15 plus,800,DETECTED,Vend iPhone 15 plus 128 go couleur vert toujours garantie acheté en novembre 2023 toujours protégé dans une coque intégrale état impeccable prix 800 euro,"Thun-l'vêque, HDF",2010.0,0,2,2,1,5,2,0,similar,underpriced,older-profile,borderline,acceptable,case_study_sample,1200,0.6666666666666666,0,0,0
1007,iPhone 15+ (128 giga),799,DETECTED,Bonjour je vend se téléphone à partir de 799  Merci de me contacter pour plus dinfos,"Paris, IDF",,1,2,2,2,6,2,1,similar,underpriced,intermediate-or-missing,marked,unfavorable,case_study_sample,1200,0.6658333333333334,0,0,0
1008,Iphone 15 128GB,799,DETECTED,IPhone 15 neuf 128GB   GARANTIE APPLE DE 1 ANS Prix non négociable ( déjà en promotion) Phone tastic 06  Adresse :169 rue de france 06000 Nice,"Nice, PAC",2024.0,0,2,2,3,7,2,1,similar,underpriced,new-profile,marked,unfavorable,case_study_sample,1200,0.6658333333333334,0,0,0
1009,Iphone 15 Plus Noir 128Go,799,DETECTED,Iphone 15 Plus 128 en excellent état nhésitez pas à me contacter si besoin de renseignements,"Paris, IDF",2024.0,0,2,2,3,7,2,1,similar,underpriced,new-profile,marked,unfavorable,case_study_sample,1200,0.6658333333333334,0,0,0
1010,iPhone 14 Pro Space Black 128 GO - 96% Batterie - Comme neuf,799,DETECTED,iPhone 14 Pro  Couleur : Space Black  Capacité : 128 GB  Capacité de Batterie : 96%  Facture disponible - Achat Juin 2023  Modèle 100% dorigine. 100% fonctionnel Toujours protégé par coque et verre trempé. Livré avec Cable Lightning - Coque Remise en main propre,"Maubeuge, HDF",2008.0,0,2,1,1,4,2,0,similar,market-consistent,older-profile,borderline,acceptable,case_study_sample,850,0.94,0,0,0
1011,iPhone 14 Pro 512 go,790,DETECTED,"Bonjour,   Je vends mon IPhone 14 Pro noir sidéral 512 Go, en parfaite état de fonctionnement.  Il y a quelques rayures sur les bords de la coque mais aucune rayure présente ni sur lécran ni sur larrière du téléphone.  tat de la batterie : 92%   Vendu avec sa boîte dorigine.   Pour toute questions nhésitez pas.","Paris, IDF",,1,2,1,2,5,2,0,similar,market-consistent,intermediate-or-missing,borderline,acceptable,case_study_sample,850,0.9294117647058824,0,0,0
1012,IPHONE 14 PRO MAX 128 GB NOIR COMME NEUF,790,DETECTED,iPhone 14 pro Max 128 gb état de comme neuf batterie 85% vendu avec boîte et câble dorigine remise en main propre uniquement pas denvoi possible prix non négociable !,"Lucé, CVL",2009.0,0,2,1,1,4,2,0,similar,market-consistent,older-profile,borderline,acceptable,case_study_sample,850,0.9294117647058824,0,0,0
1013,iPhone 15 noir 128go,790,DETECTED, vendre iPhone 15 NOIR 128go Jamais allumé   tat NEUF   venir récupérer sur Meyreuil ou alentours  Négociable dans la limite du raisonnable,"Meyreuil, PAC",2024.0,0,2,2,3,7,2,1,similar,underpriced,new-profile,marked,unfavorable,case_study_sample,1200,0.6583333333333333,0,0,0
1014,iPhone 15 neuf,780,DETECTED," vendre iPhone 15 neuf, jamais servie avec sa boîte dorigine tout juste ouverte pour vérifier le produit. La facture est fournie avec.   Pas denvoi. Remise en main propre.  Peux me déplacer pour la vente mais prix non négociable.","Brest, BRE",,1,2,2,2,6,2,1,similar,underpriced,intermediate-or-missing,marked,unfavorable,case_study_sample,1200,0.65,0,0,0
1015,iPhone 15 Pro blanc titane 128 GB,780,DETECTED,"iPhone 15 Pro blanc titane 128 GB Boîte fermée, avec ticket et garantie 24 mois","Lausanne, VD",,1,1,2,2,5,2,0,unique,underpriced,intermediate-or-missing,borderline,acceptable,case_study_sample,1200,0.65,0,0,0
1016,iPhone 14 pro 128Go,780,DETECTED,"Bonjour,  Je vends mon iPhone 14 Pro 128Go  De couleurs violet foncé  En parfait état car il ma été changé il y a 3 mois donc la batterie est à 100%  Remise en main propre UNIQUEMENT","Chécy, CVL",2017.0,0,2,1,1,4,2,0,similar,market-consistent,older-profile,borderline,acceptable,case_study_sample,850,0.9176470588235294,0,0,0
1017,IPhone 15 128 giga,780,DETECTED,"IPhone 15 neuf , boîte scèlée jamais ouverte   Remise en main propre Annecy/Cran Gevrier . Pas d'échange","Annecy, ARA",2020.0,0,2,2,1,5,2,0,similar,underpriced,older-profile,borderline,acceptable,case_study_sample,1200,0.65,0,0,0
1018,iPhone 14 pro,780,DETECTED,"Bonjour je vend mon téléphone 780 non négociable, ou échange contre ps5 + 400","Durban-Corbières, OCC",2018.0,0,1,1,1,3,2,0,unique,market-consistent,older-profile,low,acceptable,case_study_sample,850,0.9176470588235294,0,0,0
1019,"iPhone 15. 1 mois tout juste dutilisation, lire la description, sous garantie jusquau 15/07/2025",775,DETECTED,"iPhone 15 neuf , sans aucune rayure ni égratignure, fourni avec une coque protectrice, la boîte et les accessoires dorigine, la facture également , le téléphone est sous garantie constructeur jusquen 2025.  Je lai reçu en cadeau , je le revends car jen ai déjà un qui me convient parfaitement.  Pas denvoi par la poste ni rien de chelou , seulement en face après que vous ayez vérifié tout ce quil ya à vérifier et êtes satisfait du produit et de votre achat . Envoyé un message si vous êtes intéressés, plaisantin sabstenir .  ( entre Arlon et Luxembourg)",Luxembourg,,1,2,2,2,6,2,1,similar,underpriced,intermediate-or-missing,marked,unfavorable,case_study_sample,1200,0.6458333333333334,0,0,0
1020,Iphone 14 plus chez www.e-smartphone.fr,772,DETECTED,En se moment grosse promotion sur les iphone 14/14 plus et bien d'autres modèles chez www.e-smartphone.fr,Couleur,2024.0,0,1,1,3,5,2,0,unique,market-consistent,new-profile,borderline,acceptable,case_study_sample,850,0.908235294117647,0,0,0
1021,iPhone 15,770,DETECTED,Avec câble garantie facture coque et film protection,"Attiches, HDF",,1,2,2,2,6,2,1,similar,underpriced,intermediate-or-missing,marked,unfavorable,case_study_sample,1200,0.6416666666666667,0,0,0
1022,iPhone 14 pro Max 128gb,770,DETECTED,"Je vends un iPhone 14 Pro Max en excellent état, quasiment comme neuf. Acheté récemment, il est encore sous garantie pendant 2 ans Le téléphone na aucun impact, rayure ou défaut dusure. Il a toujours été utilisé avec une coque et un verre trempé échange possible contre un modèle inférieur diPhone et un peu dargent","Rouen, NOR",,1,2,1,2,5,2,0,similar,market-consistent,intermediate-or-missing,borderline,acceptable,case_study_sample,850,0.9058823529411765,0,0,0
1023,Iphone 15 neuf sous blister,770,DETECTED,Je vends un Iphone 15 noir neuf dans sa boite d'origine sous blister.  Il est fournit avec la facture. Remise en main propre uniquement,"Pertuis, PAC",,1,2,2,2,6,2,1,similar,underpriced,intermediate-or-missing,marked,unfavorable,case_study_sample,1200,0.6416666666666667,0,0,0
1024,IPhone 15 pro max 256 g,770,DETECTED,IPhone 15 pro max 256 g neuf aucun défaut avec boîte facture,"Paris, IDF",2009.0,0,2,2,1,5,2,0,similar,underpriced,older-profile,borderline,acceptable,case_study_sample,1200,0.6416666666666667,0,0,0
1025,iPhone 15 pro,770,DETECTED,iPhone 15 pro bleu 128go aucune rayure !   Protège vitre avant et coque arrière   Pas sérieux sabstenir !,"Besançon, BFC",2009.0,0,2,2,1,5,2,0,similar,underpriced,older-profile,borderline,acceptable,case_study_sample,1200,0.6416666666666667,0,0,0
1026,iPhone 14 bleu neuf,770,DETECTED,iPhone 14 bleu neuf facture a l'appui acheté il y a un mois. Vendu avec 3 vitres de protection dont une déjà sur le téléphone. 2 coques de protection dont une transparente avec renfort. Câble et achat de secteur pour recharge neuf. Non sérieux s'abstenir abstenir  Prix négociable dans la limite du raisonnable et pas d échange.,"Baisieux, HDF",2008.0,0,2,1,1,4,2,0,similar,market-consistent,older-profile,borderline,acceptable,case_study_sample,850,0.9058823529411765,0,0,0
1027,iPhone 15 Pro Max 1 Terra,766,DETECTED,je vends un iPhone 15 pro Max Neuf !,"Paris, IDF",2024.0,0,2,2,3,7,2,1,similar,underpriced,new-profile,marked,unfavorable,case_study_sample,1200,0.6383333333333333,0,0,0
1028,"Apple iphone 15 128gb black, new sealed box",760,DETECTED,Conseils de sécurité pour Marketplace,"Amsterdam, NH",,1,3,2,2,7,2,1,duplicated,underpriced,intermediate-or-missing,marked,unfavorable,case_study_sample,1200,0.6333333333333333,0,0,0
1029,Iphone 14 pro max,760,DETECTED,Iphone 14 pro max noir  - 128gb et 89% état de batterie - 3 petites micro rayures qui ne se voit pas  - 4 coques de protection (OTTERBOX valeur de 100 ) - 2 verre trempé de la marque JETECH - La boîte et la facture et un câble de chargeur.,"Paris, IDF",2013.0,0,2,2,1,5,2,0,similar,underpriced,older-profile,borderline,acceptable,case_study_sample,850,0.8941176470588236,0,0,0
1030,Iphone 14 pro max,760,DETECTED,"Bonjour Je vends un iphone 14 pro max  128gb  tat de batterie 89%  tat du téléphone 9/10 ( 3 petites micro rayures sur l'écran qui ne se voit pas )  Avec la boîte , facture et 4 coque de protection et vitre de protection","Paris, IDF",2013.0,0,2,2,1,5,2,0,similar,underpriced,older-profile,borderline,acceptable,case_study_sample,850,0.8941176470588236,0,0,0
1031,iPhone 15 neuf,760,DETECTED,"iPhone 15 acheté le 14 aot 24 , juste mis en service , vendu avec boîte et câble  Noir , 128 gigas",Couleur,2007.0,0,2,2,1,5,2,0,similar,underpriced,older-profile,borderline,acceptable,case_study_sample,1200,0.6333333333333333,0,0,0
1032,iPhone 15 pro Max 512go,760,DETECTED,"vends mon iPhone 15 pro Max  Couleur bleu titane  Capacité de stockage 512GO Détails du téléphone: il est comme neuf aucun défaut ou soucis il était utiliser seulement 2 mois son état de batterie est de 100%  Pas de rayures, toujours protégé par une coque ainsi que un verre trempé  Pour plus de informations nhésitez à me contacter","Paris, IDF",2020.0,0,2,2,1,5,2,0,similar,underpriced,older-profile,borderline,acceptable,case_study_sample,1200,0.6333333333333333,0,0,0
1033,iPhone 14 pro Max 128go,750,NEGATIVE,Le produit est d'origine en excellent état de fonctionnement il est vendu avec une garantie et ses accessoires,"Paris, IDF",,1,2,2,2,0,3,0,similar,underpriced,intermediate-or-missing,legitimate,acceptable,case_study_sample,850,0.8823529411764706,1,0,1
1034,iPhone 15,750,DETECTED, vendre iPhone 15 neuf utiliser 15 jours ! Je le vend car jai craquer pour le 15 pro ! Pour plus de renseignements me contacter au 0781828658,"Condrieu, ARA",,1,2,2,2,6,2,1,similar,underpriced,intermediate-or-missing,marked,unfavorable,case_study_sample,1200,0.625,0,0,0
1035,iPhone 15,750,DETECTED,Je vends mon iPhone 15 neuf. Je lai déjà en rose.,"Nancy, GES",,1,2,2,2,6,2,1,similar,underpriced,intermediate-or-missing,marked,unfavorable,case_study_sample,1200,0.625,0,0,0
1036,iPhone 14 pro Max 128g,750,DETECTED,Bonjour  Je vends mon iPhone 14 Pro Max 128g avec chargeur.,"Paris, IDF",,1,2,2,2,6,2,1,similar,underpriced,intermediate-or-missing,marked,unfavorable,case_study_sample,850,0.8823529411764706,0,0,0
1037,iPhone 14 Pro Max,750,DETECTED,iPhone en très bonne état avec un verre trempé. Je le vends car je change de téléphone.,"Crissier, VD",,1,2,2,2,6,2,1,similar,underpriced,intermediate-or-missing,marked,unfavorable,case_study_sample,850,0.8823529411764706,0,0,0
1038,iPhone 13 Pro Max,750,DETECTED,iPhone 13 Pro Max car trop grand pour moi je repars sur un plus petit toujours protéger par un verre trempé et une coque prix à débattre dans la limite du raisonnable,"Rennes, BRE",,1,2,1,2,5,2,0,similar,market-consistent,intermediate-or-missing,borderline,acceptable,case_study_sample,750,1.0,0,0,0
1039,Iphone 15 128 gb neuf et avec tous les accessoires,750,DETECTED,Je vends un iPhone 15 rose 128 neuf apple care 1 an et avec tous les accessoires,"Le Mesnil-Saint-Denis, IDF",,1,2,2,2,6,2,1,similar,underpriced,intermediate-or-missing,marked,unfavorable,case_study_sample,1200,0.625,0,0,0
1040,IPhone 15,750,DETECTED,Vends iPhone 15 acheter en avril avec la boîte,"Seclin, HDF",,1,2,2,2,6,2,1,similar,underpriced,intermediate-or-missing,marked,unfavorable,case_study_sample,1200,0.625,0,0,0
1041,iphone 14,750,DETECTED,Conseils de sécurité pour Marketplace,"Créot, BFC",,1,3,2,2,7,2,1,duplicated,underpriced,intermediate-or-missing,marked,unfavorable,case_study_sample,850,0.8823529411764706,0,0,0
1042,iPhone 15 noir 128go,750,DETECTED,Je vend mon iPhone 15 noir acheter un avril état neuf acheter en avril 2024 batterie à 100% aucune rayure écran aucune rayure boîtier,"Boussy-Saint-Antoine, IDF",,1,2,2,2,6,2,1,similar,underpriced,intermediate-or-missing,marked,unfavorable,case_study_sample,1200,0.625,0,0,0
1043,iPhone 14 avec accessoires dorigine et coque et boîte,750,DETECTED,"iPhone 14 128 giga octet bleu  En très bon état,  Protégé par une coque depuis son achat( transparente, enlevée uniquement pour la photo et que je peux vous donner avec)  cran protégé dès le jour de lachat par le professionnel avec une protection en gel, toujours posée dessus, ( d ou les petites bulles d air que vous pouvez voir, je la conseille vivement car protégé super bien et ne se casse pas contrairement à celles en verre que je mettais sur mes anciens modèles).  Batterie à 89% voir photo  Fourni avec chargeur+facture+coque+boite .  Fonctionne parfaitement  Vous l avez en photo sous toutes les coutures,  Je suis très soigneuse de mes affaires  Aucun envoi, ni paylib et autres arnaques  Merci",Couleur,,1,2,2,2,6,2,1,similar,underpriced,intermediate-or-missing,marked,unfavorable,case_study_sample,850,0.8823529411764706,0,0,0
1044,iPhone 15 Pro Max,750,DETECTED,iPhone 15 Pro Max avec la facture et encore sur garantie,"Paris, IDF",2023.0,0,2,2,2,6,2,1,similar,underpriced,intermediate-or-missing,marked,unfavorable,case_study_sample,1200,0.625,0,0,0
1045,iPhone 14 plus à échanger,750,DETECTED,Il a 2  petites égratignures mais il est comme neuf et marche très bien je léchange contre un iPhone 13 Pro ou 13 pro max bien sur la personne compte te quelques chose,"Montigny-le-Bretonneux, IDF",2010.0,0,2,2,1,5,2,0,similar,underpriced,older-profile,borderline,acceptable,case_study_sample,850,0.8823529411764706,0,0,0
1046,iPhone 15 vert,750,DETECTED,"iPhone 15 vert en très bon état, débloqué tout au opérateur( négociable)",Couleur,2019.0,0,2,2,1,5,2,0,similar,underpriced,older-profile,borderline,acceptable,case_study_sample,1200,0.625,0,0,0
1047,iPhone 14 pro max 256go,750,DETECTED,"Vends iPhone 14 pro max en excellent état avec sa facture dachat. Vendu avec sa boîte dorigine, ses écouteurs et son chargeur dorigine également.  Cause de la vente  achat du 15 pro max.  Prix : 750","Valréas, PAC",2009.0,0,2,2,1,5,2,0,similar,underpriced,older-profile,borderline,acceptable,case_study_sample,850,0.8823529411764706,0,0,0
1048,iphone 15 bleu 128giga,750,DETECTED,"Bonjour  Vend iphone 15 bleu 128giga en parfaite état. Aucun coup ni aucune fissure, protéger avec une vitre matte. tat quasi neuf","Belfort, BFC",2017.0,0,2,2,1,5,2,0,similar,underpriced,older-profile,borderline,acceptable,case_study_sample,1200,0.625,0,0,0
1049,iPhone 14 pro,750,DETECTED,iPhone 14 pro 128go  Avec chargeur complet  La boîte du téléphone  Négociable dans la limite du raisonnable,"Reims, GES",2014.0,0,2,2,1,5,2,0,similar,underpriced,older-profile,borderline,acceptable,case_study_sample,850,0.8823529411764706,0,0,0
1050,iPhone 14 pro,750,DETECTED, vendre iPhone 14 pro en bon état.   Capacité 128 Go   venir récupérer sur begles paiement en espèces uniquement.,"Bègles, NAQ",,1,2,2,2,6,2,1,similar,underpriced,intermediate-or-missing,marked,unfavorable,case_study_sample,850,0.8823529411764706,0,0,0
1051,Apple iPhone 14 Pro Max,750,DETECTED,"Apple iPhone 14 Pro Max 6,7 5G violet foncé, Double SIM 256 Go","Cenon, NAQ",2010.0,0,1,2,1,4,2,0,unique,underpriced,older-profile,borderline,acceptable,case_study_sample,850,0.8823529411764706,0,0,0
1052,IPhone 15 Pro Max,750,DETECTED,IPhone 15 Pro Max tout neuf avec la facture et encore sur garantie,"Paris, IDF",2024.0,0,2,2,3,7,2,1,similar,underpriced,new-profile,marked,unfavorable,case_study_sample,1200,0.625,0,0,0
1053,IPhone 15 Pro Max,750,DETECTED,IPhone 15 Pro Max tout neuf avec la facture et encore sur garantie,"Paris, IDF",2021.0,0,2,2,1,5,2,0,similar,underpriced,older-profile,borderline,acceptable,case_study_sample,1200,0.625,0,0,0
1054,iPhone 15 (128go),750,DETECTED,tat : Très bon état  Fournis avec la garantie  Livraison : Remise en main propre  Prix : Non négociable  Pour dautre informations contacter moi au ,"Paris, IDF",2024.0,0,2,2,3,7,2,1,similar,underpriced,new-profile,marked,unfavorable,case_study_sample,1200,0.625,0,0,0
1055,iPhone 15,750,DETECTED,tat : Très bon état  Fournis avec la garantie  Livraison : Remise en main propre  Prix : Non négociable  Pour dautre informations contacter moi au ,"Paris, IDF",2024.0,0,2,2,3,7,2,1,similar,underpriced,new-profile,marked,unfavorable,case_study_sample,1200,0.625,0,0,0
1056,iPhone 14 pro Max,750,DETECTED,Bonjours je met en vente mon 14 pro max boîte et facture a l appuie,"Béziers, OCC",2017.0,0,2,2,1,5,2,0,similar,underpriced,older-profile,borderline,acceptable,case_study_sample,850,0.8823529411764706,0,0,0
1057,iPhone 15,750,DETECTED,tat : Très bon état  Fournis avec la garantie  Livraison : Remise en main propre  Prix : Non négociable  Pour dautre informations contacter moi au ,"Boulogne-Billancourt, IDF",2023.0,0,2,2,2,6,2,1,similar,underpriced,intermediate-or-missing,marked,unfavorable,case_study_sample,1200,0.625,0,0,0
1058,iPhone 15,750,DETECTED,tat : Très bon état  Fournis avec la garantie  Livraison : Remise en main propre  Prix : Non négociable  Pour dautre informations contacter moi au ,"Issy-les-Moulineaux, IDF",2023.0,0,2,2,2,6,2,1,similar,underpriced,intermediate-or-missing,marked,unfavorable,case_study_sample,1200,0.625,0,0,0
1059,iPhone 15,750,DETECTED,tat : Très bon état  Fournis avec la garantie  Livraison : Remise en main propre  Prix : Non négociable  Pour dautre informations contacter moi au ,"Paris, IDF",2023.0,0,2,2,2,6,2,1,similar,underpriced,intermediate-or-missing,marked,unfavorable,case_study_sample,1200,0.625,0,0,0
1060,iPhone 15,750,DETECTED,tat : Très bon état  Fournis avec la garantie  Livraison : Remise en main propre  Prix : Non négociable  Pour dautre informations contacter moi au ,"Nanterre, IDF",2023.0,0,2,2,2,6,2,1,similar,underpriced,intermediate-or-missing,marked,unfavorable,case_study_sample,1200,0.625,0,0,0
1061,iPhone 15,750,DETECTED,iPhone 15 neuf à vendre  100% état de la batterie  Aucune rayure   récupérer en main propre sur plan de campagne et ses alentours,"Les Pennes-Mirabeau, PAC",2014.0,0,2,2,1,5,2,0,similar,underpriced,older-profile,borderline,acceptable,case_study_sample,1200,0.625,0,0,0
1062,Iphone 15,750,DETECTED,"Iphone 15 en excellent état, encore garantie vendu avec sa boîte, câble,les protections sur les écrans et 2 coques   Remise en main propre uniquement  Prix ferme","Clermont-Ferrand, ARA",2021.0,0,2,2,1,5,2,0,similar,underpriced,older-profile,borderline,acceptable,case_study_sample,1200,0.625,0,0,0
1063,Iphone 15,750,DETECTED,Vend Iphone 15.  128G. Garantie 2 ans. Prix négociable.,"Hirschland, GES",2009.0,0,1,2,1,4,2,0,unique,underpriced,older-profile,borderline,acceptable,case_study_sample,1200,0.625,0,0,0
1064,iPhone 14 Pro Max,750,NEGATIVE,Description : Le produit est d'origine en excellent état de fonctionnement il est vendu avec une garantie et ses accessoires,"Paris, IDF",2024.0,0,3,2,3,0,3,0,duplicated,underpriced,new-profile,legitimate,acceptable,case_study_sample,850,0.8823529411764706,1,0,1
1065,Iphone 15-sous garantie,750,DETECTED,"Facture et garantie disponibles pour cet iPhone 15 en très bon état. Je préfère les remises en main propre pour garantir une transaction en toute confiance. N'hésitez pas à me contacter pour convenir d'un rendez-vous.   Le téléphone est dans un excellent état. En main propre seulement 100% original Inutile de négocier   Pour toute information additionnelle, je suis disponible, alors n'hésitez pas à me contacter.",Couleur,2024.0,0,2,2,3,7,2,1,similar,underpriced,new-profile,marked,unfavorable,case_study_sample,1200,0.625,0,0,0
1066,Iphone 15 - sous garantie,750,DETECTED,"Facture et garantie disponibles pour cet iPhone 15 en très bon état. Je préfère les remises en main propre pour garantir une transaction en toute confiance. N'hésitez pas à me contacter pour convenir d'un rendez-vous.   Le téléphone est dans un excellent état. En main propre seulement 100% original Inutile de négocier   Pour toute information additionnelle, je suis disponible, alors n'hésitez pas à me contacter.",Couleur,2024.0,0,2,2,3,7,2,1,similar,underpriced,new-profile,marked,unfavorable,case_study_sample,1200,0.625,0,0,0
1067,Iphone 15 pro max,750,DETECTED,Bonjour je vends iphone 15 pro max comme neuf 256Go livré avec facture ,"Toulouse, OCC",2024.0,0,2,2,3,7,2,1,similar,underpriced,new-profile,marked,unfavorable,case_study_sample,1200,0.625,0,0,0
1068,iPhone 13 Pro Max 512gb + garantie,750,DETECTED,iPhone 13 Pro max 512gb vendu avec facture garantie et accessoires  Contactez-moi si vous êtes intéressés,"Déols, CVL",2022.0,0,2,1,1,4,2,0,similar,market-consistent,older-profile,borderline,acceptable,case_study_sample,750,1.0,0,0,0
1069,iPhone 15 - remise en main propre,750,DETECTED,"Facture et garantie disponibles pour cet iPhone 15 en très bon état. Je préfère les remises en main propre pour garantir une transaction en toute confiance. N'hésitez pas à me contacter pour convenir d'un rendez-vous. Le téléphone est dans un excellent état. En main propre seulement 100% original Inutile de négocier Pour toute information additionnelle, je suis disponible, alors n'hésitez pas à me contacter.","Paris, IDF",2023.0,0,2,2,2,6,2,1,similar,underpriced,intermediate-or-missing,marked,unfavorable,case_study_sample,1200,0.625,0,0,0
1070,iPhone 13 Pro Max 512gb,750,DETECTED,iPhone 13 Pro Max avec facture  Paris  Envoyer moi un message si vous êtes intéressés,"Paris, IDF",2021.0,0,2,1,1,4,2,0,similar,market-consistent,older-profile,borderline,acceptable,case_study_sample,750,1.0,0,0,0
1071,iPhone 13 Pro Max 512gb,750,DETECTED,iPhone 13 Pro Max avec facture  Paris  Envoyez moi un message pour plus dinformations,"Paris, IDF",2021.0,0,2,1,1,4,2,0,similar,market-consistent,older-profile,borderline,acceptable,case_study_sample,750,1.0,0,0,0
1072,Iphone 15,750,DETECTED,"Je vends mon iPhone 15 , en très bon état , son état de batterie 93% , vendu avec ses accessoires et sa boite, pas des rayures, jamais cassé, il est protégé avec son incassable",Couleur,2021.0,0,2,2,1,5,2,0,similar,underpriced,older-profile,borderline,acceptable,case_study_sample,1200,0.625,0,0,0
1073,iPhone 15 Pro Max,750,DETECTED,iPhone 15 Pro Max avec la facture tout neuf,"Paris, IDF",2024.0,0,2,2,3,7,2,1,similar,underpriced,new-profile,marked,unfavorable,case_study_sample,1200,0.625,0,0,0
1074,iPhone 14 Pro Max,750,DETECTED,"Je mets en vente mon téléphone portable iPhone 14 Pro Max avec tous les accessoires pour écouteurs, câble de chargement, écouteurs et étuis ainsi que l'emballage d'origine et la facture d'achat.  Il dispose d'une mémoire de 512 Go RAM 12 et avec une garantie de 2 ans, la batterie est toujours chargée à 100%, elle fonctionne parfaitement et dispose d'un haut niveau de fonctionnalité.  L'expédition et la collecte sont possibles  crivez-moi en privé","Nantes-en-Ratier, ARA",2024.0,0,2,2,3,7,2,1,similar,underpriced,new-profile,marked,unfavorable,case_study_sample,850,0.8823529411764706,0,0,0
1075,iPhone 15 128 GB,750,DETECTED,iPhone 15 avec facture et garantie  Me contacter pour plus dinformations,"Paris, IDF",2024.0,0,2,2,3,7,2,1,similar,underpriced,new-profile,marked,unfavorable,case_study_sample,1200,0.625,0,0,0
1076,iPhone 15 à vendre,750,DETECTED,Bjr je vend mon iPhone 15 sans facture mais en excellente état pas voler !!! Pour plus. Dinfo venez priver merci !,"Strasbourg, GES",2024.0,0,2,2,3,7,2,1,similar,underpriced,new-profile,marked,unfavorable,case_study_sample,1200,0.625,0,0,0
1077,iPhone 15 pro max,750,DETECTED,"Bonjour, je vends mon IPhone 15 pro max , il n'a pratiquement pas été utilisé.. le téléphone portable n'a aucune trace d'utilisation.  La capacité de la batterie est de 100%, donc le téléphone est comme neuf, et bien sr il a une facture.","Bergerac, NAQ",2024.0,0,2,2,3,7,2,1,similar,underpriced,new-profile,marked,unfavorable,case_study_sample,1200,0.625,0,0,0
1078,iPhone 14 pro max,750,DETECTED,Mon téléphone est de très bonnes qualités,"Sartrouville, IDF",2024.0,0,1,2,3,6,2,1,unique,underpriced,new-profile,marked,unfavorable,case_study_sample,850,0.8823529411764706,0,0,0
1079,iPhone 15 pro max,750,DETECTED,iPhone 15 pro max neuf scellé dans ça boîte d'origine avec tous les accessoires,"Goussonville, IDF",2024.0,0,2,2,3,7,2,1,similar,underpriced,new-profile,marked,unfavorable,case_study_sample,1200,0.625,0,0,0
1080,iPhone 15,750,DETECTED,"Je vendre mon iPhone 15 128gb, bleu  Fournit avec ça boîte dorigine, et chargeur  La batterie est à 100%  Le téléphone est encore à la garantie, la facture dachat vous pouvez trouver chez Apple.  Peut être changer à iPhone 14 pro  PRIX EST NGOCIABLE","Saint-Cyprien, OCC",2019.0,0,2,2,1,5,2,0,similar,underpriced,older-profile,borderline,acceptable,case_study_sample,1200,0.625,0,0,0
1081,IPhone 15 Pro Max 256GB,750,DETECTED,"Bonjour, je vends mon iPhone 15 Pro Max comme neuf  avec facture accessoires batterie, 100 % toujours garantie, capacité 256 GB les informations connectées sur Messenger",Marque,2014.0,0,2,2,1,5,2,0,similar,underpriced,older-profile,borderline,acceptable,case_study_sample,1200,0.625,0,0,0
1082,iPhone 14 plus,750,DETECTED,"Achat : novembre 2022  Prix : 750 négociable   Pas déchange, ni de livraison ou paiement en ligne","Strasbourg, GES",2011.0,0,1,2,1,4,2,0,unique,underpriced,older-profile,borderline,acceptable,case_study_sample,850,0.8823529411764706,0,0,0
1083,iPhone 14 pro,750,DETECTED,"Bonjour, je vends mon iPhone 14 Pro Gold 128 giga comme neuf état de la batterie. 93 % fonctionne parfaitement. Aucun souci vendu avec chargeur coque vide de protection boîte. Cordialement.","Canohès, OCC",2022.0,0,2,2,1,5,2,0,similar,underpriced,older-profile,borderline,acceptable,case_study_sample,850,0.8823529411764706,0,0,0
1084,iPhone 14 Pro 256go,750,DETECTED,Bonjour  Je vend mon iPhone 14 Pro 256go en très bonne état  Facture + boîte a lappuie  Capacité de batterie à 89% (très bien)  Le téléphone est dans état irréprochable  Joffre une coque avec le téléphone  Jen veux 750  Merci,"Avignon, PAC",2021.0,0,2,2,1,5,2,0,similar,underpriced,older-profile,borderline,acceptable,case_study_sample,850,0.8823529411764706,0,0,0
1085,iPhone 15 Plus,750,DETECTED,"Suite à lachat dune nouveau téléphone , je vends mon iPhone 15 Plus  750 à récupérer sur place au centre ville de la Londe","La Londe-les-Maures, PAC",2011.0,0,2,2,1,5,2,0,similar,underpriced,older-profile,borderline,acceptable,case_study_sample,1200,0.625,0,0,0
1086,iPhone 15 pro,750,DETECTED,Je vends mon iPhone il a pas de problème il bug pas tout fonctionne batterie 99 la capacité 128 je les vends ou échange centre un 14 pro max merci,"Villeneuve-d'Ascq, HDF",2023.0,0,2,2,2,6,2,1,similar,underpriced,intermediate-or-missing,marked,unfavorable,case_study_sample,1200,0.625,0,0,0
1087,iPhone 14 plus 128gb,750,DETECTED,"iPhone 14 plus bleu bon état quelques traces sur le cté du châssis , fonctionne parfaitement téléphone tout origine non reconditionné. tat de la batterie 87%  Remise en main propre uniquement","Sète, OCC",2013.0,0,2,2,1,5,2,0,similar,underpriced,older-profile,borderline,acceptable,case_study_sample,850,0.8823529411764706,0,0,0
1088,iPhone 14 pro Max,750,DETECTED,"IPhone 14 Pro Max en très bon état, tout fonctionne nickel tout est dorigine sur le téléphone. Aucune pièce na été changée. Je lutilise depuis un ans jai la facture  je le vends car je viens dacheter le 15 Pro Max pas denvoi, remise en main propre uniquement les arnaqueurs restaient loin de moi, ça sert à rien dessayer","Clichy-sous-Bois, IDF",2023.0,0,2,2,2,6,2,1,similar,underpriced,intermediate-or-missing,marked,unfavorable,case_study_sample,850,0.8823529411764706,0,0,0
1089,iPhone 15 plus 256gb,750,DETECTED,Excellent état peu servi Facture à lappuie Remise ne main propre uniquement,"Aulnay-sous-Bois, IDF",2011.0,0,2,2,1,5,2,0,similar,underpriced,older-profile,borderline,acceptable,case_study_sample,1200,0.625,0,0,0
1090,iPhone 14 pro,750,DETECTED,"Bonjour ,  Je mest en vente mon iPhone 14 pro de couleurs mauve , cest un 128giga , la batterie est à 87% il me tiens toute une journée voir plus .  Je possède la boîte ainsi que la facture dachat","Le Mans, PDL",2018.0,0,2,2,1,5,2,0,similar,underpriced,older-profile,borderline,acceptable,case_study_sample,850,0.8823529411764706,0,0,0
1091,Iphone 15,750,DETECTED,"	  Sous garantie  	  Prix non négociable 	  Remise en main propre 	  En bon état  	  Accessoires et Facture inclus 	  Contactez moi en privé  Pas sérieux, s'abstenir",Couleur,2023.0,0,2,2,2,6,2,1,similar,underpriced,intermediate-or-missing,marked,unfavorable,case_study_sample,1200,0.625,0,0,0
1092,iPhone 14 pro comme neuf,750,DETECTED,iPhone 14 pro noir en très bon état. Vendu avec facture  garantie 6 mois et accessoires neuf PAS DENVOI  Nhésitez pas me contactez pour plus dinformations sois par message privé sois par numéro hidden information,"Saint-Denis, IDF",2023.0,0,2,2,2,6,2,1,similar,underpriced,intermediate-or-missing,marked,unfavorable,case_study_sample,850,0.8823529411764706,0,0,0
1093,iPhone 14 pro,750,DETECTED,"IPhone 14 Pro noir Titanium, très propre en bon état batterie 91 %   Boîte dorigine facture disponible. Je vous donne le chargeur complet aussi car moi je vais passer à Samsung merci","Aix-en-Provence, PAC",2010.0,0,2,2,1,5,2,0,similar,underpriced,older-profile,borderline,acceptable,case_study_sample,850,0.8823529411764706,0,0,0
1094,iPhone 15,750,DETECTED,Vente dun iPhone 15 blanc en très bonne état ( comme neuf ) avec boîte et accessoire   Batterie 100%   Garantie jusquau 23mai 2025,"Douai, HDF",2015.0,0,2,2,1,5,2,0,similar,underpriced,older-profile,borderline,acceptable,case_study_sample,1200,0.625,0,0,0
1095,iPhone 15 plus 256gb,750,DETECTED,Excellent état peu servi Facture à lappuie Remise ne main propre uniquement,"Aulnay-sous-Bois, IDF",2011.0,0,2,2,1,5,2,0,similar,underpriced,older-profile,borderline,acceptable,case_study_sample,1200,0.625,0,0,0
1096,iPhone 15,750,DETECTED,Tout neuf,"Dugny, IDF",2023.0,0,2,2,2,6,2,1,similar,underpriced,intermediate-or-missing,marked,unfavorable,case_study_sample,1200,0.625,0,0,0
1097,iPhone 15,750,DETECTED,Bonjour je met en vente mon iPhone 15 100% batterie aucune fissure ni rayure pas d envoi,"Béziers, OCC",2017.0,0,2,2,1,5,2,0,similar,underpriced,older-profile,borderline,acceptable,case_study_sample,1200,0.625,0,0,0
1098,iphone 15 128 giga,750,DETECTED,je vends mon iphone 15 128giga acheté ya quelques mois encore très neuf avec sa boite et sa facture .,"Niort, NAQ",2011.0,0,2,2,1,5,2,0,similar,underpriced,older-profile,borderline,acceptable,case_study_sample,1200,0.625,0,0,0
1099,iPhone 15 128go,750,DETECTED,iPhone 15 noir 128 go avec sa boîte et tout ces accessoires,"Beauvais, HDF",2024.0,0,2,2,3,7,2,1,similar,underpriced,new-profile,marked,unfavorable,case_study_sample,1200,0.625,0,0,0
1100,IPHONE 13 PRO MAX,750,DETECTED,iPhone 13 pro max  Couleur Blanc  Autonomie 89% 128:GO Débloquer  LiPhone et comme neuf esthétiquement  Pas de casse  Pas de rayures  Pas dimpact  Pas dusure  Protéger dun verre trempé  Protéger dun hydrogels sur lécran arrière  Fournit avec câble chargeur facture dachat une paire dAirPod.  750 EUROS PRIX FERME.  Pas de négociation  Pas déchange  Pas denvoi  Pas de livraison  Pas besoin de me déranger pour négocier le prix je répondrais même pas.,"Raedersheim, GES",2012.0,0,2,1,1,4,2,0,similar,market-consistent,older-profile,borderline,acceptable,case_study_sample,750,1.0,0,0,0
1101,iPhone 14 pro violet,750,DETECTED,"Bonjour, je vends mon iPhone 14 pro de couleur violet et de stockage 128go. Le téléphone a toujours été protéger, il est dans un état irréprochable. Il sera fourni avec des protections à lavant et à larrière, son câble dorigine ainsi que sa facture dachat. Remise uniquement en mains propres.","Strasbourg, GES",2017.0,0,2,2,1,5,2,0,similar,underpriced,older-profile,borderline,acceptable,case_study_sample,850,0.8823529411764706,0,0,0
1102,iPhone 15,750,DETECTED,Acheter en décembre facture dachat dispo petit pet sur écran voir photo prix négociable dans la limite du raisonnable,"Agde, OCC",2013.0,0,2,2,1,5,2,0,similar,underpriced,older-profile,borderline,acceptable,case_study_sample,1200,0.625,0,0,0
1103,iPhone 15 plus garantie,750,DETECTED,Bonjour vends iPhone 15 plus jaune acheté il a un mois à la Fnac donc garantie  Avec boîte servie 1 semaine je suis passé au 15 pro  Pas denvoi ni déchange retrait à mon domicile sur Hellemmes  tat de la batterie 100%,"Lille, HDF",2009.0,0,2,2,1,5,2,0,similar,underpriced,older-profile,borderline,acceptable,case_study_sample,1200,0.625,0,0,0
1104,Iphone 15+Garantie,750,DETECTED,Facture et garantie dispo pour cet iphone 15 258 go en très bon état . Le téléphone est dans un excellent état et 100% original. Inutile de négocier  pour toute information je suis disponible. alors n'hesiter pas me contacter,"Paris, IDF",2011.0,0,2,2,1,5,2,0,similar,underpriced,older-profile,borderline,acceptable,case_study_sample,1200,0.625,0,0,0
1105,iPhone 13 Pro Max,750,DETECTED,La description est la suivante :   IPhone 13 Pro Max 128 GO  Létat de la batterie est de 88 %  Il est en très bon état voire comme neuf  Aucune éraflure et a toujours été protégé Il sera offert des coques + un verre trempé et possède déjà un verre trempé neuf  Vendu avec un câble de charge Pas déchange possible,"Montélimar, ARA",2022.0,0,2,1,1,4,2,0,similar,market-consistent,older-profile,borderline,acceptable,case_study_sample,750,1.0,0,0,0
1106,iPhone 14 pro Max avec affichage true one,750,DETECTED,Pour plus dinformation contactez moi en privé,"Paris, IDF",2017.0,0,3,2,1,6,2,1,duplicated,underpriced,older-profile,marked,unfavorable,case_study_sample,850,0.8823529411764706,0,0,0
1107,iPhone 13 Pro Max 257g,750,DETECTED,Servis 1 ans en tant que 2 eme téléphone  Rien à signaler en très bon état,"Reims, GES",2010.0,0,2,1,1,4,2,0,similar,market-consistent,older-profile,borderline,acceptable,case_study_sample,750,1.0,0,0,0
1108,IPhone 14 pro max,750,DETECTED,Vente en ligne iPhone 14 pro max si tu es intéressé écrit moi inbox,"Paris, IDF",2024.0,0,2,2,3,7,2,1,similar,underpriced,new-profile,marked,unfavorable,case_study_sample,850,0.8823529411764706,0,0,0
1109,iPhone 15 pro Max,750,DETECTED,iPhone 15 pro Max 89% bleu fissuré à larrière gêne en rien,"Lille, HDF",2009.0,0,2,2,1,5,2,0,similar,underpriced,older-profile,borderline,acceptable,case_study_sample,1200,0.625,0,0,0
1110,iPhone 14 Pro Max 512giga,750,DETECTED,Je mets en vente mon iPhone 14 pro Max 512 giga acheter en Décembre dernier je le vends pour cause du besoin d argent . il en très bon état je le vends avec pochette chargeur et tout  Négociable dans la limite du raisonnable,"Avignon, PAC",2013.0,0,2,2,1,5,2,0,similar,underpriced,older-profile,borderline,acceptable,case_study_sample,850,0.8823529411764706,0,0,0
1111,iPhone 15 128 Go Blanc Neuf - Utilisé Une Seule Fois,750,DETECTED," Vendre : iPhone 15 128 Go Blanc Neuf - Utilisé Une Seule Fois  Description : - Modèle : iPhone 15 - Capacité : 128 Go - Couleur : Blanc - tat : Tout neuf, utilisé une seule fois pour vérifier le déblocage tout opérateur (non bloqué) - Batterie : 100% de capacité - Condition : Aucune fissure, aucune rayure, rien n'a été touché - Contenu de la boîte : iPhone, chargeur, tous les accessoires d'origine  Détails : - Aucun ticket de garantie ou facture disponible - Raison de la vente : J'ai déjà le 15 Pro Max - Prix ferme, non négociable  Toutes les informations nécessaires sont dans cette description. Merci de ne pas poser de questions inutiles.","Orléans, CVL",2016.0,0,1,2,1,4,2,0,unique,underpriced,older-profile,borderline,acceptable,case_study_sample,1200,0.625,0,0,0
1112,iPhone 15 bleu 128 go,750,DETECTED,"Bonjour, je vends mon iPhone 15 bleu 128 giga comme neuf  ou échanger contre un iPhone 14 bleu","Ville-la-Grand, ARA",2012.0,0,2,2,1,5,2,0,similar,underpriced,older-profile,borderline,acceptable,case_study_sample,1200,0.625,0,0,0
1113,Iphone 14 pro,750,DETECTED,Iphone 14 pro comme neuf avec facture pas d'envoi 128G,"Toulouse, OCC",2017.0,0,2,2,1,5,2,0,similar,underpriced,older-profile,borderline,acceptable,case_study_sample,850,0.8823529411764706,0,0,0
1114,iPhone 15,750,DETECTED,Téléphone en très bon état. Aucune rayure et aucun problème au niveau du micro ou bien de la caméra. Le prix est fixe et je ne me déplace pas. Le téléphone est fourni avec la boîte et les accessoires. Pour plus dinformations veuillez me contactez.,"Villemomble, IDF",2024.0,0,2,2,3,7,2,1,similar,underpriced,new-profile,marked,unfavorable,case_study_sample,1200,0.625,0,0,0
1115,IPhone 15 Pro Max,750,DETECTED,IPhone 15 Pro Max tout neuf avec la facture et encore sur garantie,"Paris, IDF",2023.0,0,2,2,2,6,2,1,similar,underpriced,intermediate-or-missing,marked,unfavorable,case_study_sample,1200,0.625,0,0,0
1116,Iphone 15 pro max,750,DETECTED,Vend mon iphone 15 pro max tout neuf,"Nîmes, OCC",2011.0,0,2,2,1,5,2,0,similar,underpriced,older-profile,borderline,acceptable,case_study_sample,1200,0.625,0,0,0
1117,iPhone 14 plus,750,DETECTED,"Téléphone comme neuf, garanti encore 1 an.  Vendu avec son chargeur et boîtier.","Montbéliard, BFC",2019.0,0,2,2,1,5,2,0,similar,underpriced,older-profile,borderline,acceptable,case_study_sample,850,0.8823529411764706,0,0,0
1118,Iphone 14 pro max+ GARANTIE,740,DETECTED,Le téléphone est dans un excellent état. En main propre seulement.  100% original. Inutile de négocier ,"Paris, IDF",,1,2,2,2,6,2,1,similar,underpriced,intermediate-or-missing,marked,unfavorable,case_study_sample,850,0.8705882352941177,0,0,0
1119,iPhone 15 Pro Max 256 GB,740,DETECTED,"Bonjour, je vends iPhone 15 Pro max comme neuf avec facture accessoires batterie, 100 % capacité 256 giga toujours garantie",Marque,2019.0,0,2,2,1,5,2,0,similar,underpriced,older-profile,borderline,acceptable,case_study_sample,1200,0.6166666666666667,0,0,0
1120,Iphone 14 pro max 128/256GB (GARANTIE ET ACCESSOIRES OFFERTS),740,DETECTED,iPhone sous garantie    main propre UNIQUEMENT    En très bon état    Accessoires offerts  Prix non négociables ,"Paris, IDF",2024.0,0,2,2,3,7,2,1,similar,underpriced,new-profile,marked,unfavorable,case_study_sample,850,0.8705882352941177,0,0,0
1121,iphone 14 Pro max,740,DETECTED,"Facture et garantie disponibles pour cet iPhone14 pro max 128Go en très bon état. Je préfère les remises en main propre pour garantir une transaction en toute confiance. N'hésitez pas à me contacter pour convenir d'un rendez-vous.  Le téléphone est dans un excellent état. En main propre seulement 100% original Inutile de négocier  Pour toute information additionnelle, je suis disponible, alors n'hésitez pas à me contacter.","Aubervilliers, IDF",2024.0,0,2,2,3,7,2,1,similar,underpriced,new-profile,marked,unfavorable,case_study_sample,850,0.8705882352941177,0,0,0
1122,IPHONE 14 PRO MAX A VENDRE ( PRIX NON NGOCIABLE) ,740,DETECTED,iPhone sous garantie    main propre UNIQUEMENT    En très bon état    Accessoires et Facture inclus  Prix non négociables ,"Paris, IDF",2023.0,0,2,2,2,6,2,1,similar,underpriced,intermediate-or-missing,marked,unfavorable,case_study_sample,850,0.8705882352941177,0,0,0
1123,Iphone 14 Mauve archi neuf,740,DETECTED,Iphone 14 Mauve avec sa boîte et son chargeur il est aussi garantie 2 ans. Je viens d'acheter ce téléphone le 2 Aot 2024 malheureusement je me suis trompé de couleur c'est pour cela que j'aimerai le vendre. Il est tout neuf jamais utilisé jamais allumé pour 750 euros mais on peut discuter et descendre le prix,"Tours, CVL",2020.0,0,2,2,1,5,2,0,similar,underpriced,older-profile,borderline,acceptable,case_study_sample,850,0.8705882352941177,0,0,0
1124,iPhone 15 plus 128go,740,DETECTED,Plus le chargeur dorigine,"Les Mureaux, IDF",2015.0,0,1,2,1,4,2,0,unique,underpriced,older-profile,borderline,acceptable,case_study_sample,1200,0.6166666666666667,0,0,0
1125,iphone 15 rose,739,DETECTED,iphone 15 en excellent état nhésitez pas à me contacter si besoin de plus dinformations,"Paris, IDF",2024.0,0,2,2,3,7,2,1,similar,underpriced,new-profile,marked,unfavorable,case_study_sample,1200,0.6158333333333333,0,0,0
1126,iPhone 15,739,DETECTED,"Bonjour, je vend ce téléphone avec tout les accessoires en plusieurs coloris, états disponibles. Contactez moi pour plus de renseignements.","Marseille, PAC",2023.0,0,2,2,2,6,2,1,similar,underpriced,intermediate-or-missing,marked,unfavorable,case_study_sample,1200,0.6158333333333333,0,0,0
1127,iPhone 15,739,DETECTED,Bonjour je vend ce téléphone avec facture garantie et tout ces accessoires.Merci de me contacter,"Paris, IDF",2023.0,0,2,2,2,6,2,1,similar,underpriced,intermediate-or-missing,marked,unfavorable,case_study_sample,1200,0.6158333333333333,0,0,0
1128,iPhone 15 (128 giga),730,DETECTED,Bonjour je vend se téléphone  Contacter moi pour plus dinfos,"Paris, IDF",,1,2,2,2,6,2,1,similar,underpriced,intermediate-or-missing,marked,unfavorable,case_study_sample,1200,0.6083333333333333,0,0,0
1129,iPhone 15,730,DETECTED,"Bonjour, je propose à la vente ce téléphone avec sa facture, sa garantie, et tous ses accessoires dorigine. Merci de me contacter.","Paris, IDF",2023.0,0,2,2,2,6,2,1,similar,underpriced,intermediate-or-missing,marked,unfavorable,case_study_sample,1200,0.6083333333333333,0,0,0
1130,iPhone 15,730,DETECTED,"Bonjour, je mets en vente ce téléphone accompagné de sa facture, de sa garantie, et de tous ses accessoires. Merci de me contacter si intéressé.","Paris, IDF",2024.0,0,3,2,3,8,2,1,duplicated,underpriced,new-profile,marked,unfavorable,case_study_sample,1200,0.6083333333333333,0,0,0
1131,iPhone 15,730,DETECTED,Vends iPhone 15. Me contacter pour plus dinformations,"Lille, HDF",2024.0,0,2,2,3,7,2,1,similar,underpriced,new-profile,marked,unfavorable,case_study_sample,1200,0.6083333333333333,0,0,0
1132,iPhone 15,730,DETECTED,"Bonjour, je vends ce téléphone avec facture, garantie, et tous ses accessoires. Merci de me contacter.","Paris, IDF",2020.0,0,2,2,1,5,2,0,similar,underpriced,older-profile,borderline,acceptable,case_study_sample,1200,0.6083333333333333,0,0,0
1133,iPhone 15 128 Giga,730,DETECTED,"Je propose ce téléphone à la vente, complet avec facture, garantie, et accessoires. Contactez-moi si vous êtes intéressé.","Paris, IDF",2021.0,0,2,2,1,5,2,0,similar,underpriced,older-profile,borderline,acceptable,case_study_sample,1200,0.6083333333333333,0,0,0
1134,iPhone 15,730,DETECTED,"Batterie entre 85% et 100%  Parfaitement fonctionnel Accessoires gratuit si présence dun code promo (me contacter pour lavoir)  Garantie jusqu'à 6 mois Très bon état (déjà servi) Débloqué tout opérateur Modèle français / européen  Plusieurs couleurs disponibles sans surcot : Noir / Bleu / Or / Vert / Argent  Plusieurs mémoires disponibles (en GB)  Plusieurs grades dispo avec prix qui peux varier entre 50 a 150 maximum.   PRIX FERME SI PREMIER PRIX (grade la plus basse)    Paiement par CB de préférence ou espèces achat en boutique.    Paiement 2,3 ou 4x possible en CB avec pièce identité à donner en boutique.    Facture à votre nom fournie après lachat.    Si besoin de plus de renseignements ou autre, n'hésitez pas, nous sommes joignables par leboncoin réponse rapide assurée )  A très bientt","Paris, IDF",2024.0,0,2,2,3,7,2,1,similar,underpriced,new-profile,marked,unfavorable,case_study_sample,1200,0.6083333333333333,0,0,0
1135,iPhone 15 128 Go,730,DETECTED,"Bonjour, téléphone à vendre avec facture, garantie, et accessoires inclus. Contactez-moi pour toute question.","Paris, IDF",2024.0,0,2,2,3,7,2,1,similar,underpriced,new-profile,marked,unfavorable,case_study_sample,1200,0.6083333333333333,0,0,0
1136,iPhone 15 128GB,730,DETECTED,"iPhone 15 128GB avec facture et garantie, pour plus d'informations veuillez me contacter.","Paris, IDF",2024.0,0,2,2,3,7,2,1,similar,underpriced,new-profile,marked,unfavorable,case_study_sample,1200,0.6083333333333333,0,0,0
1137,iPhone 15,730,DETECTED,"Bonjour je propose de téléphone à la vente. Il est fourni avec sa facture, sa garantie et ses accessoires. Nhésitez pas à me joindre pour plus dinformations.","Paris, IDF",2021.0,0,2,2,1,5,2,0,similar,underpriced,older-profile,borderline,acceptable,case_study_sample,1200,0.6083333333333333,0,0,0
1138,"iPhone 15, 128 Giga",730,DETECTED,"Bonjour, je propose à la vente ce téléphone avec sa facture, sa garantie, et tous ses accessoires dorigine. Merci de me contacter.","Paris, IDF",2024.0,0,2,2,3,7,2,1,similar,underpriced,new-profile,marked,unfavorable,case_study_sample,1200,0.6083333333333333,0,0,0
1139,iPhone 15,730,DETECTED,iPhone 15 à vendre pour plus dinfos venez privé,"Paris, IDF",2024.0,0,2,2,3,7,2,1,similar,underpriced,new-profile,marked,unfavorable,case_study_sample,1200,0.6083333333333333,0,0,0
1140,iPhone 15,730,DETECTED,"Bonjour, je vends ce téléphone de chez Apple avec une capacité de 128 go, il vient avec la facture, la garantie et les accessoires (chargeurs, vitre de protection). Pour plus dinformations, merci de me contacter.","Paris, IDF",2024.0,0,2,2,3,7,2,1,similar,underpriced,new-profile,marked,unfavorable,case_study_sample,1200,0.6083333333333333,0,0,0
1141,iPhone 15 128 giga,730,DETECTED,"Bonjour, je vends ce téléphone avec sa facture, sa garantie et tous ses accessoires. Merci de me contacter rapidement.",Couleur,2024.0,0,2,2,3,7,2,1,similar,underpriced,new-profile,marked,unfavorable,case_study_sample,1200,0.6083333333333333,0,0,0
1142,iPhone 15 128g,730,DETECTED, vendre iPhone 15 en très bon état  Avec boîte et chargeur  Et facture si besoin,"Bray-sur-Seine, IDF",2016.0,0,2,2,1,5,2,0,similar,underpriced,older-profile,borderline,acceptable,case_study_sample,1200,0.6083333333333333,0,0,0
1143,iPhone 15 pro Max 512Go,730,DETECTED,"Bonjour  Je vends mon iPhone 15 pro Max 512go presque neuve, aucun défaut il fonctionne très bien, état de la batterie cest à 100%. Vendu avec ça facture garantie chargeur  Pour plus dinformations nhésitez pas menvoyer un message","Paris, IDF",2019.0,0,2,2,1,5,2,0,similar,underpriced,older-profile,borderline,acceptable,case_study_sample,1200,0.6083333333333333,0,0,0
1144,iPhone 15,730,DETECTED,"Bonjour, je mets en vente ce téléphone accompagné de sa facture, de sa garantie, et de tous ses accessoires. Merci de me contacter si intéressé.","Paris, IDF",2023.0,0,3,2,2,7,2,1,duplicated,underpriced,intermediate-or-missing,marked,unfavorable,case_study_sample,1200,0.6083333333333333,0,0,0
1145,iPhone 15 noir,730,DETECTED,"Salut, je propose ce téléphone à la vente. Il est fourni avec facture, garantie, et accessoires. Nhésitez pas à me joindre pour plus dinfos.","Paris, IDF",2024.0,0,2,2,3,7,2,1,similar,underpriced,new-profile,marked,unfavorable,case_study_sample,1200,0.6083333333333333,0,0,0
1146,IPhone 13 Pro Max 91%,730,DETECTED,Presque neuf bien protégé jamais réparé et garantie,"Chapet, IDF",2012.0,0,1,1,1,3,2,0,unique,market-consistent,older-profile,low,acceptable,case_study_sample,750,0.9733333333333334,0,0,0
1147,iPhone 15,730,DETECTED,"Bonjour je vend ce téléphone avec facture et garantie, pour plus dinfos merci de me contacter","Paris, IDF",2022.0,0,2,2,1,5,2,0,similar,underpriced,older-profile,borderline,acceptable,case_study_sample,1200,0.6083333333333333,0,0,0
1148,iPhone 13 Pro Max,729,DETECTED,iPhone 13 Pro Max  128 gb  Vendu avec câble  Garantie 1 an,"Béziers, OCC",2022.0,0,2,1,1,4,2,0,similar,market-consistent,older-profile,borderline,acceptable,case_study_sample,750,0.972,0,0,0
1149,IPhone 15 Pro Max Blue Titanium,720,DETECTED,Iphone 15 pro max d'occasion comme neuf. En bon état parfait. J'ai la facture avec une garantie. N'hésitez pas de m'écrire si vous êtes intéressé.,"Troyes, GES",2024.0,0,2,2,3,7,2,1,similar,underpriced,new-profile,marked,unfavorable,case_study_sample,1200,0.6,0,0,0
1150,Iphone 14 pro max,720,DETECTED,Capacité de stockage: 256GB  Couleur: Space Black  tat de la batterie: 90%  Prix: 720,Nom de lappareil,2024.0,0,1,2,3,6,2,1,unique,underpriced,new-profile,marked,unfavorable,case_study_sample,850,0.8470588235294118,0,0,0
1151,iPhone 14 tout neuf,720,DETECTED,"Bonjour, je vend mon iPhone 14 de couleur noir car je préfère finalement liPhone 14 pro max que je viens dacheter. Le téléphone viens de sortir de chez SFR!! Il est donc neuf !! Il na quasiment jamais servi, Jai la facture bien sur , ainsi que la boîte et son câble de charge . Létat de la batterie est à 100%. Le téléphone est encore garantie !  Pour plus dinformations, nhésitez pas à me contacter je vous répondrai volontiers. Cordialement.","Béziers, OCC",2020.0,0,2,2,1,5,2,0,similar,underpriced,older-profile,borderline,acceptable,case_study_sample,850,0.8470588235294118,0,0,0
1152,iPhone 15 256go,720,DETECTED,Vend iPhone 15 256 go neuf boîte facture câble batterie 99%,"vin-Malmaison, HDF",2020.0,0,2,2,1,5,2,0,similar,underpriced,older-profile,borderline,acceptable,case_study_sample,1200,0.6,0,0,0
1153,iPhone 14 Pro max,720,DETECTED,"Bonjour, vous pouvez jeter un il à mon iPhone 14 Pro Max 512 Go.     Batterie 100%      L'iPhone n'est pas encore rayé ou n'est plus prêt à l'emploi et contient également toutes les données.    Expédition acceptée et assurée, merci de ne pas proposer d'échange inutile.","Paris, IDF",2024.0,0,2,2,3,7,2,1,similar,underpriced,new-profile,marked,unfavorable,case_study_sample,850,0.8470588235294118,0,0,0
1154,iPhone 15 pro max,720,DETECTED,Vélo électrique Moustache Samedi 27 XRoad 7 Open 2019,"Paris, IDF",2024.0,0,1,2,3,6,2,1,unique,underpriced,new-profile,marked,unfavorable,case_study_sample,1200,0.6,0,0,0
1155,Iphone 15 128 Go Noir en excellent état avec sa boîte,720,DETECTED,Iphone 15 128 Go Noir en excellent état Acheté neuf en septembre 2023 a 970. Quelques endroits abîmés comme sur les photos. Vente car doublon avec téléphone professionnel.,"Metz, GES",2008.0,0,2,2,1,5,2,0,similar,underpriced,older-profile,borderline,acceptable,case_study_sample,1200,0.6,0,0,0
1156,iPhone 14 plus,720,DETECTED,"iPhone 14 plus acheter le 1 aot 2024 garantie Apple jusquau 1er aot 2025 neuf avec boîte et une coque offerte Cause de vente trop grand pour moi change possible contre un iPhone 14 pro, iPhone 15, iPhone 15 pro Remis en main propre uniquement sur Dijon merci",Marque,2018.0,0,2,2,1,5,2,0,similar,underpriced,older-profile,borderline,acceptable,case_study_sample,850,0.8470588235294118,0,0,0
1157,iPhone 14 pro 128GO tat Neuf,715,DETECTED,"iPhone 14 Pro noir, 128 Go.  En parfait état, comme neuf  Toujours protégé avec une coque et un verre trempé.  Inclus chargeur d'origine.  90% de batterie  715 ferme Pas sérieux sabstenir.","Wallers, HDF",2017.0,0,2,2,1,5,2,0,similar,underpriced,older-profile,borderline,acceptable,case_study_sample,850,0.8411764705882353,0,0,0
1158,iPhone 15 plus,710,DETECTED,Vend urgent iPhone 15 plus en excellent état acheté en février 2024 encore garantie avec facture.,"Grisolles, OCC",2023.0,0,2,2,2,6,2,1,similar,underpriced,intermediate-or-missing,marked,unfavorable,case_study_sample,1200,0.5916666666666667,0,0,0
1159,iPhone 14 pro disponible dès aujourdhui ,710,DETECTED,"Liphone 14 pro 256 Giga est dans un excellent état madame monsieur ! Remise en main propre dans notre bureau/ boutique seulement. 100% original . inutile de négocier .  pour tout information additionnel. Je suis disponible, alors nhésitez pas à me contacter, voici mon numéro ","Aubervilliers, IDF",2024.0,0,1,2,3,6,2,1,unique,underpriced,new-profile,marked,unfavorable,case_study_sample,850,0.8352941176470589,0,0,0
1160,IPhone 14 pro 128gb comme neuf garantie et facture,700,DETECTED,iPhone 14 pro 128gb comme neuf garantie 6 mois et avec facture état de batterie 92% remise en main propre uniquement pas denvoi prix ferme non négociable,"Lucé, CVL",2009.0,0,2,2,1,5,2,0,similar,underpriced,older-profile,borderline,acceptable,case_study_sample,850,0.8235294117647058,0,0,0
1161,iPhone 14 pro max violet,700,DETECTED,iPhone 14 pro max 128gd En excellent état acheté en mai 2024 Fonctionne parfaitement  Vend pour achat de iPhone 15  Prix 700,"glise-Neuve-d'Issac, NAQ",2010.0,0,2,2,1,5,2,0,similar,underpriced,older-profile,borderline,acceptable,case_study_sample,850,0.8235294117647058,0,0,0
1162,iPhone 14 pro MAX,700,DETECTED,"Bonjour je vend mon IPhone 14 pro Max , je les acheter il y a peu près 3 semaine sur Amazone, et la je le revend car je part sur un autre téléphone, le prix il est non négociable, téléphone qui marche très bien, merci .","Nîmes, OCC",2011.0,0,2,2,1,5,2,0,similar,underpriced,older-profile,borderline,acceptable,case_study_sample,850,0.8235294117647058,0,0,0
1163,iPhone 14 pro,700,DETECTED,"URGENT     vendre iPhone 14 pro 128 go, silver, acheté en juillet 2023. Il a subit des réparations en juillet 2024, chez un réparateur agréé Apple. Tout a été changé en neuf excepté lécran avant et les appareils photos.  Facture dachat + facture de réparations seront fournis.  Pas denvoi.",Couleur,2012.0,0,1,2,1,4,2,0,unique,underpriced,older-profile,borderline,acceptable,case_study_sample,850,0.8235294117647058,0,0,0
1164,iPhone 15,700,DETECTED,Vend iPhone 15 plusse dinfo mp,"Saint-Quentin, HDF",2024.0,0,2,2,3,7,2,1,similar,underpriced,new-profile,marked,unfavorable,case_study_sample,1200,0.5833333333333334,0,0,0
1165,iPhone 14 Pro Max / 128 Go,700,NEGATIVE,"Bonjour, Le produit est d'origine en excellent état de fonctionnement il est vendu avec une garantie et ses accessoires.","Paris, IDF",2023.0,0,2,2,2,0,3,0,similar,underpriced,intermediate-or-missing,legitimate,acceptable,case_study_sample,850,0.8235294117647058,1,0,1
1166,iPhone 15 PLUS 128GB,700,DETECTED,"Bonjour,  Je me sépare de mon iPhone 15 PLUS 128GB NOIR car je viens d'acheter un SAMSUNG.  Garantie jusqu'au 07/02/2025  Facture à l'appui.  Aucun éclat sur les ctés  Aucune rayure derrière également  Remise en main propre uniquement  0 envoi.  Vendu avec boîte et chargeur  700 paiement PayPal, espèce ou virement instantanée, Paylib ect...  Mots clés : IPHONE, 14, 15, 13, PLUS, PRO, PRO MAX, SAMSUNG","Roanne, ARA",2014.0,0,2,2,1,5,2,0,similar,underpriced,older-profile,borderline,acceptable,case_study_sample,1200,0.5833333333333334,0,0,0
1167,IPhone 14 pro Max 256 Go,700,DETECTED,"Vends iPhone 14 Pro Max 256go dans un parfait état.  Toujours protégé, depuis le premier jour, coque de protection, protection de lécran Livré avec chargeur ultra rapide 30 W type C Possibilité de tout essayer sur place avant achat.   récupérer en main propre uniquement.","Cercoux, NAQ",2024.0,0,2,2,3,7,2,1,similar,underpriced,new-profile,marked,unfavorable,case_study_sample,850,0.8235294117647058,0,0,0
1168,iPhone 14 pro max,825,DETECTED,Tout fonctionne parfaitement. Capacité de batterie 89%.   Stockage : 128GB  Acheter lannée passée chez Bouygues.   Facture à lappui   venir récupérer sur place (Dijon) Pas denvoi.,"Dijon, BFC",,1,2,1,2,5,2,0,similar,market-consistent,intermediate-or-missing,borderline,acceptable,case_study_sample,850,0.9705882352941176,0,0,0
1169,iPhone 14 Pro Max,820,DETECTED,"iPhone en parfait état, la batterie a 100%, liPhone a était utilisé 2 semaines  Remise en main propre","Quimper, BRE",,1,2,1,2,5,2,0,similar,market-consistent,intermediate-or-missing,borderline,acceptable,case_study_sample,850,0.9647058823529412,0,0,0
1170,iPhone 15 pro max,800,DETECTED,iPhone 15 pro max  256 gb  Mit Hülle,"Pforzheim, BW",,1,2,2,2,6,2,1,similar,underpriced,intermediate-or-missing,marked,unfavorable,case_study_sample,1200,0.6666666666666666,0,0,0
1171,iPhone 15,800,DETECTED,iPhone 15 toujours garantie état neuf facture a lappuie,"Le Havre, NOR",,1,2,2,2,6,2,1,similar,underpriced,intermediate-or-missing,marked,unfavorable,case_study_sample,1200,0.6666666666666666,0,0,0
1172,IPHONE 14 pro max 256gb,800,DETECTED,Conseils de sécurité pour Marketplace,Olbia,,1,3,1,2,6,2,1,duplicated,market-consistent,intermediate-or-missing,marked,unfavorable,case_study_sample,850,0.9411764705882353,0,0,0
1173,Iphone 14 Pro Max 128 Go,800,DETECTED,"Bonjour, Je vends cet Iphone 14 Pro Max 128 Go dans un excellent état, comme l'atteste les reflets sur les photos, l'écran est intacte, le téléphone est dans un parfait état. Pour les plus exigeants, de toutes fines usures presque invisible à l'il nu. Très beau téléphone, ultra performant en superbe état. Toutes les preuves d'achat disponibles. 800 uros.","Saint-Céré, OCC",,1,2,1,2,5,2,0,similar,market-consistent,intermediate-or-missing,borderline,acceptable,case_study_sample,850,0.9411764705882353,0,0,0
1174,iPhone 15,800,DETECTED,iPhone 15 sans aucune rayure ni cassé encore garantie (dec 2024),"Le Havre, NOR",,1,2,2,2,6,2,1,similar,underpriced,intermediate-or-missing,marked,unfavorable,case_study_sample,1200,0.6666666666666666,0,0,0
1175,iPhone 14 pro Max,800,DETECTED,"Vends iPhone 14 pro Max silver 128go acheté en septembre 2022 sur Apple Store  , très bon état général , toujours protégé par une coque arrière et vitre de verre trempé devant ainsi que les objectifs photo à l arrière . Batterie Téléphone 87%","Sisteron, PAC",,1,2,1,2,5,2,0,similar,market-consistent,intermediate-or-missing,borderline,acceptable,case_study_sample,850,0.9411764705882353,0,0,0
1176,iPhone 15 état proche du neuf,800,DETECTED,"Bonjours je vend mon iPhone 15 256go  Le téléphone et neuf servis 1 mois du à un cadeau je naime pas trop iPhone,  Aucune rayure aucun pet, le téléphone sera vendu avec sa boîte dorigine ainsi que son chargeur dorigine rapide,  Non négociable","Septèmes-les-Vallons, PAC",,1,2,2,2,6,2,1,similar,underpriced,intermediate-or-missing,marked,unfavorable,case_study_sample,1200,0.6666666666666666,0,0,0
1177,iPhone 15 128gb neuf,800,DETECTED,128 gb Couleur noir  iPhone 15  Chargeur,"Courcelles, WAL",,1,2,2,2,6,2,1,similar,underpriced,intermediate-or-missing,marked,unfavorable,case_study_sample,1200,0.6666666666666666,0,0,0
1178,Iphone 15 Rosa 256 GB,800,DETECTED,Conseils de sécurité pour Marketplace,"Visp, VS",,1,3,2,2,7,2,1,duplicated,underpriced,intermediate-or-missing,marked,unfavorable,case_study_sample,1200,0.6666666666666666,0,0,0
1179,iPhone 14 pro Max,800,DETECTED,Je vend mon iPhone 14 pro Max acheter en magasin SFR facture à lappui,"Trappes, IDF",,1,2,1,2,5,2,0,similar,market-consistent,intermediate-or-missing,borderline,acceptable,case_study_sample,850,0.9411764705882353,0,0,0
1180,iPhone 15 Plus 256GB Rose - Comme Neuf !,800,DETECTED,"Je vends mon iPhone 15 Plus 256GB en couleur rose. Il est en excellent état, utilisé seulement pendant quelques semaines car j'ai décidé de passer à un modèle supérieur.  Détails :  tat : Comme neuf, utilisé seulement quelques semaines. Capacité : 256GB Couleur : Rose Accessoires inclus : Boîte d'origine, chargeur et une coque. Garantie : Valable jusqu'au 03.10.2024. Date d'achat : 03.10.2023. Prix : 800 (négociable). Aucune rayure, aucun dommage, il fonctionne parfaitement. Vous pouvez le récupérer à Soleuvre.  Si vous êtes intéressé ou si vous avez des questions, n'hésitez pas à me contacter. C'est une excellente opportunité d'obtenir un iPhone 15 Plus presque neuf à un prix avantageux !",Sanem,,1,2,2,2,6,2,1,similar,underpriced,intermediate-or-missing,marked,unfavorable,case_study_sample,1200,0.6666666666666666,0,0,0
1181,iPhone 15,800,DETECTED,"Bonjours je vend mon iPhone neuf servis 2 semaine, je naime pas trop ce modèle  Vendu avec boîte chargeur, et sa coque de protection téléphone aucunes rayures    venir chercher sur place non négociable !!!!","Brignoles, PAC",,1,2,2,2,6,2,1,similar,underpriced,intermediate-or-missing,marked,unfavorable,case_study_sample,1200,0.6666666666666666,0,0,0
1182,Iphone 15 rose,700,DETECTED,Iphone 15 rose batterie 100% il y a boîte d origine et facture de 985 avec coque couleur or,"Forbach, GES",2024.0,0,2,2,3,7,2,1,similar,underpriced,new-profile,marked,unfavorable,case_study_sample,1200,0.5833333333333334,0,0,0
1183,iPhone 14 Pro Max / 128 Go,700,NEGATIVE,Le produit est d'origine en excellent état de fonctionnement il est vendu avec une garantie et ses accessoires.,"Paris, IDF",2023.0,0,2,2,2,0,3,0,similar,underpriced,intermediate-or-missing,legitimate,acceptable,case_study_sample,850,0.8235294117647058,1,0,1
1184,iPhone 14 pro max,700,DETECTED,Un iPhone 14 pro max est a vendre.Le téléphone est en parfait état et dispose d'une capacité de batterie de 100%.  Le chargeur et le prix recommandé sont inclus.Il existe également des housses de remplacement L'expédition est possible,"Lille, HDF",2024.0,0,2,2,3,7,2,1,similar,underpriced,new-profile,marked,unfavorable,case_study_sample,850,0.8235294117647058,0,0,0
1185,Iphone 15 pro max,700,DETECTED,Bonjour a tous je vend mon iphone 15 pro max qui et bien neuf sous blister avec sa facture d'achat avec.,"Fréjus, PAC",2024.0,0,2,2,3,7,2,1,similar,underpriced,new-profile,marked,unfavorable,case_study_sample,1200,0.5833333333333334,0,0,0
1186,iPhone 15 neuf,700,DETECTED,iPhone 15 noir 128 giga neuf dans la boîte avec facture dachat,"Saint-Denis, IDF",2013.0,0,2,2,1,5,2,0,similar,underpriced,older-profile,borderline,acceptable,case_study_sample,1200,0.5833333333333334,0,0,0
1187,iPhone 14 Pro Max / 128 Go,700,NEGATIVE,"Bonjour, Le produit est d'origine en excellent état de fonctionnement il est vendu avec une garantie et ses accessoires.","Paris, IDF",2024.0,0,2,2,3,0,3,0,similar,underpriced,new-profile,legitimate,acceptable,case_study_sample,850,0.8235294117647058,1,0,1
1188,iPhone 15 128go,700,DETECTED,iPhone 15 128 giga 100 % détat de batterie Comme neuf  Acheté en février encore sous garantie,"Clermont-Ferrand, ARA",2018.0,0,2,2,1,5,2,0,similar,underpriced,older-profile,borderline,acceptable,case_study_sample,1200,0.5833333333333334,0,0,0
1189,iPhone 15 - facture et garantie,700,DETECTED,"iPhone 15 bleu , en parfait état. Encore sous garantie pendant 6 mois. Vendu avec la facture et tous les accessoires d'origine  pour plus dinformations contactez moi.","Aulnay-sous-Bois, IDF",2024.0,0,2,2,3,7,2,1,similar,underpriced,new-profile,marked,unfavorable,case_study_sample,1200,0.5833333333333334,0,0,0
1190,iPhone 14 pro max,700,DETECTED,Accessoires et facture pour plus de renseignement vous pouvez menvoyer un message,"Paris, IDF",2023.0,0,3,2,2,7,2,1,duplicated,underpriced,intermediate-or-missing,marked,unfavorable,case_study_sample,850,0.8235294117647058,0,0,0
1191,iPhone 15 pro Max,700,DETECTED,Bonjour à tous je vend mon iPhone 15 pro Max qui est neuf sous blister avec sa facture dachat,"Paris, IDF",2024.0,0,2,2,3,7,2,1,similar,underpriced,new-profile,marked,unfavorable,case_study_sample,1200,0.5833333333333334,0,0,0
1192,iPhone 14 pro max,700,DETECTED,Téléphone vendu avec garanti facture et accessoires,"Paris, IDF",2024.0,0,2,2,3,7,2,1,similar,underpriced,new-profile,marked,unfavorable,case_study_sample,850,0.8235294117647058,0,0,0
1193,IPhone 14 Pro Max 128 Go,700,NEGATIVE,"Bonjour, Le produit est d'origine en excellent état de fonctionnement il est vendu avec une garantie et ses accessoires.","Paris, IDF",2024.0,0,2,2,3,0,3,0,similar,underpriced,new-profile,legitimate,acceptable,case_study_sample,850,0.8235294117647058,1,0,1
1194,iPhone 14 pro Max,700,DETECTED,iPhone 14 pro Max avec garantie  Paris  Contactez moi pour plus dinfo,"Paris, IDF",2021.0,0,2,2,1,5,2,0,similar,underpriced,older-profile,borderline,acceptable,case_study_sample,850,0.8235294117647058,0,0,0
1195,iPhone 15 pro,700,DETECTED,Utilise 20 jours seulement ,"Marseille, PAC",2024.0,0,1,2,3,6,2,1,unique,underpriced,new-profile,marked,unfavorable,case_study_sample,1200,0.5833333333333334,0,0,0
1196,iPhone 15 128GB,700,DETECTED,"Bonjour, je vous propose à la vente mon IPhone 15 128GB neuf de couleur noir, cest un cadeau, mais malheureusement je nen ai pas lutilité car je possède déjà un téléphone de dernière génération.  Si vous êtes intéressés, nhésitez pas à me contacter.","Lille, HDF",2024.0,0,2,2,3,7,2,1,similar,underpriced,new-profile,marked,unfavorable,case_study_sample,1200,0.5833333333333334,0,0,0
1197,iPhone 15,700,DETECTED,iPhone 15 avec garantie  Paris  Contactez moi si vous êtes intéressés,"Paris, IDF",2021.0,0,2,2,1,5,2,0,similar,underpriced,older-profile,borderline,acceptable,case_study_sample,1200,0.5833333333333334,0,0,0
1198,iPhone 15,700,DETECTED,iPhone 15 avec garantie  Paris  Contactez moi pour plus dinfos,"Paris, IDF",2021.0,0,2,2,1,5,2,0,similar,underpriced,older-profile,borderline,acceptable,case_study_sample,1200,0.5833333333333334,0,0,0
1199,iPhone 14 Pro Max 128 Go,700,NEGATIVE,Le produit est d'origine en excellent etat il est vendu avec une garantie et ses accessoires,"Paris, IDF",,1,2,2,2,0,3,0,similar,underpriced,intermediate-or-missing,legitimate,acceptable,case_study_sample,850,0.8235294117647058,1,0,1
1200,iPhone 14 pro max 128go,700,NEGATIVE,Le produit est d'origine en excellent état de fonctionnement il est vendu avec une garantie et ses accessoires,"Paris, IDF",,1,2,2,2,0,3,0,similar,underpriced,intermediate-or-missing,legitimate,acceptable,case_study_sample,850,0.8235294117647058,1,0,1
1201,iPhone 15 pro max.....,700,IDENTIFIED,"Nouvel arrivage d'iPhone 15 pro max 256 GB Boîtes ouvertes Version américaine originale tat de la batterie à 100 % Très bon état  MU-10pcs Pour acheter, envoyez-moi un message","Nîmes, OCC",,1,2,2,2,6,2,1,similar,underpriced,intermediate-or-missing,marked,unfavorable,case_study_sample,1200,0.5833333333333334,0,0,0
1202,iPhone 15 pro max....,700,IDENTIFIED,"Nouvel arrivage d'iPhone 15 pro max 256 GB Boîtes ouvertes Version américaine originale tat de la batterie à 100 % Très bon état  MU-10pcs Pour acheter, envoyez-moi un message","Nantes, PDL",,1,2,2,2,6,2,1,similar,underpriced,intermediate-or-missing,marked,unfavorable,case_study_sample,1200,0.5833333333333334,0,0,0
1203,IPHONE 15 NOIR 128GO 5G (neuf dans boîte d'origine),700,DETECTED,"Je vends un iPhone 15, 128 Go, tout neuf, encore dans sa boîte scellée d'origine. Jamais ouvert, jamais utilisé. Cet iPhone est l'appareil idéal pour ceux qui recherchent la dernière technologie Apple sans compromis.  Caractéristiques :      Modèle : iPhone 15     Capacité de stockage : 128 Go     Couleur : Noir      tat : Neuf, scellé dans sa boîte d'origine, jamais ouvert  Inclus dans la boîte :      iPhone 15     Câble USB-C vers Lightning     Documentation  Garantie :      Couvert par la garantie Apple standard de 1 an à compter de la date d'activation     Possibilité de souscrire à AppleCare+ pour une couverture étendue  Remise en main propre et livraison :      Remise en main propre possible dans Paris.     Expédition possible avec assurance et suivi à la charge de l'acheteur.  Contact :  Pour toute question ou pour organiser un achat, merci de me contacter par message privé ou par téléphone au 06 05 88 05 73.","Paris, IDF",,1,2,2,2,6,2,1,similar,underpriced,intermediate-or-missing,marked,unfavorable,case_study_sample,1200,0.5833333333333334,0,0,0
1204,iPhone 14 Pro Max 128 GO,700,NEGATIVE,Description : Le produit est d'origine en excellent état de fonctionnement il est vendu avec une garantie et ses accessoires,"Paris, IDF",,1,3,2,2,0,3,0,duplicated,underpriced,intermediate-or-missing,legitimate,acceptable,case_study_sample,850,0.8235294117647058,1,0,1
1205,iPhone 15 pro max ',700,IDENTIFIED,"Nouvel arrivage d'iPhone 15 pro max 256 GB Boîtes ouvertes Version américaine originale tat de la batterie à 100 % Très bon état  MU-10pcs Pour acheter, envoyez-moi un message","Lille, HDF",,1,2,2,2,6,2,1,similar,underpriced,intermediate-or-missing,marked,unfavorable,case_study_sample,1200,0.5833333333333334,0,0,0
1206,"iPhone 15, sous scellé",700,DETECTED,"128gb, noir, sous scellé, 1an garantie Apple","Liège, WAL",,1,1,2,2,5,2,0,unique,underpriced,intermediate-or-missing,borderline,acceptable,case_study_sample,1200,0.5833333333333334,0,0,0
1207,iPhone 13 pro,700,DETECTED,Conseils de sécurité pour Marketplace,"Toulouse, OCC",,1,3,1,2,6,2,1,duplicated,market-consistent,intermediate-or-missing,marked,unfavorable,case_study_sample,750,0.9333333333333333,0,0,0
1208,iPhone 14 Pro Max,700,NEGATIVE,Stockage  : 128 Go Le produit est d'origine et en bonne état de fonctionnement et vendu avec une garantie et ses accessoires,"Paris, IDF",,1,2,2,2,0,3,0,similar,underpriced,intermediate-or-missing,legitimate,acceptable,case_study_sample,850,0.8235294117647058,1,0,1
1209,"iPhone 15 pro max,,",700,IDENTIFIED,"Nouvel arrivage d'iPhone 15 pro max 256 GB Boîtes ouvertes Version américaine originale tat de la batterie à 100 % Très bon état  MU-10pcs Pour acheter, envoyez-moi un message","Boom, VLG",,1,2,2,2,6,2,1,similar,underpriced,intermediate-or-missing,marked,unfavorable,case_study_sample,1200,0.5833333333333334,0,0,0
1210,IPHONE 14 pro 128G,700,DETECTED,"IPHONE Pro 128g , aucune rayure, comme neuf , état de batterie 90%","Toulouse, OCC",,1,2,2,2,6,2,1,similar,underpriced,intermediate-or-missing,marked,unfavorable,case_study_sample,850,0.8235294117647058,0,0,0
1211,iPhone 15 pro max..,700,IDENTIFIED,"Nouvel arrivage d'iPhone 15 pro max 256 GB Boîtes ouvertes Version américaine originale tat de la batterie à 100 % Très bon état  MU-10pcs Pour acheter, envoyez-moi un message","Bordeaux, NAQ",,1,2,2,2,6,2,1,similar,underpriced,intermediate-or-missing,marked,unfavorable,case_study_sample,1200,0.5833333333333334,0,0,0
1212,iPhone 15 pro max.,700,IDENTIFIED,"Nouvel arrivage d'iPhone 15 pro max 256 GB Boîtes ouvertes Version américaine originale tat de la batterie à 100 % Très bon état  MU-10pcs Pour acheter, envoyez-moi un message","Montreuil, IDF",,1,2,2,2,6,2,1,similar,underpriced,intermediate-or-missing,marked,unfavorable,case_study_sample,1200,0.5833333333333334,0,0,0
1213,iPhone 14 Pro Max 128Go,700,NEGATIVE,Le produit est d'origine en excellent état de fonctionnement il est vendu avec une garantie et ses accessoires,"Paris, IDF",,1,2,2,2,0,3,0,similar,underpriced,intermediate-or-missing,legitimate,acceptable,case_study_sample,850,0.8235294117647058,1,0,1
1214,iPhone 15,700,DETECTED,Iphone 15 neuf,"Marseille, PAC",,1,2,2,2,6,2,1,similar,underpriced,intermediate-or-missing,marked,unfavorable,case_study_sample,1200,0.5833333333333334,0,0,0
1215,iPhone 14 pro 128go violet,700,DETECTED,Bonjours je vend mon iPhone 14 pro 128go de couleur violet.  Payement en espèces sur place pas d'envoi. La garantie est jusqu'à septembre. Donc ne sera pas présente cependant il y aura la boite d'origine et le câble. Il sera nettoyer et réinitialiser pour la vente.  Il présente quelques micro rayures sur le contour mais rien de méchant.  Il a toujours été protéger avec un écran de verre arrière et avant plus une coque intégrale en silicone.   Pas sérieux s'abstenir merci.,"Crézancy, HDF",,1,2,2,2,6,2,1,similar,underpriced,intermediate-or-missing,marked,unfavorable,case_study_sample,850,0.8235294117647058,0,0,0
1216,iPhone 14 Pro Max,700,NEGATIVE,Le produit est d'origine en excellent état de fonctionnement il est vendu avec une garantie et ses accessoires,"Paris, IDF",,1,2,2,2,0,3,0,similar,underpriced,intermediate-or-missing,legitimate,acceptable,case_study_sample,850,0.8235294117647058,1,0,1
1217,iPhone 14 pro Max 128go,700,NEGATIVE,Le produit est d'origine en excellent état de fonctionnement il est vendu avec une garantie et ses accessoires,"Paris, IDF",,1,2,2,2,0,3,0,similar,underpriced,intermediate-or-missing,legitimate,acceptable,case_study_sample,850,0.8235294117647058,1,0,1
1218,Iphone 15,700,DETECTED,Iphone 15 128go comme neuf.  Je le revends car achat d'un S24. 700 prix ferme,"Roanne, ARA",,1,2,2,2,6,2,1,similar,underpriced,intermediate-or-missing,marked,unfavorable,case_study_sample,1200,0.5833333333333334,0,0,0
1219,iPhone 14 plus,700,DETECTED,Je vend mon iPhone 14 plus  Batterie à 87 pour-cent Deux petite pets (voir photo) n impacte pas le téléphone  iPhone de couleur rouge  venir chercher  Boîte avec téléphone Avec chargeur  Négociable,"Saint-Aignan-le-Jaillard, CVL",,1,2,2,2,6,2,1,similar,underpriced,intermediate-or-missing,marked,unfavorable,case_study_sample,850,0.8235294117647058,0,0,0
1220,iPhone 15 vert 128go neuf,700,DETECTED,iPhone 15 128g vert neuf  Aucune rayure toujours protégé avec coque et verre trempé acheté en octobre 2023 encore garantie jusquen octobre 2025 remise avec le téléphone  Prix non négociable !  Remis uniquement en main propre !  Pas sérieux sabstenir,"Annecy, ARA",,1,2,2,2,6,2,1,similar,underpriced,intermediate-or-missing,marked,unfavorable,case_study_sample,1200,0.5833333333333334,0,0,0
1221,iPhone 14 Pro Max 128 Go,700,NEGATIVE,Le produit est d'origine en excellent état de fonctionnement il est vendu avec une garantie et ses accessoires,"Paris, IDF",,1,2,2,2,0,3,0,similar,underpriced,intermediate-or-missing,legitimate,acceptable,case_study_sample,850,0.8235294117647058,1,0,1
1222,iphone 14 pro max,700,DETECTED,iPhone vendu avec facture garanti et accessoires neufs compris. Avec 128 gigas,"Paris, IDF",2023.0,0,2,2,2,6,2,1,similar,underpriced,intermediate-or-missing,marked,unfavorable,case_study_sample,850,0.8235294117647058,0,0,0
1223,Iphone 14 Pro Max,700,DETECTED,Le produit est d'origine en excellent état de fonctionnement mais il a quelques usures sur le plan esthétique.  Il est vendu avec une garantie et ses accessoires  Stockage : 128 Go,"Paris, IDF",2024.0,0,2,2,3,7,2,1,similar,underpriced,new-profile,marked,unfavorable,case_study_sample,850,0.8235294117647058,0,0,0
1224,iPhone 14 pro max,700,DETECTED,iPhone 14pro max avec facture et accessoires neufs!!,"Paris, IDF",2024.0,0,2,2,3,7,2,1,similar,underpriced,new-profile,marked,unfavorable,case_study_sample,850,0.8235294117647058,0,0,0
1225,iPhone 14 pro Max 128Go,700,DETECTED,Très bon état  Pour plus dinfo nhésitez pas à me contacter. PRIX NON NGOCIABLE !  Tout est dans le bon zéro arnaque tout neuf prix de boutique,"Paris, IDF",2024.0,0,2,2,3,7,2,1,similar,underpriced,new-profile,marked,unfavorable,case_study_sample,850,0.8235294117647058,0,0,0
1226,iPhone 15 Plus,700,DETECTED,"iPhone 15 Plus à vendre.  En très très bonne état, avec quelques micro rayures.  Il fonctionne très très bien, aucun bug. Tout est fonctionnel sur le téléphone.  Non négociable.  Contact uniquement par messenger.  Cdt","vreux, NOR",2024.0,0,1,2,3,6,2,1,unique,underpriced,new-profile,marked,unfavorable,case_study_sample,1200,0.5833333333333334,0,0,0
1227,iPhone 14 pro Max/128go,700,NEGATIVE,Le produit est d'origine en excellent état de fonctionnement il est vendu avec une garantie et ses accessoires,"Paris, IDF",2024.0,0,2,2,3,0,3,0,similar,underpriced,new-profile,legitimate,acceptable,case_study_sample,850,0.8235294117647058,1,0,1
1228,iPhone 14 pro max /128Go,700,NEGATIVE,Description : Le produit est d'origine en excellent état de fonctionnement il est vendu avec une garantie et ses accessoires,"Paris, IDF",2024.0,0,3,2,3,0,3,0,duplicated,underpriced,new-profile,legitimate,acceptable,case_study_sample,850,0.8235294117647058,1,0,1
1229,iphone 15 pro max,700,DETECTED,iPhone 15 pro max 256 Go en parfait état avec sa boite et son câble de charge. Il dispose d'une facture pour la garantie,Couleur,2020.0,0,2,2,1,5,2,0,similar,underpriced,older-profile,borderline,acceptable,case_study_sample,1200,0.5833333333333334,0,0,0
1230,iphone 15 pro max,700,DETECTED,"Je vends ou échange contre un téléphone portable de même valeur ou de valeur inférieure et de l'argent pour moi, le nouveau téléphone n'a que 3 jours, facture pour la garantie de 3 ans, 100 batterie, tous les accessoires d'origine, coque et verre trempé, ainsi que des anneaux de protection pour les caméras arrière. Prix par privé, samsung, iphone, xiaomi, oppo, huawei, ect",Matériau,2020.0,0,1,2,1,4,2,0,unique,underpriced,older-profile,borderline,acceptable,case_study_sample,1200,0.5833333333333334,0,0,0
1231,iPhone 14 Pro Max,700,NEGATIVE,Description : Le produit est d'origine en excellent état de fonctionnement il est vendu avec une garantie et ses accessoires,"Paris, IDF",2024.0,0,3,2,3,0,3,0,duplicated,underpriced,new-profile,legitimate,acceptable,case_study_sample,850,0.8235294117647058,1,0,1
1232,"Apple iPhone 14 Pro Max, 128Go, Deep Purple - (Reconditionné)",700,DETECTED,"iPhone 14 pro Max vendu par loop-mobile que dire . Téléphone US donc pas de carte SIM physique, des la mises à jour du téléphone pu internet plus de 5G bref plus rien","Suisse, GES",2018.0,0,2,2,1,5,2,0,similar,underpriced,older-profile,borderline,acceptable,case_study_sample,850,0.8235294117647058,0,0,0
1233,iPhone 14 pro Max 128 go,700,NEGATIVE,Le produit est d'origine en excellent état de fonctionnement il est vendu avec une garantie et ses accessoires,"Paris, IDF",2024.0,0,2,2,3,0,3,0,similar,underpriced,new-profile,legitimate,acceptable,case_study_sample,850,0.8235294117647058,1,0,1
1234,iPhone 14 pro Max 128 go,700,NEGATIVE,iPhone 14 pro Max 128 go  Description : Le produit est d'origine en excellent état de fonctionnement il est vendu avec une garantie et ses accessoires,"Paris, IDF",2024.0,0,2,2,3,0,3,0,similar,underpriced,new-profile,legitimate,acceptable,case_study_sample,850,0.8235294117647058,1,0,1
1235,iPhone 14 Pro Max 128 GO,700,DETECTED,"Le produit est dorigine en excellent état de fonctionnement, il est vendue avec une garantie et ses accessoires","Paris, IDF",2017.0,0,2,2,1,5,2,0,similar,underpriced,older-profile,borderline,acceptable,case_study_sample,850,0.8235294117647058,0,0,0
1236,iPhone 14 pro Max 128go,700,NEGATIVE,Le produit est d'origine en excellent état de fonctionnement il est vendu avec une garantie et ses accessoires,"Paris, IDF",2021.0,0,2,2,1,0,3,0,similar,underpriced,older-profile,legitimate,acceptable,case_study_sample,850,0.8235294117647058,1,0,1
1237,iPhone 14 Pro Max 128 Go,700,NEGATIVE,Le produit est d'origine en excellent état de fonctionnement il est vendu avec une garantie et ses accessoires,"Paris, IDF",2021.0,0,2,2,1,0,3,0,similar,underpriced,older-profile,legitimate,acceptable,case_study_sample,850,0.8235294117647058,1,0,1
1238,Iphone 14 Pro Max 128 Go,700,NEGATIVE,Le produit est d'origine en excellent état de fonctionnement il est vendu avec une garantie et ses accessoires,"Paris, IDF",2017.0,0,2,2,1,0,3,0,similar,underpriced,older-profile,legitimate,acceptable,case_study_sample,850,0.8235294117647058,1,0,1
1239,iPhone 14 pro Max 128G,700,DETECTED,Je vends mon iPhone 14 pro max Le produit est d'origine en excellent état de fonctionnement il est vendu avec une garantie et ses accessoires,"Paris, IDF",2023.0,0,2,2,2,6,2,1,similar,underpriced,intermediate-or-missing,marked,unfavorable,case_study_sample,850,0.8235294117647058,0,0,0
1240,iPhone 14 Pro Max 128 Go,700,NEGATIVE,Le produit est d'origine en excellent état de fonctionnement il est vendu avec une garantie et ses accessoires,"Paris, IDF",2020.0,0,2,2,1,0,3,0,similar,underpriced,older-profile,legitimate,acceptable,case_study_sample,850,0.8235294117647058,1,0,1
1241,iPhone 14 Pro Max 128 Go,700,NEGATIVE,Le produit est d'origine en excellent état de fonctionnement il est vendu avec une garantie et ses accessoires,"Paris, IDF",2024.0,0,2,2,3,0,3,0,similar,underpriced,new-profile,legitimate,acceptable,case_study_sample,850,0.8235294117647058,1,0,1
1242,Iphone 15 pro max,700,DETECTED,No de modèle A3105  IMEI 354449449950956  Numéro de série HFYHYXTW1J  N d''article 1876226  Mémoire 512Go  Type de SIM SIM + eSIM  Couleur bleur   Diagonale de l'écran 6.70  Mémoire extensible Non  Réseau mobile standard LTE  Résolution caméra 48 Mpx  Type caméra Triple  Résolution caméra frontale 12 Mpx  Apple iPhone 15 Pro Max 512Go bleu..,"Paris, IDF",,1,1,2,2,5,2,0,unique,underpriced,intermediate-or-missing,borderline,acceptable,case_study_sample,1200,0.5833333333333334,0,0,0
1243,Iphone 14 pro max 128 Go,700,NEGATIVE,Le produit est d'origine en excellent état de fonctionnement il est vendu avec une garantie et ses accessoires,"Paris, IDF",,1,2,2,2,0,3,0,similar,underpriced,intermediate-or-missing,legitimate,acceptable,case_study_sample,850,0.8235294117647058,1,0,1
1244,Iphone 14 Plus,700,DETECTED,"Iphone 14 Plus 128 Go  Couleur Lila Comme neuf Encore sous garantie jusqu au 02/2025 Avec coque de protection Apple ainsi que protection d écran   Pour plus d informations, n hésitez pas à nous contacter","Péruwelz, WAL",,1,2,2,2,6,2,1,similar,underpriced,intermediate-or-missing,marked,unfavorable,case_study_sample,850,0.8235294117647058,0,0,0
1245,iphone 15,700,DETECTED,je vend un iphone 15 pas cher nhésitez pas a venir menvoyer un message en privée pour plus de renseignements,"Noisy-le-Sec, IDF",,1,2,2,2,6,2,1,similar,underpriced,intermediate-or-missing,marked,unfavorable,case_study_sample,1200,0.5833333333333334,0,0,0
1246,iPhone 14 prox max/128go,700,NEGATIVE,Le produit est dorigine en excellent état de fonctionnement est vendu avec une garantie et ses accessoires,"Paris, IDF",,1,2,2,2,0,3,0,similar,underpriced,intermediate-or-missing,legitimate,acceptable,case_study_sample,850,0.8235294117647058,1,0,1
1247,iPhone 15 plus rose,700,DETECTED,iPhone 15 plus rose il a à peine 5 mois mais il est cassé derrière car je lest fais tomber dune fenêtre mais il fonctionne parfaitement. 700 à débattre cote encore 1000e en magasin,"Wattrelos, HDF",,1,1,2,2,5,2,0,unique,underpriced,intermediate-or-missing,borderline,acceptable,case_study_sample,1200,0.5833333333333334,0,0,0
1248,iPhone 15 pro max'',700,IDENTIFIED,"Nouvel arrivage d'iPhone 15 pro max 256 GB Boîtes ouvertes Version américaine originale tat de la batterie à 100 % Très bon état  MU-10pcs Pour acheter, envoyez-moi un message","Strasbourg, GES",,1,2,2,2,6,2,1,similar,underpriced,intermediate-or-missing,marked,unfavorable,case_study_sample,1200,0.5833333333333334,0,0,0
1249,Iphone 15 256GB,700,DETECTED,Conseils de sécurité pour Marketplace,"Visp, VS",,1,3,2,2,7,2,1,duplicated,underpriced,intermediate-or-missing,marked,unfavorable,case_study_sample,1200,0.5833333333333334,0,0,0
1250,Iphone 14,700,DETECTED,"Iphone 14 jamais ouvert, colori midnight 128 GB. Cadeau offert à une personne pro Samsung donc ne l'a jamais ouvert. Remise en main propre uniquement.","Noves, PAC",,1,2,2,2,6,2,1,similar,underpriced,intermediate-or-missing,marked,unfavorable,case_study_sample,850,0.8235294117647058,0,0,0
1251,iPhone 14 pro max,700,NEGATIVE,Le produit est d'origine en excellent état de fonctionnement il est vendu avec une garantie et ses accessoires,"Paris, IDF",,1,2,2,2,0,3,0,similar,underpriced,intermediate-or-missing,legitimate,acceptable,case_study_sample,850,0.8235294117647058,1,0,1
1252,iPhone 15 pro max',700,IDENTIFIED,"Nouvel arrivage d'iPhone 15 pro max 256 GB Boîtes ouvertes Version américaine originale tat de la batterie à 100 % Très bon état  MU-10pcs Pour acheter, envoyez-moi un message","Strasbourg, GES",,1,2,2,2,6,2,1,similar,underpriced,intermediate-or-missing,marked,unfavorable,case_study_sample,1200,0.5833333333333334,0,0,0
1253,iPhone 13 Pro Max,700,DETECTED,Vend iPhone 13 Pro Max comme neuve 0 soucis ! Vendue avec sa boîte et son chargeur,"Décines-Charpieu, ARA",,1,2,1,2,5,2,0,similar,market-consistent,intermediate-or-missing,borderline,acceptable,case_study_sample,750,0.9333333333333333,0,0,0
1254,iPhone 13 Pro Max 512 GO,700,DETECTED,Téléphone tat comme neuf - Apple IPhone 13 Pro Max - 512 Go vert  Avec chargeur et coque Apple induction  tat de la batterie 85% Remise en main propre,"Bandol, PAC",,1,2,1,2,5,2,0,similar,market-consistent,intermediate-or-missing,borderline,acceptable,case_study_sample,750,0.9333333333333333,0,0,0
1255,iPhone 14 pro,700,DETECTED,"le téléphone est en très bon état, avec une mémoire interne de 256 Go. Prix négociable.  WhatsApp 0764314804","Thnex, GE",,1,2,2,2,6,2,1,similar,underpriced,intermediate-or-missing,marked,unfavorable,case_study_sample,850,0.8235294117647058,0,0,0
1256,iPhone 15 pro max_,700,IDENTIFIED,"Nouvel arrivage d'iPhone 15 pro max 256 GB Boîtes ouvertes Version américaine originale tat de la batterie à 100 % Très bon état  MU-10pcs Pour acheter, envoyez-moi un message","Saint-Denis, IDF",,1,2,2,2,6,2,1,similar,underpriced,intermediate-or-missing,marked,unfavorable,case_study_sample,1200,0.5833333333333334,0,0,0
1257,iPhone 15 pro max*,700,IDENTIFIED,"Nouvel arrivage d'iPhone 15 pro max 256 GB Boîtes ouvertes Version américaine originale tat de la batterie à 100 % Très bon état  MU-10pcs Pour acheter, envoyez-moi un message","Montreuil, IDF",,1,2,2,2,6,2,1,similar,underpriced,intermediate-or-missing,marked,unfavorable,case_study_sample,1200,0.5833333333333334,0,0,0
1258,iPhone 14  état proche du neuf,700,DETECTED,Je vends mon IPhone car j ai changé de modèle,"Niort, NAQ",,1,2,2,2,6,2,1,similar,underpriced,intermediate-or-missing,marked,unfavorable,case_study_sample,850,0.8235294117647058,0,0,0
1259,IPhone 14 pro max 128 go,700,NEGATIVE,Le produit est d'origine en excellent état de fonctionnement il est vendu avec une garantie et ses accessoires,"Paris, IDF",,1,2,2,2,0,3,0,similar,underpriced,intermediate-or-missing,legitimate,acceptable,case_study_sample,850,0.8235294117647058,1,0,1
1260,iPhone 15 à vendre,700,DETECTED,"iPhone 15 à vendre Aucuns coups, toujours protégé par un verre de protection.  tat de la batterie: 95%. 700, pas de négociation.","Namur, WAL",,1,2,2,2,6,2,1,similar,underpriced,intermediate-or-missing,marked,unfavorable,case_study_sample,1200,0.5833333333333334,0,0,0
1261,iPhone 14 pro max/128go,700,NEGATIVE,Le produit est d'origine en excellent état de fonctionnement il est vendu avec une garantie et ses accessoires,"Paris, IDF",2024.0,0,2,2,3,0,3,0,similar,underpriced,new-profile,legitimate,acceptable,case_study_sample,850,0.8235294117647058,1,0,1
1262,iPhone 14 Pro Max 128 Go,700,NEGATIVE,Le produit est d'origine en excellent état de fonctionnement il est vendu avec une garantie et ses accessoires,"Paris, IDF",2024.0,0,2,2,3,0,3,0,similar,underpriced,new-profile,legitimate,acceptable,case_study_sample,850,0.8235294117647058,1,0,1
1263,iPhone 14 Pro Max 128 Go,700,NEGATIVE,Le produit est d'origine en excellent état de fonctionnement il est vendu avec une garantie et ses accessoires,"Paris, IDF",2024.0,0,2,2,3,0,3,0,similar,underpriced,new-profile,legitimate,acceptable,case_study_sample,850,0.8235294117647058,1,0,1
1264,iPhone 14 Pro Max,700,NEGATIVE,Le produit est d'origine en excellent état de fonctionnement il est vendu avec la garantie et ses accessoires.,"Paris, IDF",2016.0,0,2,2,1,0,3,0,similar,underpriced,older-profile,legitimate,acceptable,case_study_sample,850,0.8235294117647058,1,0,1
1265,iPhone 14 pro ma. 128 g,700,NEGATIVE,Le produit est d'origine en excellent état de fonctionnement il est vendu avec une garantie et ses accessoires,"Paris, IDF",2020.0,0,2,2,1,0,3,0,similar,underpriced,older-profile,legitimate,acceptable,case_study_sample,850,0.8235294117647058,1,0,1
1266,iPhone 14 Pro Max 128 Go,700,NEGATIVE,Le produit est d'origine en excellent état de fonctionnement il est vendu avec une garantie et ses accessoires,"Paris, IDF",2022.0,0,2,2,1,0,3,0,similar,underpriced,older-profile,legitimate,acceptable,case_study_sample,850,0.8235294117647058,1,0,1
1267,iPhone 14 Pro Max 128 Go,700,NEGATIVE,Le produit est d'origine en excellent état de fonctionnement il est vendu avec une garantie et ses accessoires,"Paris, IDF",2022.0,0,2,2,1,0,3,0,similar,underpriced,older-profile,legitimate,acceptable,case_study_sample,850,0.8235294117647058,1,0,1
1268,iPhone 14 Pro Max 128 Go,700,NEGATIVE,Le produit est d'origine en excellent état de fonctionnement il est vendu avec une garantie et ses accessoires,"Paris, IDF",2024.0,0,2,2,3,0,3,0,similar,underpriced,new-profile,legitimate,acceptable,case_study_sample,850,0.8235294117647058,1,0,1
1269,IPHONE 14 PRO MAX,700,NEGATIVE,Le produit est d'origine en excellent état de fonctionnement il est vendu avec une garantie et ses accessoires,"Paris, IDF",2024.0,0,2,2,3,0,3,0,similar,underpriced,new-profile,legitimate,acceptable,case_study_sample,850,0.8235294117647058,1,0,1
1270,Iphone 14 pro max 128Go,700,NEGATIVE,Le produit est d'origine en excellent état de fonctionnement il est vendu avec une garantie et ses accessoires,"Paris, IDF",2011.0,0,2,2,1,0,3,0,similar,underpriced,older-profile,legitimate,acceptable,case_study_sample,850,0.8235294117647058,1,0,1
1271,iPhone 14 Pro Max,700,NEGATIVE,Le produit est d'origine en excellent état de fonctionnement il est vendu avec une garantie et ses accessoires,"Paris, IDF",2023.0,0,2,2,2,0,3,0,similar,underpriced,intermediate-or-missing,legitimate,acceptable,case_study_sample,850,0.8235294117647058,1,0,1
1272,iPhone 14 Pro Max 128 Go,700,NEGATIVE,Le produit est d'origine en excellent état de fonctionnement il est vendu avec une garantie et ses accessoires,"Paris, IDF",2022.0,0,2,2,1,0,3,0,similar,underpriced,older-profile,legitimate,acceptable,case_study_sample,850,0.8235294117647058,1,0,1
1273,Iphone 14 pro max 128 Go,700,NEGATIVE,Le produit est d'origine en excellent état de fonctionnement il est vendu avec une garantie et ses accessoires,"Paris, IDF",2016.0,0,2,2,1,0,3,0,similar,underpriced,older-profile,legitimate,acceptable,case_study_sample,850,0.8235294117647058,1,0,1
1274,iPhone 14 Pro Max 128 Go,700,NEGATIVE,Le produit est d'origine en excellent état de fonctionnement il est vendu avec une garantie et ses accessoires,"Paris, IDF",2024.0,0,2,2,3,0,3,0,similar,underpriced,new-profile,legitimate,acceptable,case_study_sample,850,0.8235294117647058,1,0,1
1275,iPhone 14 pro Max 128 Go,700,NEGATIVE,: Le produit est d'origine en excellent état de fonctionnement il est vendu avec une garantie et ses accessoires,"Paris, IDF",2020.0,0,3,2,1,0,3,0,duplicated,underpriced,older-profile,legitimate,acceptable,case_study_sample,850,0.8235294117647058,1,0,1
1276,iPhone 14 pro Max 128Go,700,NEGATIVE,Bonjour le produit est d'origine en excellent état de fonctionnement il est vendu avec une garantie et ses accessoires,Couleur,2024.0,0,3,2,3,0,3,0,duplicated,underpriced,new-profile,legitimate,acceptable,case_study_sample,850,0.8235294117647058,1,0,1
1277,Iphone 14 pro max/128 Go,700,NEGATIVE,Le produit est d'origine en excellent état de fonctionnement il est vendu avec une garantie et ses accessoires,"Paris, IDF",2021.0,0,2,2,1,0,3,0,similar,underpriced,older-profile,legitimate,acceptable,case_study_sample,850,0.8235294117647058,1,0,1
1278,iPhone 14 Pro Max 128 Go,700,NEGATIVE,Le produit est d'origine en excellent état de fonctionnement il est vendu avec une garantie et ses accessoires,Couleur,2024.0,0,2,2,3,0,3,0,similar,underpriced,new-profile,legitimate,acceptable,case_study_sample,850,0.8235294117647058,1,0,1
1279,Iphone 14 pro max/128 go,700,NEGATIVE,Le produit est d'origine en excellent état de fonctionnement il est vendu avec une garantie et ses accessoires,"Paris, IDF",2021.0,0,2,2,1,0,3,0,similar,underpriced,older-profile,legitimate,acceptable,case_study_sample,850,0.8235294117647058,1,0,1
1280,Iphone 14 pro max 128 go,700,NEGATIVE,Le produit est d'origine en excellent stat de fonctionnement il est vendu avec une garantie et ses accessoires,"Paris, IDF",2023.0,0,2,2,2,0,3,0,similar,underpriced,intermediate-or-missing,legitimate,acceptable,case_study_sample,850,0.8235294117647058,1,0,1
1281,iPhone 14 Pro Max 128 go,700,NEGATIVE,Le produit est d'origine en excellent état de fonctionnement il est vendu avec une garantie et ses accessoires,"Paris, IDF",2024.0,0,2,2,3,0,3,0,similar,underpriced,new-profile,legitimate,acceptable,case_study_sample,850,0.8235294117647058,1,0,1
1282,iPhone 14 Pro Max 128 go,700,NEGATIVE,Le produit est d'origine en excellent état de fonctionnement il est vendu avec une garantie et ses accessoires,"Paris, IDF",2024.0,0,2,2,3,0,3,0,similar,underpriced,new-profile,legitimate,acceptable,case_study_sample,850,0.8235294117647058,1,0,1
1283,iPhone 15 pro max 1to,700,DETECTED,Bonjour je vend le téléphone qu on ma offert car je souhaite partir en vacances  La couleur du iPhone et bleu titanium avec facture et garantie  (Uniquement main propre ),"Linas, IDF",2024.0,0,2,2,3,7,2,1,similar,underpriced,new-profile,marked,unfavorable,case_study_sample,1200,0.5833333333333334,0,0,0
1284,iPhone 14 Pro Max,700,NEGATIVE,Le produit est d'origine en excellent état de fonctionnement il est vendu avec une garantie et ses accessoires,"Garges-lès-Gonesse, IDF",2024.0,0,2,2,3,0,3,0,similar,underpriced,new-profile,legitimate,acceptable,case_study_sample,850,0.8235294117647058,1,0,1
1285,iPhone 14 Pro Max / 128 Go,700,NEGATIVE,"Bonjour, Le produit est d'origine en excellent état de fonctionnement il est vendu avec une garantie et ses accessoires.","Paris, IDF",2024.0,0,2,2,3,0,3,0,similar,underpriced,new-profile,legitimate,acceptable,case_study_sample,850,0.8235294117647058,1,0,1
1286,Iphone 14 Pro Max / 128 Go,700,NEGATIVE,Le produit est d'origine en excellent état de fonctionnement il est vendu avec une garantie et ses accessoires,"Paris, IDF",2024.0,0,2,2,3,0,3,0,similar,underpriced,new-profile,legitimate,acceptable,case_study_sample,850,0.8235294117647058,1,0,1
1287,iPhone 14 pro Max,700,NEGATIVE,Le produit est d'origine en excellent état de fonctionnement il est vendu avec une garantie et ses accessoires,"Paris, IDF",2023.0,0,2,2,2,0,3,0,similar,underpriced,intermediate-or-missing,legitimate,acceptable,case_study_sample,850,0.8235294117647058,1,0,1
1288,iPhone 14 Pro Max 128/GO,700,NEGATIVE,Le produit est d'origine en excellent état de fonctionnement il est vendu avec une garantie et ses accessoires,"Paris, IDF",2019.0,0,2,2,1,0,3,0,similar,underpriced,older-profile,legitimate,acceptable,case_study_sample,850,0.8235294117647058,1,0,1
1289,iPhone 14 pro max 128Go,700,NEGATIVE,Le produit est d'origine en excellent état de fonctionnement il est vendu avec une garantie et ses accessoires,"Paris, IDF",2024.0,0,2,2,3,0,3,0,similar,underpriced,new-profile,legitimate,acceptable,case_study_sample,850,0.8235294117647058,1,0,1
1290,iPhone 14 Pro Max 128 Go,700,NEGATIVE,Le produit est d'origine en excellent état de fonctionnement il est vendu avec une garantie et ses accessoires,"Paris, IDF",2024.0,0,2,2,3,0,3,0,similar,underpriced,new-profile,legitimate,acceptable,case_study_sample,850,0.8235294117647058,1,0,1
1291,iPhone 14 Pro Max 128 Go,700,NEGATIVE,Le produit est d'origine en excellent état de fonctionnement il est vendu avec une garantie et ses accessoires,"Paris, IDF",2024.0,0,2,2,3,0,3,0,similar,underpriced,new-profile,legitimate,acceptable,case_study_sample,850,0.8235294117647058,1,0,1
1292,Iphone 14 Pro Max,700,NEGATIVE,Le produit est d'origine et fonctionne bien. Il est fourni avec une garantie et tous ses accessoires.,"Paris, IDF",2017.0,0,2,2,1,0,3,0,similar,underpriced,older-profile,legitimate,acceptable,case_study_sample,850,0.8235294117647058,1,0,1
1293,iPhone 14 Pro Max / 128 Go,700,NEGATIVE,"Bonjour , Le produit est d'origine en excellent état de fonctionnement il est vendu avec une garantie et ses accessoires.","Paris, IDF",2024.0,0,2,2,3,0,3,0,similar,underpriced,new-profile,legitimate,acceptable,case_study_sample,850,0.8235294117647058,1,0,1
1294,iPhone 14 Pro Max 128Go,700,NEGATIVE,Le produit est d'origine en excellent état de fonctionnement il est vendu avec une garantie et ses accessoires,"Paris, IDF",2022.0,0,2,2,1,0,3,0,similar,underpriced,older-profile,legitimate,acceptable,case_study_sample,850,0.8235294117647058,1,0,1
1295,iPhone 14 pro Max / 128 Go,700,NEGATIVE,Le produit est d'origine en excellent état de fonctionnement il est vendu avec une garantie et ses accessoires,"Paris, IDF",2024.0,0,2,2,3,0,3,0,similar,underpriced,new-profile,legitimate,acceptable,case_study_sample,850,0.8235294117647058,1,0,1
1296,iPhone 14 Pro Max,700,NEGATIVE,Le produit est d'origine en excellent état de fonctionnement il est vendu avec une garantie et ses accessoires,"Paris, IDF",2022.0,0,2,2,1,0,3,0,similar,underpriced,older-profile,legitimate,acceptable,case_study_sample,850,0.8235294117647058,1,0,1
1297,iPhone 14 Pro Max / 128 Go,700,NEGATIVE,Le produit est d'origine en excellent état de fonctionnement il est vendu avec une garantie et ses accessoires,"Paris, IDF",2024.0,0,2,2,3,0,3,0,similar,underpriced,new-profile,legitimate,acceptable,case_study_sample,850,0.8235294117647058,1,0,1
1298,iPhone 14 Pro Max / 128 Go,700,NEGATIVE,"Bonjour, Le produit est d'origine en excellent état de fonctionnement il est vendu avec une garantie et ses accessoires.","Paris, IDF",2024.0,0,2,2,3,0,3,0,similar,underpriced,new-profile,legitimate,acceptable,case_study_sample,850,0.8235294117647058,1,0,1
1299,iPhone 15 pro max,700,DETECTED,Bonjour à tous je vend mon iPhone 15 pro max qui et bien neuf sous blister avec facture,"Paris, IDF",2024.0,0,2,2,3,7,2,1,similar,underpriced,new-profile,marked,unfavorable,case_study_sample,1200,0.5833333333333334,0,0,0
1300,iPhone 14 Pro Max 128Go,700,NEGATIVE,Le produit est d'origine en excellent état de fonctionnement il est vendu avec une garantie et ses accessoires,"Paris, IDF",2024.0,0,2,2,3,0,3,0,similar,underpriced,new-profile,legitimate,acceptable,case_study_sample,850,0.8235294117647058,1,0,1
1301,iPhone 14 pro max / 128 Go,700,NEGATIVE,Le produit est d'origine en excellent état de fonctionnement il est vendu avec une garantie et ses accessoires,"Paris, IDF",2024.0,0,2,2,3,0,3,0,similar,underpriced,new-profile,legitimate,acceptable,case_study_sample,850,0.8235294117647058,1,0,1
1302,iPhone 14 Pro Max,700,NEGATIVE,Le produit est d'origine en excellent état de fonctionnement il est vendu avec une garantie et ses accessoires,"Paris, IDF",2024.0,0,2,2,3,0,3,0,similar,underpriced,new-profile,legitimate,acceptable,case_study_sample,850,0.8235294117647058,1,0,1
1303,iPhone 14 Pro Max 128 go,700,NEGATIVE,Le produit est d'origine en excellent état de fonctionnement il est vendu avec une garantie et ses accessoires,"Paris, IDF",2016.0,0,2,2,1,0,3,0,similar,underpriced,older-profile,legitimate,acceptable,case_study_sample,850,0.8235294117647058,1,0,1
1304,Iphone 14 pro max 128 go avec facture et garantie,700,DETECTED,"Iphone 14 pro max 128 go De couleur noire Le téléphone est fourni avec la facture, garantie et accessoires","Paris, IDF",2024.0,0,2,2,3,7,2,1,similar,underpriced,new-profile,marked,unfavorable,case_study_sample,850,0.8235294117647058,0,0,0
1305,iPhone 15 pro max,700,DETECTED,Bonjour je vend mon iPhone 15 pro max qui et bien neuf sous blister avec sa facture dachat,"Cannes, PAC",2024.0,0,2,2,3,7,2,1,similar,underpriced,new-profile,marked,unfavorable,case_study_sample,1200,0.5833333333333334,0,0,0
1306,iPhone 14 Pro Max 128Go,700,NEGATIVE,Description : Le produit est d'origine en excellent état de fonctionnement il est vendu avec une garantie et ses accessoires,"Paris, IDF",2024.0,0,3,2,3,0,3,0,duplicated,underpriced,new-profile,legitimate,acceptable,case_study_sample,850,0.8235294117647058,1,0,1
1307,iPhone 14 pro max 128 go avec facture et garantie,700,DETECTED,"iPhone 14 pro max 128 go De couleur noire Le téléphone est fourni avec la facture garantie et accessoires   Pas sérieux s'abstenir, pour plus d'informations n'hésitez pas à me contacter ","Paris, IDF",2024.0,0,2,2,3,7,2,1,similar,underpriced,new-profile,marked,unfavorable,case_study_sample,850,0.8235294117647058,0,0,0
1308,iPhone 15 noir 256 Go,700,DETECTED,"iPhone vendu avec facture, garanti et accessoires neufs compris. ","Paris, IDF",2024.0,0,2,2,3,7,2,1,similar,underpriced,new-profile,marked,unfavorable,case_study_sample,1200,0.5833333333333334,0,0,0
1309,iPhone 14 Pro Max,700,NEGATIVE,Description : Le produit est d'origine en excellent état de fonctionnement il est vendu avec une garantie et ses accessoires,"Paris, IDF",2022.0,0,3,2,1,0,3,0,duplicated,underpriced,older-profile,legitimate,acceptable,case_study_sample,850,0.8235294117647058,1,0,1
1310,Iphone 14 pro max 128 go avec facture et garantie,700,DETECTED,"Iphone 14 pro max 128 go  De couleur beige Le téléphone est fourni avec la facture, garantie et accessoires Pas sérieux s'abstenir, pour plus d'informations, n'hésitez pas à me contacter ","Paris, IDF",2024.0,0,2,2,3,7,2,1,similar,underpriced,new-profile,marked,unfavorable,case_study_sample,850,0.8235294117647058,0,0,0
1311,iPhone 14 pro Max en bonne état,700,DETECTED,Téléphone à vendre en bonne état  Chargeur neuf  Capacité de batterie : 95% Stockage : 128 giga,"Bordeaux, NAQ",2024.0,0,2,2,3,7,2,1,similar,underpriced,new-profile,marked,unfavorable,case_study_sample,850,0.8235294117647058,0,0,0
1312,Iphone 14 Pro Max 128 Go,700,NEGATIVE,Le produit est d'origine en excellent état de fonctionnement il est vendu avec une garantie et ses accessoires,"Montrouge, IDF",2024.0,0,2,2,3,0,3,0,similar,underpriced,new-profile,legitimate,acceptable,case_study_sample,850,0.8235294117647058,1,0,1
1313,iPhone 13 Pro Max,700,DETECTED,Vend iPhone 13 Pro Max de 126 giga état proche du neuf état de la batterie et de 86%  le prix et à discuter dans la limite du raisonnable pour plus dinformation nhésiter pas. Photo sur demande ( jai la facture de lachat du téléphone ),"Le Versoud, ARA",2019.0,0,2,1,1,4,2,0,similar,market-consistent,older-profile,borderline,acceptable,case_study_sample,750,0.9333333333333333,0,0,0
1314,iPhone 14 Pro Max,700,NEGATIVE,Description : Le produit est d'origine en excellent état de fonctionnement il est vendu avec une garantie et ses accessoires,"Paris, IDF",2024.0,0,3,2,3,0,3,0,duplicated,underpriced,new-profile,legitimate,acceptable,case_study_sample,850,0.8235294117647058,1,0,1
1315,Titre : iPhone 14 Pro Max,700,NEGATIVE,Description : Le produit est d'origine en excellent état de fonctionnement il est vendu avec une garantie et ses accessoires,"Paris, IDF",2023.0,0,3,2,2,0,3,0,duplicated,underpriced,intermediate-or-missing,legitimate,acceptable,case_study_sample,850,0.8235294117647058,1,0,1
1316,iPhone 15 (LILLE),700,NEGATIVE,"A vendre avec boîte et accessoires, plus dinformations en mp. Pas denvoi","Lille, HDF",2023.0,0,2,2,2,0,3,0,similar,underpriced,intermediate-or-missing,legitimate,acceptable,case_study_sample,1200,0.5833333333333334,1,0,1
1317,iPhone 15 noir 128go,700,DETECTED,"iPhone à vendre avec facture, garantie et accessoires, me contacter pour plus d'informations","Lille, HDF",2024.0,0,2,2,3,7,2,1,similar,underpriced,new-profile,marked,unfavorable,case_study_sample,1200,0.5833333333333334,0,0,0
1318,iPhone 14 Pro Max,700,NEGATIVE,Le produit est d'origine en excellent état de fonctionnement il est vendu avec une garantie et ses accessoires,"pinay-sur-Seine, IDF",2024.0,0,2,2,3,0,3,0,similar,underpriced,new-profile,legitimate,acceptable,case_study_sample,850,0.8235294117647058,1,0,1
1319,iPhone 14 Pro Max (MARSEILLE 13),700,NEGATIVE," vendre avec boîte et accessoires, plus dinformations en mp. Pas denvoi","Marseille, PAC",2022.0,0,2,2,1,0,3,0,similar,underpriced,older-profile,legitimate,acceptable,case_study_sample,850,0.8235294117647058,1,0,1
1320,iPhone 14 pro Max,700,DETECTED,Veuillez me contacter pour plus dinformations,"Paris, IDF",2024.0,0,2,2,3,7,2,1,similar,underpriced,new-profile,marked,unfavorable,case_study_sample,850,0.8235294117647058,0,0,0
1321,iPhone 14 pro Max en bonne état,700,DETECTED,"iPhone à vendre avec facture, garantie et accessoires, me contacter pour plus d'informations","Paris, IDF",2024.0,0,2,2,3,7,2,1,similar,underpriced,new-profile,marked,unfavorable,case_study_sample,850,0.8235294117647058,0,0,0
1322,iPhone 14 Pro Max 128 Go,700,NEGATIVE,Le produit est d'origine en excellent état de fonctionnement il est vendu avec une garantie et ses accessoires,"Paris, IDF",2024.0,0,2,2,3,0,3,0,similar,underpriced,new-profile,legitimate,acceptable,case_study_sample,850,0.8235294117647058,1,0,1
1323,iPhone 15 rose encore sous garantie,700,DETECTED,"iPhone 15 rose en parfait état coque et verre trempé depuis lachat, avec boîte, batterie niquel, aucun problème  Je ne fais pas denvoi","Montauban, OCC",2015.0,0,2,2,1,5,2,0,similar,underpriced,older-profile,borderline,acceptable,case_study_sample,1200,0.5833333333333334,0,0,0
1324,iPhone 15,700,DETECTED,Je vend mon iPhone 15 pratiquement jamais servi à 700 je prend uniquement du cash pas du paiement en plusieurs fois chèque ou autre merci,"Annecy, ARA",2019.0,0,2,2,1,5,2,0,similar,underpriced,older-profile,borderline,acceptable,case_study_sample,1200,0.5833333333333334,0,0,0
1325,IPhone 14 Pro Max 128 Go,700,NEGATIVE,Le produit est d'origine en excellent état de fonctionnement il est vendu avec une garantie et ses accessoires.,"Paris, IDF",2023.0,0,2,2,2,0,3,0,similar,underpriced,intermediate-or-missing,legitimate,acceptable,case_study_sample,850,0.8235294117647058,1,0,1
1326,Iphone 14 Pro Max 128 Go,700,NEGATIVE,Le produit est d'origine en excellent état de fonctionnement il est vendu avec une garantie et ses accessoires,"Paris, IDF",2024.0,0,2,2,3,0,3,0,similar,underpriced,new-profile,legitimate,acceptable,case_study_sample,850,0.8235294117647058,1,0,1
1327,iPhone 15 (MARSEILLE),700,NEGATIVE,"A vendre avec boîte et accessoires, plus dinformations en mp.  Pas denvoi","Marseille, PAC",2023.0,0,2,2,2,0,3,0,similar,underpriced,intermediate-or-missing,legitimate,acceptable,case_study_sample,1200,0.5833333333333334,1,0,1
1328,Iphone 14 Pro Max 128 Go,700,NEGATIVE,Le produit est d'origine en excellent état de fonctionnement il est vendu avec une garantie et ses accessoires,"Nanterre, IDF",2024.0,0,2,2,3,0,3,0,similar,underpriced,new-profile,legitimate,acceptable,case_study_sample,850,0.8235294117647058,1,0,1
1329,iPhone 14 Plus,700,DETECTED,Bonjour je vend iPhone  14 plus  Car je veux changer Samsung merci,"Menton, PAC",2016.0,0,2,2,1,5,2,0,similar,underpriced,older-profile,borderline,acceptable,case_study_sample,850,0.8235294117647058,0,0,0
1330,Titre : iPhone 14 Pro Max,700,NEGATIVE,Description : Le produit est d'origine en excellent état de fonctionnement il est vendu avec une garantie et ses accessoires,"Paris, IDF",2022.0,0,3,2,1,0,3,0,duplicated,underpriced,older-profile,legitimate,acceptable,case_study_sample,850,0.8235294117647058,1,0,1
1331,iPhone 14 pro Max avec puce a16 bionic,700,DETECTED,Pour plus dinformation contactez moi en privé,"Paris, IDF",2023.0,0,3,2,2,7,2,1,duplicated,underpriced,intermediate-or-missing,marked,unfavorable,case_study_sample,850,0.8235294117647058,0,0,0
1332,iPhone 15 pro max,700,DETECTED,Bonjour je vend mon iPhone 15 pro max qui et bien neuf sous blister avec sa facture dachat,"Cannes, PAC",2024.0,0,2,2,3,7,2,1,similar,underpriced,new-profile,marked,unfavorable,case_study_sample,1200,0.5833333333333334,0,0,0
1333,iphone 13 pro max,700,DETECTED,Comme neuf,"Vesoul, BFC",2016.0,0,2,1,1,4,2,0,similar,market-consistent,older-profile,borderline,acceptable,case_study_sample,750,0.9333333333333333,0,0,0
1334,iPhone 14 Pro Max,700,DETECTED,64go  Accessoires vendu avec,"Bordeaux, NAQ",2023.0,0,2,2,2,6,2,1,similar,underpriced,intermediate-or-missing,marked,unfavorable,case_study_sample,850,0.8235294117647058,0,0,0
1335,Iphone 14 pro 128gb Sidéral,700,DETECTED,Je vend mon iPhone 14 pro sidéral 128gb en très bon état avec facture dachat et boîte dorigine  Téléphone toujours sous garantie vendu avec boîte dorigine et 2 coques   tat de batterie 89% Le prix de vente est de 700  Pas sérieux sabstenir   Aucun échange possible  Pour plus de renseignements ou photos nhésitez pas à me contacter,"Soissons, HDF",2021.0,0,2,2,1,5,2,0,similar,underpriced,older-profile,borderline,acceptable,case_study_sample,850,0.8235294117647058,0,0,0
1336,iPhone 14 Pro Max,700,NEGATIVE,"A vendre avec boîte et accessoires, plus dinformations en mp. Pas denvoi","Lille, HDF",2023.0,0,2,2,2,0,3,0,similar,underpriced,intermediate-or-missing,legitimate,acceptable,case_study_sample,850,0.8235294117647058,1,0,1
1337,IPHONE 14 PRO MAX 128 Go,700,DETECTED,Je mets en vente mon iphone 14 pro max  en très bon état 700,"Fréjus, PAC",2010.0,0,2,2,1,5,2,0,similar,underpriced,older-profile,borderline,acceptable,case_study_sample,850,0.8235294117647058,0,0,0
1338,iPhone 14 Pro Max  128 go,700,NEGATIVE,Le produit est d'origine en excellent état de fonctionnement il est vendu avec une garantie et ses accessoires,"Paris, IDF",2024.0,0,2,2,3,0,3,0,similar,underpriced,new-profile,legitimate,acceptable,case_study_sample,850,0.8235294117647058,1,0,1
1339,Iphone 14 Pro Max 128 Go,700,NEGATIVE,Le produit est d'origine en excellent état de fonctionnement il est vendu avec une garantie et ses accessoires,"Le Plessis-Pâté, IDF",2024.0,0,2,2,3,0,3,0,similar,underpriced,new-profile,legitimate,acceptable,case_study_sample,850,0.8235294117647058,1,0,1
1340,Iphone 14 Pro Max 128 Go,700,NEGATIVE,Le produit est d'origine en excellent état de fonctionnement il est vendu avec une garantie et ses accessoires,"Saint-Denis, IDF",2024.0,0,2,2,3,0,3,0,similar,underpriced,new-profile,legitimate,acceptable,case_study_sample,850,0.8235294117647058,1,0,1
1341,iPhone 14 Pro Max,700,DETECTED,"Bonjour , le produit est d'origine en excellent état de fonctionnement il est vendu avec une garantie et ses accessoires Contactez moi si vous êtes intéressé","Paris, IDF",2024.0,0,2,2,3,7,2,1,similar,underpriced,new-profile,marked,unfavorable,case_study_sample,850,0.8235294117647058,0,0,0
1342,iPhone 14 pro Max,700,DETECTED,Téléphone à vendre en bonne état  Chargeur neuf  Capacité de batterie : 95% Stockage : 128 giga,"Bordeaux, NAQ",2024.0,0,2,2,3,7,2,1,similar,underpriced,new-profile,marked,unfavorable,case_study_sample,850,0.8235294117647058,0,0,0
1343,iPhone 14 Pro Max,700,NEGATIVE,Description : Le produit est d'origine en excellent état de fonctionnement il est vendu avec une garantie et ses accessoires,"Paris, IDF",2024.0,0,3,2,3,0,3,0,duplicated,underpriced,new-profile,legitimate,acceptable,case_study_sample,850,0.8235294117647058,1,0,1
1344,iPhone 14 Pro Max 128 go,700,NEGATIVE,Le produit est d'origine en excellent état de fonctionnement il est vendu avec une garantie et ses accessoires,"Paris, IDF",2024.0,0,2,2,3,0,3,0,similar,underpriced,new-profile,legitimate,acceptable,case_study_sample,850,0.8235294117647058,1,0,1
1345,iPhone 14 Pro Max 128Go,700,NEGATIVE,Le produit est d'origine en excellent état de fonctionnement il est vendu avec une garantie et ses accessoires,"Paris, IDF",2022.0,0,2,2,1,0,3,0,similar,underpriced,older-profile,legitimate,acceptable,case_study_sample,850,0.8235294117647058,1,0,1
1346,iPhone 14 Pro Max,700,NEGATIVE,Le produit est d'origine en excellent état de fonctionnement il est vendu avec une garantie et ses accessoires,"Paris, IDF",2021.0,0,2,2,1,0,3,0,similar,underpriced,older-profile,legitimate,acceptable,case_study_sample,850,0.8235294117647058,1,0,1
1347,IPhone 14 Pro Max,700,NEGATIVE,Garantie et accessoires,"Paris, IDF",2024.0,0,2,2,3,0,3,0,similar,underpriced,new-profile,legitimate,acceptable,case_study_sample,850,0.8235294117647058,1,0,1
1348,iPhone 13 Pro 256gb,700,DETECTED,98% batterie santé  Téléphone débloque tout opérateur  Boite chargeur et facture incluse  Garantie 1 an  Téléphone non reconditionné   Toutes les pièces son d'origine et n'a subit aucune transformation ou modification,"Vernon, NOR",2023.0,0,1,1,2,4,2,0,unique,market-consistent,intermediate-or-missing,borderline,acceptable,case_study_sample,750,0.9333333333333333,0,0,0
1349,iPhone 15,700,NEGATIVE," vendre avec boîte et accessoires, plus dinformations en mp. Pas denvoi","Lille, HDF",2023.0,0,2,2,2,0,3,0,similar,underpriced,intermediate-or-missing,legitimate,acceptable,case_study_sample,1200,0.5833333333333334,1,0,1
1350,Iphone 15 vert,700,DETECTED,"Iphone 15 vert comme neuf, sans égratignures et ni rayures. Acheté en début dannée. Le téléphone était toujours bien protégé et avec un verre trempé","pernay, GES",2010.0,0,2,2,1,5,2,0,similar,underpriced,older-profile,borderline,acceptable,case_study_sample,1200,0.5833333333333334,0,0,0
1351,iPhone 14 Plus,700,DETECTED,iPhone 14 Plus Violet 128go. Négociable,"Maubeuge, HDF",2022.0,0,2,2,1,5,2,0,similar,underpriced,older-profile,borderline,acceptable,case_study_sample,850,0.8235294117647058,0,0,0
1352,iPhone 15,700,DETECTED,"Bonjour Je vends cet IPHONE 15 avec accessoires neufs (chargeur, boîte, verre de protection, coque) et facture Disponible à partir de 700 Envoyé moi un message privé pour plus d'informations","Lille, HDF",2024.0,0,2,2,3,7,2,1,similar,underpriced,new-profile,marked,unfavorable,case_study_sample,1200,0.5833333333333334,0,0,0
1353,Iphone 14 pro blanc 128 go,700,DETECTED,Iphone 14 pro blanc 128 go Parfait etat Acheter en mars 2023 chez boulanger Avec le cordon alimentation non déballé Aucun impact aucune rayure  Uniquement remise en mains propres,"Lespouey, OCC",,1,2,2,2,6,2,1,similar,underpriced,intermediate-or-missing,marked,unfavorable,case_study_sample,850,0.8235294117647058,0,0,0
1354,iPhone 15 128gb neuf,700,DETECTED,"Vend iPhone 15 128gb noir, neuf sous blister Pas d'envoi  venir chercher sur Jeumont",Couleur,2015.0,0,2,2,1,5,2,0,similar,underpriced,older-profile,borderline,acceptable,case_study_sample,1200,0.5833333333333334,0,0,0
1355,iPhone 14 Pro Max,700,NEGATIVE,"A vendre avec boîte et accessoires, plus dinformations en mp.  Pas denvoi","Bordeaux, NAQ",2023.0,0,2,2,2,0,3,0,similar,underpriced,intermediate-or-missing,legitimate,acceptable,case_study_sample,850,0.8235294117647058,1,0,1
1356,iPhone 14 pro Max,700,NEGATIVE,Description : Le produit est d'origine en excellent état de fonctionnement il est vendu avec une garantie et ses accessoires,"Paris, IDF",2024.0,0,3,2,3,0,3,0,duplicated,underpriced,new-profile,legitimate,acceptable,case_study_sample,850,0.8235294117647058,1,0,1
1357,Iphone 14 Pro Max 128 Go,700,NEGATIVE,Le produit est d'origine en excellent état de fonctionnement il est vendu avec une garantie et ses accessoires,"Paris, IDF",2024.0,0,2,2,3,0,3,0,similar,underpriced,new-profile,legitimate,acceptable,case_study_sample,850,0.8235294117647058,1,0,1
1358,iPhone 14 Pro Max,700,NEGATIVE,Le produit est d'origine en excellent état de fonctionnement il est vendu avec une garantie et ses accessoires,"Paris, IDF",2021.0,0,2,2,1,0,3,0,similar,underpriced,older-profile,legitimate,acceptable,case_study_sample,850,0.8235294117647058,1,0,1
1359,iPhone 14 Pro Max,700,NEGATIVE,Le produit est d'origine en excellent état de fonctionnement il est vendu avec une garantie et ses accessoires,"pinay-sur-Seine, IDF",2024.0,0,2,2,3,0,3,0,similar,underpriced,new-profile,legitimate,acceptable,case_study_sample,850,0.8235294117647058,1,0,1
1360,iPhone 14 Pro Max (LILLE),700,NEGATIVE,"A vendre avec boîte et accessoires, plus dinformations en mp. Pas denvoi","Lille, HDF",2023.0,0,2,2,2,0,3,0,similar,underpriced,intermediate-or-missing,legitimate,acceptable,case_study_sample,850,0.8235294117647058,1,0,1
1361,iPhone 14 plus,700,DETECTED,Bjr jaimerais échange mon iPhone 14plus en bleu 128go écran de protection plus coque avec jétudie toute proposition,Couleur,2022.0,0,1,2,1,4,2,0,unique,underpriced,older-profile,borderline,acceptable,case_study_sample,850,0.8235294117647058,0,0,0
1362,iPhone 14 Pro Max,700,NEGATIVE,Le produit est d'origine en excellent état de fonctionnement il est vendu avec une garantie et ses accessoires,"pinay-sur-Seine, IDF",2024.0,0,2,2,3,0,3,0,similar,underpriced,new-profile,legitimate,acceptable,case_study_sample,850,0.8235294117647058,1,0,1
1363,iPhone 14 Pro Max,700,NEGATIVE," vendre avec boîte et accessoires, plus dinformations en mp. Pas denvoi","Lille, HDF",2023.0,0,2,2,2,0,3,0,similar,underpriced,intermediate-or-missing,legitimate,acceptable,case_study_sample,850,0.8235294117647058,1,0,1
1364,iPhone 14 Pro Max  128 go,700,NEGATIVE,Le produit est d'origine en excellent état de fonctionnement il est vendu avec une garantie et ses accessoires,"Paris, IDF",2022.0,0,2,2,1,0,3,0,similar,underpriced,older-profile,legitimate,acceptable,case_study_sample,850,0.8235294117647058,1,0,1
1365,iPhone 14 Pro Max 128 Go,700,NEGATIVE,Le produit est d'origine en excellent état de fonctionnement il est vendu avec une garantie et ses accessoires,"Paris, IDF",2024.0,0,2,2,3,0,3,0,similar,underpriced,new-profile,legitimate,acceptable,case_study_sample,850,0.8235294117647058,1,0,1
1366,iPhone 14 Pro Max (MARSEILLE),700,NEGATIVE," vendre avec boîte et accessoires, plus dinformations en mp. Pas denvoi","Marseille, PAC",2023.0,0,2,2,2,0,3,0,similar,underpriced,intermediate-or-missing,legitimate,acceptable,case_study_sample,850,0.8235294117647058,1,0,1
1367,iPhone 15 bleu,700,DETECTED,iPhone à vendre pour vraiment pas cher sur Paris à récupérer,"Aubervilliers, IDF",2023.0,0,2,2,2,6,2,1,similar,underpriced,intermediate-or-missing,marked,unfavorable,case_study_sample,1200,0.5833333333333334,0,0,0
1368,iPhone 14 pro Max,700,DETECTED,Me contacter si intéressé,"Bordeaux, NAQ",2024.0,0,2,2,3,7,2,1,similar,underpriced,new-profile,marked,unfavorable,case_study_sample,850,0.8235294117647058,0,0,0
1369,iPhone 15 pro a vendre,700,DETECTED,Je vend mon iPhone avec la boîte jamais utilisé iPhone 15 pro,"Sarcelles, IDF",2024.0,0,2,2,3,7,2,1,similar,underpriced,new-profile,marked,unfavorable,case_study_sample,1200,0.5833333333333334,0,0,0
1370,Iphone 14 pro max,700,DETECTED,Téléphone vendu avec accessoires  Informations en privé,"Créteil, IDF",2023.0,0,2,2,2,6,2,1,similar,underpriced,intermediate-or-missing,marked,unfavorable,case_study_sample,850,0.8235294117647058,0,0,0
1371,iPhone 13 Pro Max,700,DETECTED,iPhone 13 Pro Max en très bonne état 700 euro à débattre,"Colmar, GES",2014.0,0,2,1,1,4,2,0,similar,market-consistent,older-profile,borderline,acceptable,case_study_sample,750,0.9333333333333333,0,0,0
1372,iPhone 14 Pro Max,700,NEGATIVE,Le produit est d'origine en excellent état de fonctionnement il est vendu avec une garantie et ses accessoires,"Paris, IDF",2024.0,0,2,2,3,0,3,0,similar,underpriced,new-profile,legitimate,acceptable,case_study_sample,850,0.8235294117647058,1,0,1
1373,iPhone 15 bleu,700,DETECTED,iPhone 15 bleu 128 go comme neuf acheter en décembre 2024 avec facture,"Charny, BFC",2019.0,0,2,2,1,5,2,0,similar,underpriced,older-profile,borderline,acceptable,case_study_sample,1200,0.5833333333333334,0,0,0
1374,iPhone 14 Pro Max,700,NEGATIVE,Le produit est d'origine en excellent état de fonctionnement il est vendu avec une garantie et ses accessoires,"Paris, IDF",2020.0,0,2,2,1,0,3,0,similar,underpriced,older-profile,legitimate,acceptable,case_study_sample,850,0.8235294117647058,1,0,1
1375,iPhone 14 Pro Max,700,NEGATIVE,Le produit est d'origine en excellent état de fonctionnement il est vendu avec une garantie et ses accessoires,"Paris, IDF",2024.0,0,2,2,3,0,3,0,similar,underpriced,new-profile,legitimate,acceptable,case_study_sample,850,0.8235294117647058,1,0,1
1376,iPhone 14 Pro Max,700,NEGATIVE,Le produit est d'origine en excellent état de fonctionnement il est vendu avec une garantie et ses accessoires,"Garges-lès-Gonesse, IDF",2023.0,0,2,2,2,0,3,0,similar,underpriced,intermediate-or-missing,legitimate,acceptable,case_study_sample,850,0.8235294117647058,1,0,1
1377,iPhone 14 pro Max,700,DETECTED,Neuf et dorigine aucun problème. Facture boîte et accessoires offert. Paiement en plusieurs fois possible.,"Paris, IDF",2024.0,0,1,2,3,6,2,1,unique,underpriced,new-profile,marked,unfavorable,case_study_sample,850,0.8235294117647058,0,0,0
1378,iPhone 15,700,NEGATIVE," vendre avec boîte et accessoires, plus dinformations en mp. Pas denvoi","Paris, IDF",2024.0,0,2,2,3,0,3,0,similar,underpriced,new-profile,legitimate,acceptable,case_study_sample,1200,0.5833333333333334,1,0,1
1379,iPhone 14 pro max violet 128 giga,700,DETECTED, vendre iPhone 14 pro max violet 128 giga  Débloquer tout opérateur  86% de batterie. 700e,"Glageon, HDF",2017.0,0,2,2,1,5,2,0,similar,underpriced,older-profile,borderline,acceptable,case_study_sample,850,0.8235294117647058,0,0,0
1380,iPhone 14 pro max,700,DETECTED,"IPHONE 14 pro max vendu avec accessoires neufs (chargeur, boîte, verre de protection, coque) et facture Disponible à partir de 700 Envoyez moi un message privé pour plus d'informations","Lille, HDF",2024.0,0,2,2,3,7,2,1,similar,underpriced,new-profile,marked,unfavorable,case_study_sample,850,0.8235294117647058,0,0,0
1381,iPhone 14 Pro Max,700,NEGATIVE," vendre avec boîte et accessoires, plus dinformations en mp. Pas denvoi","Marseille, PAC",2023.0,0,2,2,2,0,3,0,similar,underpriced,intermediate-or-missing,legitimate,acceptable,case_study_sample,850,0.8235294117647058,1,0,1
1382,Iphone 14 Pro Max 128 Go,700,NEGATIVE,Le produit est d'origine en excellent état de fonctionnement il est vendu avec une garantie et ses accessoires,"Ivry-sur-Seine, IDF",2024.0,0,2,2,3,0,3,0,similar,underpriced,new-profile,legitimate,acceptable,case_study_sample,850,0.8235294117647058,1,0,1
1383,iPhone 14 Pro Max 128 Go,700,NEGATIVE,Le produit est d'origine en excellent état de fonctionnement il est vendu avec une garantie et ses accessoires,"Paris, IDF",2020.0,0,2,2,1,0,3,0,similar,underpriced,older-profile,legitimate,acceptable,case_study_sample,850,0.8235294117647058,1,0,1
1384,Iphone 15 neuf,700,DETECTED,Iphone 15 128 Go neuf bleu,"Lyon, ARA",2022.0,0,2,2,1,5,2,0,similar,underpriced,older-profile,borderline,acceptable,case_study_sample,1200,0.5833333333333334,0,0,0
1385,iPhone 14 Pro Max (LILLE),700,NEGATIVE," vendre avec boîte et accessoires, plus dinformations en mp. Pas denvoi","Lille, HDF",2023.0,0,2,2,2,0,3,0,similar,underpriced,intermediate-or-missing,legitimate,acceptable,case_study_sample,850,0.8235294117647058,1,0,1
1386,iPhone 14 pro Max,700,DETECTED,Pas doccasion ni reconditionné chaque pièce sont dorigine.,"Paris, IDF",2024.0,0,1,2,3,6,2,1,unique,underpriced,new-profile,marked,unfavorable,case_study_sample,850,0.8235294117647058,0,0,0
1387,iPhone 14 Pro Max / 128 GO,700,NEGATIVE,Le produit est d'origine en excellent état de fonctionnement il est vendu avec une garantie et ses accessoires,Marque,2019.0,0,2,2,1,0,3,0,similar,underpriced,older-profile,legitimate,acceptable,case_study_sample,850,0.8235294117647058,1,0,1
1388,iPhone 14 pro Max,700,NEGATIVE,Description : Le produit est d'origine en excellent état de fonctionnement il est vendu avec une garantie et ses accessoires,"Paris, IDF",2024.0,0,3,2,3,0,3,0,duplicated,underpriced,new-profile,legitimate,acceptable,case_study_sample,850,0.8235294117647058,1,0,1
1389,iPhone 14 Pro Max,700,NEGATIVE,Le produit est d'origine en excellent état de fonctionnement il est vendu avec une garantie et ses accessoires,"Paris, IDF",2024.0,0,2,2,3,0,3,0,similar,underpriced,new-profile,legitimate,acceptable,case_study_sample,850,0.8235294117647058,1,0,1
1390,iPhone 14 Pro Max,700,NEGATIVE,Le produit est d'origine en excellent état de fonctionnement il est vendu avec une garantie et ses accessoires,"pinay-sur-Seine, IDF",2024.0,0,2,2,3,0,3,0,similar,underpriced,new-profile,legitimate,acceptable,case_study_sample,850,0.8235294117647058,1,0,1
1391,iPhone 14 Pro Max,700,DETECTED,"Bonjour, je met en vente un iPhone 14 Pro Max en bon état avec accessoires facture et garantie pour plus dinformations nhésitez pas à me contacter","Lille, HDF",2024.0,0,2,2,3,7,2,1,similar,underpriced,new-profile,marked,unfavorable,case_study_sample,850,0.8235294117647058,0,0,0
1392,iPhone 14 Pro Max,700,NEGATIVE,Le produit est d'origine en excellent état de fonctionnement il est vendu avec une garantie et ses accessoires,"pinay-sur-Seine, IDF",2024.0,0,2,2,3,0,3,0,similar,underpriced,new-profile,legitimate,acceptable,case_study_sample,850,0.8235294117647058,1,0,1
1393,iPhone 15 pro état neuf,700,DETECTED,Bjr je met en vente mon iPhone 15 pro dans un état neuf fonctionne nickel sans aucun souci batterie 92% 128go prix 700 ferme vendu seul sans boîte,"Lille, HDF",2024.0,0,2,2,3,7,2,1,similar,underpriced,new-profile,marked,unfavorable,case_study_sample,1200,0.5833333333333334,0,0,0
1394,Iphone 14 Pro Max,700,DETECTED,"Bonjour, iPhone 14 Pro Max....128 go Vendu avec accessoires et factures  A venir chercher sur Lille Pas d'envoi  Merci de me contacter pour plus d'informations en privé","Lille, HDF",2024.0,0,2,2,3,7,2,1,similar,underpriced,new-profile,marked,unfavorable,case_study_sample,850,0.8235294117647058,0,0,0
1395,iPhone violet 14 pro max 128 giga,700,DETECTED, vendre iPhone 14 pro max violet 128 giga  Débloquer tout opérateur  86% de batterie. 700e,"Glageon, HDF",2017.0,0,2,1,1,4,2,0,similar,market-consistent,older-profile,borderline,acceptable,case_study_sample,400,1.75,0,0,0
1396,iPhone 14 Pro Max,700,NEGATIVE," vendre avec boîte et accessoires, plus dinformations en mp. Pas denvoi","Paris, IDF",2022.0,0,2,2,1,0,3,0,similar,underpriced,older-profile,legitimate,acceptable,case_study_sample,850,0.8235294117647058,1,0,1
1397,iPhone 14 Pro Max (256Go),700,NEGATIVE,Le produit est d'origine en excellent état de fonctionnement il est vendu avec une garantie et ses accessoires,"Paris, IDF",2022.0,0,2,2,1,0,3,0,similar,underpriced,older-profile,legitimate,acceptable,case_study_sample,850,0.8235294117647058,1,0,1
1398,iPhone 15 (LILLE),700,NEGATIVE," vendre avec boîte et accessoires, plus dinformations en mp. Pas denvoi","Lille, HDF",2023.0,0,2,2,2,0,3,0,similar,underpriced,intermediate-or-missing,legitimate,acceptable,case_study_sample,1200,0.5833333333333334,1,0,1
1399,iPhone 15,700,NEGATIVE,"A vendre avec boîte et accessoires, plus dinformations en mp. Pas denvoi","Paris, IDF",2024.0,0,2,2,3,0,3,0,similar,underpriced,new-profile,legitimate,acceptable,case_study_sample,1200,0.5833333333333334,1,0,1
1400,iPhone 14 Pro Max,700,NEGATIVE,Le produit est d'origine en excellent état de fonctionnement il est vendu avec une garantie et ses accessoires,"Paris, IDF",2024.0,0,2,2,3,0,3,0,similar,underpriced,new-profile,legitimate,acceptable,case_study_sample,850,0.8235294117647058,1,0,1
1401,iPhone 15,700,DETECTED,Bonjour je met en vente un iPhone 15 en bon état avec accessoires facture et garantie pour plus dinformations nhésitez pas à me contacter,"Lille, HDF",2024.0,0,2,2,3,7,2,1,similar,underpriced,new-profile,marked,unfavorable,case_study_sample,1200,0.5833333333333334,0,0,0
1402,iPhone 14 Pro Max,700,NEGATIVE,Le produit est d'origine en excellent état de fonctionnement il est vendu avec une garantie et ses accessoires,"pinay-sur-Seine, IDF",2024.0,0,2,2,3,0,3,0,similar,underpriced,new-profile,legitimate,acceptable,case_study_sample,850,0.8235294117647058,1,0,1
1403,iPhone 14 Pro Max,700,NEGATIVE," vendre avec boîte et accessoires, plus dinformations en mp. Pas denvoi","Paris, IDF",2024.0,0,2,2,3,0,3,0,similar,underpriced,new-profile,legitimate,acceptable,case_study_sample,850,0.8235294117647058,1,0,1
1404,iPhone 14 Pro Max,700,NEGATIVE," vendre avec boîte et accessoires, plus dinformations en mp. Pas denvoi","Lille, HDF",2023.0,0,2,2,2,0,3,0,similar,underpriced,intermediate-or-missing,legitimate,acceptable,case_study_sample,850,0.8235294117647058,1,0,1
1405,iPhone 14 Pro Max,700,NEGATIVE,Le produit est d'origine en excellent état de fonctionnement il est vendu avec une garantie et ses accessoires,"pinay-sur-Seine, IDF",2024.0,0,2,2,3,0,3,0,similar,underpriced,new-profile,legitimate,acceptable,case_study_sample,850,0.8235294117647058,1,0,1
1406,iPhone 14 Pro Max (LILLE),700,NEGATIVE," vendre avec boîte et accessoires, plus dinformations en mp. Pas denvoi","Lille, HDF",2023.0,0,2,2,2,0,3,0,similar,underpriced,intermediate-or-missing,legitimate,acceptable,case_study_sample,850,0.8235294117647058,1,0,1
1407,iPhone 14 Pro Max 128 Go,700,DETECTED,"Le produit est d'origine en excellent état de fonctionnement il est vendu avec une garantie et ses accessoires  Vendu en magasin, le prix dépendra de la capacité de la batterie.","Paris, IDF",2022.0,0,2,2,1,5,2,0,similar,underpriced,older-profile,borderline,acceptable,case_study_sample,850,0.8235294117647058,0,0,0
1408,iPhone 14 Pro Max,700,NEGATIVE,Description : Le produit est d'origine en excellent état de fonctionnement il est vendu avec une garantie et ses accessoires,"Paris, IDF",2024.0,0,3,2,3,0,3,0,duplicated,underpriced,new-profile,legitimate,acceptable,case_study_sample,850,0.8235294117647058,1,0,1
1409,iPhone 15 neuf 128go,700,DETECTED,"Bonjour, Je vends mon iPhone 15 noir, capacité de 128go. (Facture présente)  Il est dans neuf (pas encore déballé) Remise mains propres uniquement dans le 49.  Cordialement","Saumur, PDL",2023.0,0,2,2,2,6,2,1,similar,underpriced,intermediate-or-missing,marked,unfavorable,case_study_sample,1200,0.5833333333333334,0,0,0
1410,iPhone 14 Pro Max/ 128 Go,700,NEGATIVE,Le produit est d'origine en excellent état de fonctionnement il est vendu avec une garantie et ses accessoires,"Paris, IDF",2020.0,0,2,2,1,0,3,0,similar,underpriced,older-profile,legitimate,acceptable,case_study_sample,850,0.8235294117647058,1,0,1
1411,iPhone 14 Pro Max 128Go,700,NEGATIVE,Le produit est d'origine en excellent état de fonctionnement il est vendu avec une garantie et ses accessoires,"Ormesson-sur-Marne, IDF",2024.0,0,2,2,3,0,3,0,similar,underpriced,new-profile,legitimate,acceptable,case_study_sample,850,0.8235294117647058,1,0,1
1412,iPhone 15 pro max,700,DETECTED,Bon état comme neuf avec la facture,"Paris, IDF",2020.0,0,2,2,1,5,2,0,similar,underpriced,older-profile,borderline,acceptable,case_study_sample,1200,0.5833333333333334,0,0,0
1413,iPhone 15,700,NEGATIVE,"A vendre avec boîte et accessoires, plus dinformations en mp. Pas denvoi","Marseille, PAC",2023.0,0,2,2,2,0,3,0,similar,underpriced,intermediate-or-missing,legitimate,acceptable,case_study_sample,1200,0.5833333333333334,1,0,1
1414,iPhone 15,700,NEGATIVE," vendre avec boîte et accessoires, plus dinformations en mp. Pas denvoi","Lille, HDF",2023.0,0,2,2,2,0,3,0,similar,underpriced,intermediate-or-missing,legitimate,acceptable,case_study_sample,1200,0.5833333333333334,1,0,1
1415,iPhone 14 pro Max blanc,700,DETECTED,Téléphone à vendre en bonne état  Chargeur neuf  Capacité de batterie : 95% Stockage : 128 giga,"Bordeaux, NAQ",2024.0,0,2,2,3,7,2,1,similar,underpriced,new-profile,marked,unfavorable,case_study_sample,850,0.8235294117647058,0,0,0
1416,iPhone 14 Pro Max,700,NEGATIVE," vendre avec boîte et accessoires, plus dinformations en mp. Pas denvoi","Bordeaux, NAQ",2023.0,0,2,2,2,0,3,0,similar,underpriced,intermediate-or-missing,legitimate,acceptable,case_study_sample,850,0.8235294117647058,1,0,1
1417,iPhone 14 Pro Max,700,NEGATIVE," vendre avec boîte et accessoires, plus dinformations en mp. Pas denvoi","Bordeaux, NAQ",2023.0,0,2,2,2,0,3,0,similar,underpriced,intermediate-or-missing,legitimate,acceptable,case_study_sample,850,0.8235294117647058,1,0,1
1418,iPhone 14 pro Max,700,DETECTED,Téléphone en état dorigine aucune casse rayure. Le prix nest pas négociable. Payement en plusieurs fois possible,"Paris, IDF",2024.0,0,2,2,3,7,2,1,similar,underpriced,new-profile,marked,unfavorable,case_study_sample,850,0.8235294117647058,0,0,0
1419,iPhone 14 Pro Max,700,NEGATIVE,Le produit est d'origine en excellent état de fonctionnement il est vendu avec une garantie et ses accessoires,"pinay-sur-Seine, IDF",2024.0,0,2,2,3,0,3,0,similar,underpriced,new-profile,legitimate,acceptable,case_study_sample,850,0.8235294117647058,1,0,1
1420,iPhone 14 pro Max,700,DETECTED,Le paiement en plusieurs fois est possible. Le téléphone est dorigine aucune rayure et impact.,"Paris, IDF",2024.0,0,2,2,3,7,2,1,similar,underpriced,new-profile,marked,unfavorable,case_study_sample,850,0.8235294117647058,0,0,0
1421,iPhone 14 Pro Max 128 Go,700,NEGATIVE,Le produit est d'origine en excellent état de fonctionnement il est vendu avec une garantie et ses accessoires,"Paris, IDF",2022.0,0,2,2,1,0,3,0,similar,underpriced,older-profile,legitimate,acceptable,case_study_sample,850,0.8235294117647058,1,0,1
1422,iPhone 15 pro max 256 Go avec facture il y a la boîte,700,DETECTED,iPhone 15 pro max 256 Go avec facture et à la boîte,"Issy-les-Moulineaux, IDF",2024.0,0,2,2,3,7,2,1,similar,underpriced,new-profile,marked,unfavorable,case_study_sample,1200,0.5833333333333334,0,0,0
1423,Iphone 15 rose ,700,DETECTED,"Bonjour, iPhone 15....128 go Vendu avec accessoires et factures  A venir chercher sur Lille Pas d'envoi  Merci de me contacter pour plus d'informations en privé","Lille, HDF",2024.0,0,2,2,3,7,2,1,similar,underpriced,new-profile,marked,unfavorable,case_study_sample,1200,0.5833333333333334,0,0,0
1424,iPhone 15 parfait état,700,DETECTED,Je vends mon iphone15 aucune rayure propre neuf batterie à 100% encore sous garantie,"Les Herbiers, PDL",2010.0,0,2,2,1,5,2,0,similar,underpriced,older-profile,borderline,acceptable,case_study_sample,1200,0.5833333333333334,0,0,0
1425,iPhone 13 Pro 256 go gris sidéral,700,DETECTED,"Je vends mon iPhone 13 Pro 256 go gris sidéral urgemment car je vais changer de téléphone. Débloquer tout opérateur, mon téléphone est en parfait état, avec facture à lappuie.prix ferme non négociable","Avignon, PAC",2012.0,0,2,1,1,4,2,0,similar,market-consistent,older-profile,borderline,acceptable,case_study_sample,750,0.9333333333333333,0,0,0
1426,iPhone 14 Pro 128Go,700,DETECTED,"En excellent état, comme neuf. Batterie 100% Aucun rayure ni fissure,  Tout d'origine.",Est déverrouillé (O/N),2007.0,0,2,2,1,5,2,0,similar,underpriced,older-profile,borderline,acceptable,case_study_sample,850,0.8235294117647058,0,0,0
1427,iPhone 14 pro Max 128 Go,700,NEGATIVE,Le produit est d'origine en excellent état de fonctionnement il est vendu avec une garantie et ses accessoires,"Paris, IDF",2016.0,0,2,2,1,0,3,0,similar,underpriced,older-profile,legitimate,acceptable,case_study_sample,850,0.8235294117647058,1,0,1
1428,iPhone 14 Pro Max,700,NEGATIVE,Le produit est d'origine en excellent état de fonctionnement il est vendu avec une garantie et ses accessoires,"Paris, IDF",2024.0,0,2,2,3,0,3,0,similar,underpriced,new-profile,legitimate,acceptable,case_study_sample,850,0.8235294117647058,1,0,1
1429,iPhone 14 pro max,700,NEGATIVE,Le produit est d'origine en excellent état de fonctionnement il est vendu avec une garantie et ses accessoires,"Paris, IDF",2009.0,0,2,2,1,0,3,0,similar,underpriced,older-profile,legitimate,acceptable,case_study_sample,850,0.8235294117647058,1,0,1
1430,iPhone 14 Pro Max,700,NEGATIVE,Description : Le produit est d'origine en excellent état de fonctionnement il est vendu avec une garantie et ses accessoires,"Paris, IDF",2024.0,0,3,2,3,0,3,0,duplicated,underpriced,new-profile,legitimate,acceptable,case_study_sample,850,0.8235294117647058,1,0,1
1431,iphone 14 peo max,700,DETECTED,je la facture me pas la boite,"Marseille, PAC",2014.0,0,2,2,1,5,2,0,similar,underpriced,older-profile,borderline,acceptable,case_study_sample,850,0.8235294117647058,0,0,0
1432,iPhone 14 Pro Max,700,NEGATIVE,: Le produit est d'origine en excellent état de fonctionnement il est vendu avec une garantie et ses accessoires,"Paris, IDF",2024.0,0,3,2,3,0,3,0,duplicated,underpriced,new-profile,legitimate,acceptable,case_study_sample,850,0.8235294117647058,1,0,1
1433,iPhone 14 Pro Max,700,NEGATIVE,Description : Le produit est d'origine en excellent état de fonctionnement il est vendu avec une garantie et ses accessoires,"Paris, IDF",2024.0,0,3,2,3,0,3,0,duplicated,underpriced,new-profile,legitimate,acceptable,case_study_sample,850,0.8235294117647058,1,0,1
1434,iPhone 14 pro Max blanc en bonne etat,700,DETECTED,"iPhone à vendre avec facture, garantie et accessoires, me contacter pour plus d'informations","Bordeaux, NAQ",2024.0,0,2,2,3,7,2,1,similar,underpriced,new-profile,marked,unfavorable,case_study_sample,850,0.8235294117647058,0,0,0
1435,IPhone 14 Pro Max,700,NEGATIVE,Description : Le produit est d'origine en excellent état de fonctionnement il est vendu avec une garantie et ses accessoires,"Paris, IDF",2024.0,0,3,2,3,0,3,0,duplicated,underpriced,new-profile,legitimate,acceptable,case_study_sample,850,0.8235294117647058,1,0,1
1436,iPhone 14 Pro Max,700,NEGATIVE,"A vendre avec boîte et accessoires, plus dinformations en mp. Pas denvoi","Paris, IDF",2024.0,0,2,2,3,0,3,0,similar,underpriced,new-profile,legitimate,acceptable,case_study_sample,850,0.8235294117647058,1,0,1
1437,iPhone 14 Pro Max / 128 Go,700,NEGATIVE,Le produit est d'origine en excellent état de fonctionnement il est vendu avec une garantie et ses accessoires.,"Paris, IDF",2023.0,0,2,2,2,0,3,0,similar,underpriced,intermediate-or-missing,legitimate,acceptable,case_study_sample,850,0.8235294117647058,1,0,1
1438,iPhone 14 Pro Max,700,NEGATIVE," vendre avec boîte et accessoires, plus dinformations en mp. Pas denvoi","Marseille, PAC",2023.0,0,2,2,2,0,3,0,similar,underpriced,intermediate-or-missing,legitimate,acceptable,case_study_sample,850,0.8235294117647058,1,0,1
1439,IPhone 14 Pro Max,700,DETECTED,"Bonjour Vends iPhone 14 Pro Max, 128 giga  Couleur noir tat nickel, toujours protégé par coque Pas denvoi, remise en main propre","Sedan, GES",2022.0,0,2,2,1,5,2,0,similar,underpriced,older-profile,borderline,acceptable,case_study_sample,850,0.8235294117647058,0,0,0
1440,iPhone 14 Pro Max,700,NEGATIVE,Le produit est d'origine en excellent état de fonctionnement il est vendu avec une garantie et ses accessoires,"Paris, IDF",2024.0,0,2,2,3,0,3,0,similar,underpriced,new-profile,legitimate,acceptable,case_study_sample,850,0.8235294117647058,1,0,1
1441,iPhone 15 rose en bonne état,700,DETECTED,"iPhone à vendre avec facture, garantie et accessoires, me contacter pour plus d'informations","Lille, HDF",2024.0,0,2,2,3,7,2,1,similar,underpriced,new-profile,marked,unfavorable,case_study_sample,1200,0.5833333333333334,0,0,0
1442,iPhone 15,700,NEGATIVE," vendre avec boîte et accessoires, plus dinformations en mp. Pas denvoi","Paris, IDF",2023.0,0,2,2,2,0,3,0,similar,underpriced,intermediate-or-missing,legitimate,acceptable,case_study_sample,1200,0.5833333333333334,1,0,1
1443,iPhone 14 pro Max à vendre,700,DETECTED,Téléphone à vendre en bonne état  Chargeur neuf  Capacité de batterie : 95% Stockage : 128 giga,"Bordeaux, NAQ",2024.0,0,2,2,3,7,2,1,similar,underpriced,new-profile,marked,unfavorable,case_study_sample,850,0.8235294117647058,0,0,0
1444,iPhone 14 pro Max,700,DETECTED,"Bonjour je vend un iPhone 14 pro Max violet , 128 Go avec un état de batterie à 91%  Jai la boîte avec , le téléphone sors de réparation il a un écran et un châssis neuf.","Issoire, ARA",2013.0,0,2,2,1,5,2,0,similar,underpriced,older-profile,borderline,acceptable,case_study_sample,850,0.8235294117647058,0,0,0
1445,Iphone 14 Pro Max,700,DETECTED,"Bonjour, iPhone 14 Pro Max....128 go Vendu avec accessoires et factures  A venir chercher sur Lille Pas d'envoi  Merci de me contacter pour plus d'informations en privé","Lille, HDF",2024.0,0,2,2,3,7,2,1,similar,underpriced,new-profile,marked,unfavorable,case_study_sample,850,0.8235294117647058,0,0,0
1446,iPhone 14 Pro Max,700,NEGATIVE,Le produit est d'origine en excellent état de fonctionnement il est vendu avec une garantie et ses accessoires,"pinay-sur-Seine, IDF",2024.0,0,2,2,3,0,3,0,similar,underpriced,new-profile,legitimate,acceptable,case_study_sample,850,0.8235294117647058,1,0,1
1447,iPhone 15 (LILLE),700,NEGATIVE," vendre avec boîte et accessoires, plus dinformations en mp. Pas denvoi","Lille, HDF",2023.0,0,2,2,2,0,3,0,similar,underpriced,intermediate-or-missing,legitimate,acceptable,case_study_sample,1200,0.5833333333333334,1,0,1
1448,iphone 15,700,DETECTED,iphone 15 à vendre avec ce qui va avec venez en privé pour plus dinfos. Sabstenir si il ny a pas de sérieux.,"Argenteuil, IDF",2019.0,0,2,2,1,5,2,0,similar,underpriced,older-profile,borderline,acceptable,case_study_sample,1200,0.5833333333333334,0,0,0
1449,iPhone 14 Pro Max / 128 Go,700,NEGATIVE,Le produit est d'origine en excellent état de fonctionnement il est vendu avec une garantie et ses accessoires.,"Paris, IDF",2023.0,0,2,2,2,0,3,0,similar,underpriced,intermediate-or-missing,legitimate,acceptable,case_study_sample,850,0.8235294117647058,1,0,1
1450,iPhone 14 Pro Max 128 Go,700,NEGATIVE,Le produit est d'origine en excellent état de fonctionnement il est vendu avec une garantie et ses accessoires,"Paris, IDF",2023.0,0,2,2,2,0,3,0,similar,underpriced,intermediate-or-missing,legitimate,acceptable,case_study_sample,850,0.8235294117647058,1,0,1
1451,iPhone 14 Pro Max 128Go,700,NEGATIVE,Le produit est d'origine en excellent état de fonctionnement il est vendu avec une garantie et ses accessoires,"Paris, IDF",2022.0,0,2,2,1,0,3,0,similar,underpriced,older-profile,legitimate,acceptable,case_study_sample,850,0.8235294117647058,1,0,1
1452,iPhone 14 Pro Max  128 go,700,NEGATIVE,Le produit est d'origine en excellent état de fonctionnement il est vendu avec une garantie et ses accessoires,"Paris, IDF",2020.0,0,2,2,1,0,3,0,similar,underpriced,older-profile,legitimate,acceptable,case_study_sample,850,0.8235294117647058,1,0,1
1453,iPhone 15,700,NEGATIVE," vendre avec boîte et accessoires, plus dinformations en mp. Pas denvoi","Paris, IDF",2024.0,0,2,2,3,0,3,0,similar,underpriced,new-profile,legitimate,acceptable,case_study_sample,1200,0.5833333333333334,1,0,1
1454,iPhone 14 Pro Max,700,NEGATIVE,Le produit est d'origine en excellent état de fonctionnement il est vendu avec une garantie et ses accessoires,"pinay-sur-Seine, IDF",2024.0,0,2,2,3,0,3,0,similar,underpriced,new-profile,legitimate,acceptable,case_study_sample,850,0.8235294117647058,1,0,1
1455,iPhone 14 Pro Max,700,DETECTED,128go Envoi /send disponible à /to xphonexnp,"Paris, IDF",2024.0,0,1,2,3,6,2,1,unique,underpriced,new-profile,marked,unfavorable,case_study_sample,850,0.8235294117647058,0,0,0
1456,iPhone 14 Pro Max,700,NEGATIVE,Le produit est d'origine en excellent état de fonctionnement il est vendu avec une garantie et ses accessoires,"pinay-sur-Seine, IDF",2024.0,0,2,2,3,0,3,0,similar,underpriced,new-profile,legitimate,acceptable,case_study_sample,850,0.8235294117647058,1,0,1
1457,iPhone 15,700,DETECTED,"Je souhaite faire échange mon iPhone 15 128 giga neuf, il a sept mois, vendu avec un verre trempé devant, et derrière deux coques, la boîte et son chargeur échange contre iPhone 14 Pro Max comme le mien, cest-à-dire neuf ","Cabestany, OCC",2009.0,0,2,2,1,5,2,0,similar,underpriced,older-profile,borderline,acceptable,case_study_sample,1200,0.5833333333333334,0,0,0
1458,iPhone 15 blanc reflet bleu,700,DETECTED,change contre 14 pro max,"Croix, HDF",2010.0,0,2,2,1,5,2,0,similar,underpriced,older-profile,borderline,acceptable,case_study_sample,1200,0.5833333333333334,0,0,0
1459,Apple-iPhone 14 Pro Max,700,DETECTED,iPhone 14 PM 64go  vendée avec accessoires,"Bordeaux, NAQ",2023.0,0,2,2,2,6,2,1,similar,underpriced,intermediate-or-missing,marked,unfavorable,case_study_sample,850,0.8235294117647058,0,0,0
1460,Iphone 14 Pro Max 128 Go,700,NEGATIVE,Le produit est d'origine en excellent état de fonctionnement il est vendu avec une garantie et ses accessoires,"Levallois-Perret, IDF",2024.0,0,2,2,3,0,3,0,similar,underpriced,new-profile,legitimate,acceptable,case_study_sample,850,0.8235294117647058,1,0,1
1461,iPhone 14 Pro Max 128Go,700,NEGATIVE,Le produit est d'origine en excellent état de fonctionnement il est vendu avec une garantie et ses accessoires,"Paris, IDF",2024.0,0,2,2,3,0,3,0,similar,underpriced,new-profile,legitimate,acceptable,case_study_sample,850,0.8235294117647058,1,0,1
1462,iPhone 14 Pro Max,700,NEGATIVE,"A vendre avec boîte et accessoires, plus dinformations en mp. Pas denvoi","Paris, IDF",2024.0,0,2,2,3,0,3,0,similar,underpriced,new-profile,legitimate,acceptable,case_study_sample,850,0.8235294117647058,1,0,1
1463,iPhone 13 Pro Max,700,DETECTED,Vend iPhone 13 promax bleu alpin 128go iPhone toujours protéger avec une coque et verre trempé  Vendu avec plusieurs coque si jamais  Prix négociable dans la limite du raisonnable,"Orange, PAC",2011.0,0,2,1,1,4,2,0,similar,market-consistent,older-profile,borderline,acceptable,case_study_sample,750,0.9333333333333333,0,0,0
1464,iPhone 14 Pro Max,700,NEGATIVE," vendre avec boîte et accessoires, plus dinformations en mp. Pas denvoi","Paris, IDF",2024.0,0,2,2,3,0,3,0,similar,underpriced,new-profile,legitimate,acceptable,case_study_sample,850,0.8235294117647058,1,0,1
1465,iPhone 15,700,NEGATIVE,"A vendre avec boîte et accessoires, plus dinformations en mp. Pas denvoi","Lille, HDF",2023.0,0,2,2,2,0,3,0,similar,underpriced,intermediate-or-missing,legitimate,acceptable,case_study_sample,1200,0.5833333333333334,1,0,1
1466,iPhone 15,700,DETECTED,"Bonjour, je vend un iPhone 15 avec accessoires (coque, verre de protection, chargeur et boîte), garantie et facture si vous êtes intéressé nhésitez pas à me contacter.","Lille, HDF",2024.0,0,2,2,3,7,2,1,similar,underpriced,new-profile,marked,unfavorable,case_study_sample,1200,0.5833333333333334,0,0,0
1467,Iphone 14 Pro Max 128 Go,700,NEGATIVE,Le produit est d'origine en excellent état de fonctionnement il est vendu avec une garantie et ses accessoires,"Paris, IDF",2024.0,0,2,2,3,0,3,0,similar,underpriced,new-profile,legitimate,acceptable,case_study_sample,850,0.8235294117647058,1,0,1
1468,iPhone 14 pro max,700,DETECTED,"IPHONE 14 pro max vendu avec accessoires neufs (chargeur, boîte, verre de protection, coque) et facture Disponible à partir de 700 Envoyé moi un message privé pour plus d'informations","Lille, HDF",2024.0,0,2,2,3,7,2,1,similar,underpriced,new-profile,marked,unfavorable,case_study_sample,850,0.8235294117647058,0,0,0
1469,iPhone 14 Pro Max 128 Go,700,NEGATIVE,Le produit est d'origine en excellent état de fonctionnement il est vendu avec une garantie et ses accessoires,"Paris, IDF",2015.0,0,2,2,1,0,3,0,similar,underpriced,older-profile,legitimate,acceptable,case_study_sample,850,0.8235294117647058,1,0,1
1470,iPhone 14 Pro Max,700,NEGATIVE,Le produit est d'origine en excellent état de fonctionnement il est vendu avec une garantie et ses accessoires,"pinay-sur-Seine, IDF",2024.0,0,2,2,3,0,3,0,similar,underpriced,new-profile,legitimate,acceptable,case_study_sample,850,0.8235294117647058,1,0,1
1471,Iphone 14 Pro Max 128 Go,700,NEGATIVE,Le produit est d'origine en excellent état de fonctionnement il est vendu avec une garantie et ses accessoires,Marque,2024.0,0,2,2,3,0,3,0,similar,underpriced,new-profile,legitimate,acceptable,case_study_sample,850,0.8235294117647058,1,0,1
1472,Titre : iPhone 14 Pro Max 128 Go,700,NEGATIVE,Description : Le produit est d'origine en excellent état de fonctionnement il est vendu avec une garantie et ses accessoires,"Paris, IDF",2019.0,0,3,2,1,0,3,0,duplicated,underpriced,older-profile,legitimate,acceptable,case_study_sample,850,0.8235294117647058,1,0,1
1473,iPhone 14 Pro Max,700,DETECTED,128go Envoi /send disponible à /to xphonexnp,"Paris, IDF",2024.0,0,3,2,3,8,2,1,duplicated,underpriced,new-profile,marked,unfavorable,case_study_sample,850,0.8235294117647058,0,0,0
1474,iPhone 15,700,DETECTED,"Bonjour Je vends cet IPHONE 15 avec accessoires neufs (chargeur, boîte, verre de protection, coque) et facture Disponible à partir de 700 Envoyé moi un message privé pour plus d'informations","Lille, HDF",2024.0,0,2,2,3,7,2,1,similar,underpriced,new-profile,marked,unfavorable,case_study_sample,1200,0.5833333333333334,0,0,0
1475,iPhone 15 pro titane bleu,700,DETECTED,Batterie à 99%  Sans aucun coup ni griffe  Comme neuf,"Douai, HDF",2014.0,0,2,2,1,5,2,0,similar,underpriced,older-profile,borderline,acceptable,case_study_sample,1200,0.5833333333333334,0,0,0
1476,iPhone 15 plus en Excellent état. Comme neuf. Ni rayures. Ni traces dusure. Comme si I sortais du l,700,DETECTED,"Jai décider de vendre mon iPhone pas par ce que je lai voulus mais pour dautres choix de ma part,je le départ. Ce téléphone est unique en son genre et avec lia qui arrive il est encore mieux. Un vrai assistant qui ne peut plus quitter. Le mien et noir et ce mett partout garage à ça finesse. Par contre si cous êtes en rdv, couper Siri car ill vois annonces vos prochains rencard do des fois ce nest pas cool. ( cela mest arriver do je vois le dis. Cest un 128 giga. Amplement pour tout stocker et vous rappeler des que vous avez un rdv.","Saint-Christophe, NAQ",2016.0,0,1,2,1,4,2,0,unique,underpriced,older-profile,borderline,acceptable,case_study_sample,1200,0.5833333333333334,0,0,0
1477,iPhone 14 pro Max,700,DETECTED,Bonjour  Je vend cette iPhone avec facture et accessoires neufs pour plus dinformations merci de me contacter en privé,"Marseille, PAC",2023.0,0,2,2,2,6,2,1,similar,underpriced,intermediate-or-missing,marked,unfavorable,case_study_sample,850,0.8235294117647058,0,0,0
1478,Iphone 15 avec facture ,700,DETECTED,"Bonjour, iPhone 15....128 go Vendu avec accessoires et factures  A venir chercher sur Lille Pas d'envoi  Merci de me contacter pour plus d'informations en privé","Lille, HDF",2024.0,0,2,2,3,7,2,1,similar,underpriced,new-profile,marked,unfavorable,case_study_sample,1200,0.5833333333333334,0,0,0
1479,iPhone 14 Pro 128 Go,700,NEGATIVE,Description : Le produit est d'origine en excellent état de fonctionnement il est vendu avec une garantie et ses accessoires,"Paris, IDF",2014.0,0,3,2,1,0,3,0,duplicated,underpriced,older-profile,legitimate,acceptable,case_study_sample,850,0.8235294117647058,1,0,1
1480,iPhone 14 Pro Max (MARSEILLE),700,NEGATIVE," vendre avec boîte et accessoires, plus dinformations en mp. Pas denvoi","Marseille, PAC",2022.0,0,2,2,1,0,3,0,similar,underpriced,older-profile,legitimate,acceptable,case_study_sample,850,0.8235294117647058,1,0,1
1481,iPhone 14 pro Max,700,DETECTED,Dorigine et parfaite état. Prix non négociable,"Paris, IDF",2024.0,0,2,2,3,7,2,1,similar,underpriced,new-profile,marked,unfavorable,case_study_sample,850,0.8235294117647058,0,0,0
1482,iPhone 15,700,NEGATIVE,"A vendre avec boîte et accessoires, plus dinformations en mp. Pas denvoi","Paris, IDF",2024.0,0,2,2,3,0,3,0,similar,underpriced,new-profile,legitimate,acceptable,case_study_sample,1200,0.5833333333333334,1,0,1
1483,iPhone 14 Pro Max,700,NEGATIVE,Le produit est d'origine en excellent état de fonctionnement il est vendu avec une garantie et ses accessoires,"pinay-sur-Seine, IDF",2024.0,0,2,2,3,0,3,0,similar,underpriced,new-profile,legitimate,acceptable,case_study_sample,850,0.8235294117647058,1,0,1
1484,iPhone 15,700,NEGATIVE," vendre avec boîte et accessoires, plus dinformations en mp. Pas denvoi","Paris, IDF",2022.0,0,2,2,1,0,3,0,similar,underpriced,older-profile,legitimate,acceptable,case_study_sample,1200,0.5833333333333334,1,0,1
1485,iPhone 14 Pro Max / 128 Go,700,NEGATIVE,Le produit est d'origine en excellent état de fonctionnement il est vendu avec une garantie et ses accessoires,"Paris, IDF",2024.0,0,2,2,3,0,3,0,similar,underpriced,new-profile,legitimate,acceptable,case_study_sample,850,0.8235294117647058,1,0,1
1486,iPhone 14 Pro Max,700,NEGATIVE," vendre avec boîte et accessoires, plus dinformations en mp. Pas denvoi","Paris, IDF",2023.0,0,2,2,2,0,3,0,similar,underpriced,intermediate-or-missing,legitimate,acceptable,case_study_sample,850,0.8235294117647058,1,0,1
1487,iPhone 15 128 Go,700,DETECTED,"Vend iPhone 15 de couleur bleu, ayant une capacité de 128 Go.  Letat de batterie est de 92%, vous pourrez donc donc tenir facilement une journée complète avec une seule charge.   Je le vend pour passer au 16.","Somain, HDF",2016.0,0,1,2,1,4,2,0,unique,underpriced,older-profile,borderline,acceptable,case_study_sample,1200,0.5833333333333334,0,0,0
1488,iPhone 15 plus,700,DETECTED,"iPhone 15 plus bleu  128 gigas  Fonctionne bien  En bon état Avec coque ,boite ,chargeur  Prix 700 à débattre  Remise en main propre","Tronchy, BFC",2020.0,0,2,2,1,5,2,0,similar,underpriced,older-profile,borderline,acceptable,case_study_sample,1200,0.5833333333333334,0,0,0
1489,iPhone 14 pro max,700,DETECTED,iphone 14 pro max sous garantie  Main propre uniquement  Très bon état   Accessoires + facture inclus ,"Aubervilliers, IDF",2022.0,0,2,2,1,5,2,0,similar,underpriced,older-profile,borderline,acceptable,case_study_sample,850,0.8235294117647058,0,0,0
1490,Iphone 15 Pro Max 256go Sous blister,700,DETECTED,Iphone 15 Pro Max 256go Neuf  avec facture,"Castres, OCC",2024.0,0,2,2,3,7,2,1,similar,underpriced,new-profile,marked,unfavorable,case_study_sample,1200,0.5833333333333334,0,0,0
1491,iphone 14 pro,699,DETECTED,Bonjours je vend mon iPhone 14 pro 128go de couleur violet.  Payement en espèces sur place pas d'envoi. La garantie est jusqu'à septembre. Donc ne sera pas présente cependant il y aura la boite d'origine et le câble. Il sera nettoyer et réinitialiser pour la vente.  Il présente quelques micro rayures sur le contour mais rien de méchant.  Il a toujours été protéger avec un écran de verre arrière et avant plus une coque intégrale en silicone.   Pas sérieux s'abstenir merci.,"Crézancy, HDF",,1,2,2,2,6,2,1,similar,underpriced,intermediate-or-missing,marked,unfavorable,case_study_sample,850,0.8223529411764706,0,0,0
1492,Iphone 14 plus 128Go,699,DETECTED,Iphone 14 + en parfait état aucune rayure ni devant ni derrière. Batterie a 90%. Fourni avec boîte et câble d'origine.,"Saramon, OCC",2019.0,0,2,2,1,5,2,0,similar,underpriced,older-profile,borderline,acceptable,case_study_sample,850,0.8223529411764706,0,0,0
1493,Iphone 13 pro max 128gb,699,DETECTED,Iphone 12 64 gb   Occasion très propre  et garantie de 3mois Prix non négociable ( déjà en promotion) Chez Phone tastic 06  Adresse :169 rue de france 06000 Nice  Plus d'informations ?? N'hésitez pas à nous envoyer,"Nice, PAC",2024.0,0,1,1,3,5,2,0,unique,market-consistent,new-profile,borderline,acceptable,case_study_sample,750,0.932,0,0,0
1494,Iphone 13 pro max 128gb,699,DETECTED,Iphone 13 pro max 128 gb   Occasion très propre  et garantie de 3mois Prix non négociable ( déjà en promotion) Chez Phone tastic 06  Adresse :169 rue de france 06000 Nice  Plus d'informations ?? N'hésitez pas à nous envoyer,"Nice, PAC",2024.0,0,2,1,3,6,2,1,similar,market-consistent,new-profile,marked,unfavorable,case_study_sample,750,0.932,0,0,0
1495,iphone 14 Pro Max Blanc,699,DETECTED,iphone 14 Pro Max en excellent état nhésitez pas à me contacter si besoin de plus dinformations,"Paris, IDF",2024.0,0,2,2,3,7,2,1,similar,underpriced,new-profile,marked,unfavorable,case_study_sample,850,0.8223529411764706,0,0,0
1496,iPhone 13 PRO MAX 256go,699,DETECTED, vendre iPhone 13 Pro Max 256go  Batterie 86% Garantie 24 mois  Retrait sur place  Prix ferme,"Fréjus, PAC",2009.0,0,2,1,1,4,2,0,similar,market-consistent,older-profile,borderline,acceptable,case_study_sample,750,0.932,0,0,0
1497,iPhone 14 Pro,699,DETECTED,"Bonjour, je vend ce téléphone 128gb avec tout les accessoires en plusieurs coloris, états disponibles. Contactez moi pour plus de renseignements.","Marseille, PAC",2023.0,0,2,2,2,6,2,1,similar,underpriced,intermediate-or-missing,marked,unfavorable,case_study_sample,850,0.8223529411764706,0,0,0
1498,iPhone 13 Pro Max,695,DETECTED,"Téléphone 13 pro max, 256 go.   Acheté en avril 2022 à la FNAC, facture à l appui. tat comme neuf, 0 griffe.   Vitres protections sur l avant et sur les objectifs photo.  Vendu avec la boîte, le cordon, et deux coques IPhone.",Est déverrouillé (O/N),2012.0,0,2,1,1,4,2,0,similar,market-consistent,older-profile,borderline,acceptable,case_study_sample,750,0.9266666666666666,0,0,0
1499,Iphone 14 Plus 128 Go,690,DETECTED,"Vends Iphone 14 Plus 128 Go en excellent état complet avec cable, boite d'origine et outil pour carte SIM.Aucune rayure, ni coups. Il est encore sous garantie jusqu'en Mai 2025 facture à l'appui. Equipé d'une coque d'origine Apple et d'un film de protection d'écran depuis l'achat. Il possède également une protection sur les objectifs de l'appareil photo et je possède encore une protection supplémentaire neuve. Toujours protégé dans un étui cuir que je laisse avec également. Etat de santé batterie à 99%. Il fonctionne parfaitement je le vends juste parce que je voudrais un modèle plus petit en taille. Pas d'envoi récupération en main propre uniquement.","Le Creusot, BFC",2008.0,0,2,2,1,5,2,0,similar,underpriced,older-profile,borderline,acceptable,case_study_sample,850,0.8117647058823529,0,0,0
1500,iPhone 14 Pro Max 128 Giga,690,DETECTED,"Téléphone à vendre, avec facture, garantie, et tous les accessoires inclus. N'hésitez pas à me contacter pour plus d'informations.","Paris, IDF",2021.0,0,2,2,1,5,2,0,similar,underpriced,older-profile,borderline,acceptable,case_study_sample,850,0.8117647058823529,0,0,0
1501,iPhone 14 Pro Max 128GB,690,DETECTED,"Bonjour, je vends ce téléphone avec facture, garantie, et tous ses accessoires. Merci de me contacter.","Lille, HDF",2020.0,0,2,2,1,5,2,0,similar,underpriced,older-profile,borderline,acceptable,case_study_sample,850,0.8117647058823529,0,0,0
1502,Iphone 14 pro - remise en main propre,690,DETECTED,"Facture et garantie disponibles pour cet iPhone 14 pro 128/256 Go en très bon état. Je préfère les remises en main propre pour garantir une transaction en toute confiance. N'hésitez pas à me contacter pour convenir d'un rendez-vous. Le téléphone est dans un excellent état. En main propre seulement 100% original Inutile de négocier Pour toute information additionnelle, je suis disponible, alors n'hésitez pas à me contacter.","Aubervilliers, IDF",2023.0,0,2,2,2,6,2,1,similar,underpriced,intermediate-or-missing,marked,unfavorable,case_study_sample,850,0.8117647058823529,0,0,0
1503,iPhone 14 pro - remise en main propre,690,DETECTED,"iPhone 14 128Go en très bon état. Je préfère les remises en main propre pour garantir une transaction en toute confiance. N'hésitez pas à me contacter pour convenir d'un rendez-vous. Le téléphone est dans un excellent état. En main propre seulement 100% original Inutile de négocier Pour toute information additionnelle, je suis disponible, alors n'hésitez pas à me contacter.","Aubervilliers, IDF",2023.0,0,2,2,2,6,2,1,similar,underpriced,intermediate-or-missing,marked,unfavorable,case_study_sample,850,0.8117647058823529,0,0,0
1504,iPhone 14 Pro Max 128 Giga,690,DETECTED,"Bonjour, je mets en vente ce téléphone accompagné de sa facture, de sa garantie, et de tous ses accessoires. Merci de me contacter si intéressé.","Paris, IDF",2021.0,0,3,2,1,6,2,1,duplicated,underpriced,older-profile,marked,unfavorable,case_study_sample,850,0.8117647058823529,0,0,0
1505,Iphone 14 pro+Garantie,690,DETECTED,Facture et garantie dispo pour cet iphone 14 pro 258go en très bon état . Le téléphone est dans un excellent état et 100% original. Inutile de négocier  pour toute information je suis disponible. alors n'hesiter pas me contacter,"Paris, IDF",2011.0,0,2,2,1,5,2,0,similar,underpriced,older-profile,borderline,acceptable,case_study_sample,850,0.8117647058823529,0,0,0
1506,Apple iPhone 15 Pro Max,690,DETECTED,tat  tat neuf  Marque  Apple  Modèle  iPhone 15 Pro Max  Couleur  Autre,"Giverny, NOR",2024.0,0,2,2,3,7,2,1,similar,underpriced,new-profile,marked,unfavorable,case_study_sample,1200,0.575,0,0,0
1507,iPhone 14 Pro,690,NEGATIVE,Le produit est d'origine en excellent état de fonctionnement il est vendu avec une garantie et ses accessoires  Stockage : 128 Go,"Paris, IDF",2024.0,0,2,2,3,0,3,0,similar,underpriced,new-profile,legitimate,acceptable,case_study_sample,850,0.8117647058823529,1,0,1
1508,iPhone 14 pro max 128 Giga,690,DETECTED,"Salut, je vends ce téléphone en excellent état, avec facture, garantie et accessoires inclus. Merci de me contacter pour plus dinformations.","Paris, IDF",2024.0,0,2,2,3,7,2,1,similar,underpriced,new-profile,marked,unfavorable,case_study_sample,850,0.8117647058823529,0,0,0
1509,iPhone 14 pro Max,690,DETECTED,"Bonjour, je mets en vente ce téléphone accompagné de sa facture, de sa garantie, et de tous ses accessoires. Merci de me contacter si intéressé","Lille, HDF",2023.0,0,2,2,2,6,2,1,similar,underpriced,intermediate-or-missing,marked,unfavorable,case_study_sample,850,0.8117647058823529,0,0,0
1510,"Apple iPhone 15 Plus 512GB 6GB RAM Dual SIM Mobiltelefon, Black",690,DETECTED,Contenu du carton iPhone 15 Pro Câble de charge USB C,Couleur,2024.0,0,1,2,3,6,2,1,unique,underpriced,new-profile,marked,unfavorable,case_study_sample,1200,0.575,0,0,0
1511,iPhone 15,690,DETECTED,"Bonjour, je mets en vente mon iPhone 15 de couleur noir, 128 giga avec Boite chargeur rapide facture pas denvoi.",Couleur,2014.0,0,2,2,1,5,2,0,similar,underpriced,older-profile,borderline,acceptable,case_study_sample,1200,0.575,0,0,0
1512,iPhone 14 Pro Max,690,DETECTED,"Bonjour, ce téléphone est en vente. Il vient avec sa facture, sa garantie, et ses accessoires. Contactez-moi pour plus de détails.","Paris, IDF",2024.0,0,2,2,3,7,2,1,similar,underpriced,new-profile,marked,unfavorable,case_study_sample,850,0.8117647058823529,0,0,0
1513,iphone 15,680,DETECTED,iphone 15 noir 128gb,"Bourg-en-Bresse, ARA",,1,2,2,2,6,2,1,similar,underpriced,intermediate-or-missing,marked,unfavorable,case_study_sample,1200,0.5666666666666667,0,0,0
1514,iPhone 14 plus,680,DETECTED,iPhone 14 plus  Nickel de chez nickel êtas de batterie 100%  Les arnaqueur passer votre chemin je fais aucun envoie à venir chercher en main propre,"Rochefort, WAL",,1,2,2,2,6,2,1,similar,underpriced,intermediate-or-missing,marked,unfavorable,case_study_sample,850,0.8,0,0,0
1515,iPhone 15 pro,680,DETECTED,"Bonjour je vends mon iPhone 15 pro qui est en très bonne état proche du neuf aucune rayure sur l écran ni aucun choc sur le téléphone toujours protégé dune coque et dun protège écran , acheté à Nol je le vends car j ai acheté le 15 pro max","Cannes, PAC",,1,2,2,2,6,2,1,similar,underpriced,intermediate-or-missing,marked,unfavorable,case_study_sample,1200,0.5666666666666667,0,0,0
1516,iPhone 15,680,DETECTED,Vend iPhone 15 128 g Batterie à 100% Aucune rayure aucune impact  hidden information,"Gaillon, NOR",2019.0,0,2,2,1,5,2,0,similar,underpriced,older-profile,borderline,acceptable,case_study_sample,1200,0.5666666666666667,0,0,0
1517,IPhone 15 Pro max,680,DETECTED,IPhone 15 pro max 256Go  l'état batterie 100%,"Paris, IDF",2020.0,0,2,2,1,5,2,0,similar,underpriced,older-profile,borderline,acceptable,case_study_sample,1200,0.5666666666666667,0,0,0
1518,iPhone 15 en très bon état,680,DETECTED,"Vend iPhone 15, 128 go en excellent état.  Tout est dorigine, aucune pièce a été remplacé, facture a lappuie. Toujours protégé par une coque et un verre trempé. La cause de la vente est liée a lachat du 15 pro. Prix négociable dans la limite du raisonnable.","Besançon, BFC",2021.0,0,2,2,1,5,2,0,similar,underpriced,older-profile,borderline,acceptable,case_study_sample,1200,0.5666666666666667,0,0,0
1519,iPhone 14 Pro Max,680,DETECTED,"Je mets en vente mon téléphone portable iPhone 14 Pro Max avec tous les accessoires pour écouteurs, câble de chargement, écouteurs et étuis ainsi que l'emballage d'origine et la facture d'achat.  Il dispose d'une mémoire de 512 Go RAM 12 et avec une garantie de 2 ans, la batterie est toujours chargée à 100%, elle fonctionne parfaitement et dispose d'un haut niveau de fonctionnalité.  L'expédition et la collecte sont possibles  crivez-moi en privé","Montpellier, OCC",2024.0,0,2,2,3,7,2,1,similar,underpriced,new-profile,marked,unfavorable,case_study_sample,850,0.8,0,0,0
1520,Iphone 15 promax 256 Go Tout neuf,680,DETECTED,"Le teléphone portable est tout neuf, il ne serait déballé que pour tester, il y a une coque d'origine ainsi que le câble et la boîte de chargement d'origine, bien sr, la facture est également inclus.","Paris, IDF",2024.0,0,2,2,3,7,2,1,similar,underpriced,new-profile,marked,unfavorable,case_study_sample,1200,0.5666666666666667,0,0,0
1521,iphone 13 pro max,680,DETECTED,"bonjour je vend ce téléphoner sur Paris 12, Paris 8, Marseille, et Toulouse , contactez moi pour plus d'information",Couleur,2024.0,0,2,1,3,6,2,1,similar,market-consistent,new-profile,marked,unfavorable,case_study_sample,750,0.9066666666666666,0,0,0
1522,iPhone 15 Black,680,DETECTED,"Bonjour, je vend mon iPhone 15 dune capacité de stockage de 128giga. Létat du téléphone est irréprochable, ça capacité de batterie est de 100%. Face ID ainsi que toutes les autres fonctionnalité fonctionne parfaitement. Jai pris le soin dinstaller un écran de protection hydrogèle et anti espion sur lécran. Téléphone très propres pour ne pas dire neuf.  vendre seulement en mains propres sur Orléans.  Merci","Orléans, CVL",2021.0,0,2,2,1,5,2,0,similar,underpriced,older-profile,borderline,acceptable,case_study_sample,1200,0.5666666666666667,0,0,0
1523,iPhone 15,680,DETECTED,iPhone 15 bleu très bon état  128 Go  Boîte facture disponible  Achat magasin Apple Date d achat 23/09/2023 magasin  Garantie jusquau 23/09/2025 Capacité batterie 93%,"Roche-la-Molière, ARA",2014.0,0,2,2,1,5,2,0,similar,underpriced,older-profile,borderline,acceptable,case_study_sample,1200,0.5666666666666667,0,0,0
1524,IPHONE 15,680,DETECTED,"Je vend mon iPhone 15 comme neuf, acheter en septembre 2023 a sfr.   Je le vend 680 euros légèrement négociable, il est à 91% détat de batterie, aucune rayure, aucun impact, absolument 0 trace dusure.  Protéger par une coque et un film zag ( vendu avec)","Figeac, OCC",2012.0,0,2,2,1,5,2,0,similar,underpriced,older-profile,borderline,acceptable,case_study_sample,1200,0.5666666666666667,0,0,0
1525,Iphone 14 pro max,680,DETECTED,"iphone 14 pro max, 256GB 680e à débattre, 4mois d'utilisation livraisons a domicile Cognac et environs",Couleur,2024.0,0,1,2,3,6,2,1,unique,underpriced,new-profile,marked,unfavorable,case_study_sample,850,0.8,0,0,0
1526,iPhone 14 Pro 128gb + boîte,680,DETECTED,"iPhone 14 Pro 128gb , excellent état , toujours protégé par vitre de protection + coque , vendu avec boîte dorigine , acheté chez Bouygues telecom . Aucun envoi possible , remise en main propre uniquement .","Antibes, PAC",2021.0,0,2,2,1,5,2,0,similar,underpriced,older-profile,borderline,acceptable,case_study_sample,850,0.8,0,0,0
1527,Iphone 15 pro Max Neuf,680,DETECTED,Vend iphone 15 Pro Max 256go Sous blister jamais utilisée avec facture d'achat .,"Bordeaux, NAQ",2024.0,0,2,2,3,7,2,1,similar,underpriced,new-profile,marked,unfavorable,case_study_sample,1200,0.5666666666666667,0,0,0
1528,iPhone 14 Plus,679,DETECTED,"Bonjour, je vend ce téléphone avec tout les accessoires en plusieurs coloris, états disponibles. Contactez moi pour plus de renseignements.","Marseille, PAC",2023.0,0,2,2,2,6,2,1,similar,underpriced,intermediate-or-missing,marked,unfavorable,case_study_sample,850,0.7988235294117647,0,0,0
1529,Apple iPhone 15 Pro Max 256 GB,675,DETECTED,"Le téléphone portable est toujours en très bon état !   Capacité de la batterie 4441 mAh Résistance à l'eau Oui Chargement sans fil Non Résolution de l'écran 1290 x 2796 pixels Date de sortie 2023-09-22 Densité des pixels 460 ppi Profondeur de l'objet 0,33 pouce Stylet Non Génération de réseau 5G Couleur du fabricant Titane naturel Technologie d'affichage cran Super Retina XDR Durée de la batterie 118 h Nombre d'objectifs de l'appareil photo principal 3 Nombre d'objectifs dans l'appareil photo selfie 0 Résolution de l'appareil photo principal 48 MP, 12 MP","Villeneuve-sur-Lot, NAQ",2024.0,0,1,2,3,6,2,1,unique,underpriced,new-profile,marked,unfavorable,case_study_sample,1200,0.5625,0,0,0
1530,iPhone 15 128Go Noir,670,DETECTED,"Bonjour, je vend mon Iphone 15 128Go de couleur Noir, cest un cadeau mais jen possède déjà un, je le vend à contre cur. La boite na pas été ouverte.","Bourges, CVL",2022.0,0,2,2,1,5,2,0,similar,underpriced,older-profile,borderline,acceptable,case_study_sample,1200,0.5583333333333333,0,0,0
1531,iPhone 13 mini,670,DETECTED,Bonsoir je vend 2 iPhone mini 670 les deux légèrement négociable dans la limite du raisonnable les 2 on 100% de batterie les vendeurs de tapis passer votre chemin  Cordialement.,"Lille, HDF",2015.0,0,2,2,1,5,2,0,similar,underpriced,older-profile,borderline,acceptable,case_study_sample,750,0.8933333333333333,0,0,0
1532,iPhone 15 Pro Max,665,DETECTED,Le téléphone portable est toujours en très bon état !  Il a encore une capacité de batterie de 100% !,"Saint-Martin-du-Puy, NAQ",2024.0,0,2,2,3,7,2,1,similar,underpriced,new-profile,marked,unfavorable,case_study_sample,1200,0.5541666666666667,0,0,0
1533,iPhone 15,660,DETECTED,Vend iPhone 15  128G Toujours garanti achat oct 2023 Facture et boîte dorigine  Batterie 99% Débloquer tout opérateur  Téléphone comme neuf  Toujours protégé dune coque et dun verre trempé  Jamais subi de choc ou de chute  Pas sérieux sabstenir,"Vannes, BRE",,1,2,2,2,6,2,1,similar,underpriced,intermediate-or-missing,marked,unfavorable,case_study_sample,1200,0.55,0,0,0
1534,iPhone 14 - bon état - 128go,660,DETECTED,"Je propose un iPhone 14 blanc 128go, en excellente état. Il bénéficie encore de 6 mois de garantie. Vendu avec facture et accessoires dorigine, neufs et non utilisés.   PAS DENVOI   A VENIR CHERCHER SUR PLACE ","Aulnay-sous-Bois, IDF",2024.0,0,2,2,3,7,2,1,similar,underpriced,new-profile,marked,unfavorable,case_study_sample,850,0.7764705882352941,0,0,0
1535,iPhone 13 Pro Max 128go,660,DETECTED,"Je vends mon iPhone 13 Pro Max 128go en très bon état. Garantie pendant 6 mois, fourni avec la facture et tous les accessoires neufs.   PAS DENVOI A VENIR CHERCHER SUR PLACE ","Aulnay-sous-Bois, IDF",2024.0,0,2,2,3,7,2,1,similar,underpriced,new-profile,marked,unfavorable,case_study_sample,750,0.88,0,0,0
1536,iPhone 13 Pro Max bleu 128 GB,650,DETECTED,"iPhone 13 Pro Max 128 GB bleu, à remettre en main propre uniquement.","Fribourg, FR",,1,2,2,2,6,2,1,similar,underpriced,intermediate-or-missing,marked,unfavorable,case_study_sample,750,0.8666666666666667,0,0,0
1537,iPhone 15 neuf sous blister,650,DETECTED,"Je vends cet iPhone neuf sous blister  Modèle : IPhone 15 noir, 128 gb    venir chercher sur Valenciennes  Pas denvoi  Pas de virement, paypal ou autre..",Marque,2019.0,0,2,2,1,5,2,0,similar,underpriced,older-profile,borderline,acceptable,case_study_sample,1200,0.5416666666666666,0,0,0
1538,Vendu   iPhone 15 neuf,650,DETECTED,"iPhone 15 neuf , première utilisation ( aot) . Date de fabrication ( Mai ).Voir photos. Aucune rayure.","Saint-Estève, OCC",2020.0,0,1,2,1,4,2,0,unique,underpriced,older-profile,borderline,acceptable,case_study_sample,1200,0.5416666666666666,0,0,0
1539,IPhone 13 neuf,650,NEGATIVE,Jamais utilisé,"chirolles, ARA",2018.0,0,2,2,1,0,3,0,similar,underpriced,older-profile,legitimate,acceptable,case_study_sample,750,0.8666666666666667,1,0,1
1540,iPhone 14 plus 512GB,650,DETECTED,iPhone 14 plus 512Gb acheté neuf en février 2024 Batterie à 97%  Parfait état général  Un seul micro impact dans le coin inférieur droit ( voir photo 3),"Saint-Selve, NAQ",2008.0,0,1,2,1,4,2,0,unique,underpriced,older-profile,borderline,acceptable,case_study_sample,850,0.7647058823529411,0,0,0
1541,iphone 15,650,DETECTED,LE TELEPHONE A  2 SEMAINE FACTURE DISPONIBLE  ( envoi possible ou remise main propre limoges ),"Limoges, NAQ",2010.0,0,1,2,1,4,2,0,unique,underpriced,older-profile,borderline,acceptable,case_study_sample,1200,0.5416666666666666,0,0,0
1542,iPhone 13 Pro neuf IPhone 13 Pro,650,DETECTED,"iPhone 13 Pro neuf , couleur bleu, jamais utilisé ! Pas denvoie , Pas sérieux sabstenir ! Ouverte au négociation dans la limite du raisonnable .","Saint-Denis, IDF",2008.0,0,2,2,1,5,2,0,similar,underpriced,older-profile,borderline,acceptable,case_study_sample,750,0.8666666666666667,0,0,0
1543,iPhone 13 Pro Max 256 GB,650,DETECTED,"Couleur : Bleu Alpin Capacité : 256go tat : Très bon état  Vendu avec la boîte dorigine et le câble.   Aussi, le telephone est débloqué quelques soit la SIM insérée!  Remise en main propre.  ! Uniquement des acheteurs sérieux !","Herblay-sur-Seine, IDF",2007.0,0,2,2,1,5,2,0,similar,underpriced,older-profile,borderline,acceptable,case_study_sample,750,0.8666666666666667,0,0,0
1544,iPhone 13 Pro Max,650,DETECTED,Je vends mon IPhone 13 Pro Max 128 Go en très bon état. Téléphone acheté en Novembre 2021 et toujours protégé par une coque et verre trempé. Capacité de la batterie à 85%. Facture dachat et débloqué tout opérateur.,"Marseille, PAC",2008.0,0,2,2,1,5,2,0,similar,underpriced,older-profile,borderline,acceptable,case_study_sample,750,0.8666666666666667,0,0,0
1545,Vendu   iPhone 15,650,DETECTED,"Le téléphone est neuf, je le vends car jai acheté le 15 pro","Carcassonne, OCC",2022.0,0,1,2,1,4,2,0,unique,underpriced,older-profile,borderline,acceptable,case_study_sample,1200,0.5416666666666666,0,0,0
1546,Iphone 15 pro max,650,DETECTED,"Je me separe de mon iphone 15 pro max en super etat nickel, il ya prise cable verre trempe et une coque apple, il a 6mois.. uniquement par envoie je suis en deplacement actuellement..","Reims, GES",2017.0,0,2,2,1,5,2,0,similar,underpriced,older-profile,borderline,acceptable,case_study_sample,1200,0.5416666666666666,0,0,0
1547,iPhone 15 128 GB ,650,DETECTED,iPhone 15 128 GB   tat 10/10 Débloqué tous opérateurs 100% fonctionnel  100% original Apple   Vendu avec facture garantie et chargeur   5 rue Ferrand 59300 Valenciennes,"Valenciennes, HDF",2021.0,0,2,2,1,5,2,0,similar,underpriced,older-profile,borderline,acceptable,case_study_sample,1200,0.5416666666666666,0,0,0
1548,Iphone 15,650,DETECTED,Bonjour je vend mon iPhone 15 tout neuf encore dans la boîte jamais ouvert,"Pithiviers, CVL",2012.0,0,2,2,1,5,2,0,similar,underpriced,older-profile,borderline,acceptable,case_study_sample,1200,0.5416666666666666,0,0,0
1549,IPhone 14 pro Max,650,DETECTED,"Bonjour, vends mon iPhone 14 pro Max comme neuf 128 giga acheté le 29/09/23 garantie jusquau 29/09/25 avec facture boîte + chargeur neuf jamais utilisé batterie à 100%  Avec une coque  Prix 650  remise en main propre uniquement.","Corbie, HDF",2024.0,0,2,2,3,7,2,1,similar,underpriced,new-profile,marked,unfavorable,case_study_sample,850,0.7647058823529411,0,0,0
1550,iPhone 14 Pro Max - 128 Go,650,DETECTED,Bonjour  Je vend mon iPhone 100% original en excellent état de marche pour ceux qui sont intéressé passez en privé je vous répond,"Paris, IDF",2024.0,0,2,2,3,7,2,1,similar,underpriced,new-profile,marked,unfavorable,case_study_sample,850,0.7647058823529411,0,0,0
1551,iPhone 13 pro max 128go Graphite,650,DETECTED,"Vend IPhone 13 Pro Max couleur Noir 128go  Dans un état irréprochable, pas une rayure, jamais tombée, toujours protégé par une coque ( Rhinoshield ) ainsi quun verre de protection avant et arrière et des protège objectif.  Vendu avec çà boite dorigine + chargeur Apple  Je donne avec 3 coque Rhinoshield et une Quad Lock pour moto/vélo ( environ 120 de protection )  Capacité maximale de la batterie 84%  650  Vendu UNIQUEMENT en main propre dans la région Grenobloise , pas denvoi possible.  Pas sérieux merci de vous abstenir !!  Me contacter pour plus dinformations","Seyssinet-Pariset, ARA",,1,2,2,2,6,2,1,similar,underpriced,intermediate-or-missing,marked,unfavorable,case_study_sample,750,0.8666666666666667,0,0,0
1552,iPhone 13 pro Max,650,DETECTED,On m'a offert deux iPhones pour mon anniversaire alors j'ai décidé d'en vendre un encore neuf,"Paris, IDF",,1,1,2,2,5,2,0,unique,underpriced,intermediate-or-missing,borderline,acceptable,case_study_sample,750,0.8666666666666667,0,0,0
1553,iphone 15 128go,650,DETECTED,"Noir, neuf encore sous blister","Aubenas, ARA",,1,2,2,2,6,2,1,similar,underpriced,intermediate-or-missing,marked,unfavorable,case_study_sample,1200,0.5416666666666666,0,0,0
1554,iPhone 13 Pro max,650,DETECTED,iPhone 13 PRO MAX 128 giga GSM en bon état quelques griffes d'usure mais qui ne se voient pas car tjs protégé par un film protecteur  Pas de vendeur arnaque,"Lessines, WAL",,1,2,2,2,6,2,1,similar,underpriced,intermediate-or-missing,marked,unfavorable,case_study_sample,750,0.8666666666666667,0,0,0
1555,iPhone 15 plus 128 go,650,DETECTED,"IPhone 15 plus 128 rose go vendu avec boîte, chargeur + facture  Acheté en avril 2023 donc toujours garantie  Batterie à 100%  Comme neuf","Soissons, HDF",,1,2,2,2,6,2,1,similar,underpriced,intermediate-or-missing,marked,unfavorable,case_study_sample,1200,0.5416666666666666,0,0,0
1556,iPhone 14,650,DETECTED," VENDRE  IPHONE 14 128 GO  Je vends liPhone de mon copain quil a garder 1 mois car il à acheter liPhone 15, capacité de batterie : 92% , sans chargeur, avec une coque , il a toujours étais protégé par une coque et un écran de verre  Je le vends 650 , négociable dans la limite du raisonnable.","Boussu, WAL",,1,2,2,2,6,2,1,similar,underpriced,intermediate-or-missing,marked,unfavorable,case_study_sample,850,0.7647058823529411,0,0,0
1557,iPhone 15,650,DETECTED,Je vend mon iPhone 15 650 il a 1 mois je le vend car je naime pas,"Antoing, WAL",,1,2,2,2,6,2,1,similar,underpriced,intermediate-or-missing,marked,unfavorable,case_study_sample,1200,0.5416666666666666,0,0,0
1558,iPhone 15,650,DETECTED,iPhone 15 neuve  Il a à peine 1mois  Couleur bleu pastel  128 giga,"Mons, WAL",,1,2,2,2,6,2,1,similar,underpriced,intermediate-or-missing,marked,unfavorable,case_study_sample,1200,0.5416666666666666,0,0,0
1559,iPhone 13 Pro or,650,DETECTED,Vend iPhone 13 Pro 128go couleur or  Toujours protéger de sa coque et dune vitre.  Fonctionne parfaitement. Possibilité de donner différentes coques avec.  Prix négociable dans la mesure du raisonnable.,"Ajaccio, COR",,1,2,2,2,6,2,1,similar,underpriced,intermediate-or-missing,marked,unfavorable,case_study_sample,750,0.8666666666666667,0,0,0
1560,iPhone 15 à vendre,650,DETECTED,Conseils de sécurité pour Marketplace,"Brussel, BRU",,1,3,2,2,7,2,1,duplicated,underpriced,intermediate-or-missing,marked,unfavorable,case_study_sample,1200,0.5416666666666666,0,0,0
1561,iPhone 14 Pro,650,DETECTED,"Salut, je vends ce téléphone en excellent état, avec facture, garantie et accessoires inclus. Merci de me contacter pour plus dinformations.","Toulouse, OCC",2024.0,0,2,2,3,7,2,1,similar,underpriced,new-profile,marked,unfavorable,case_study_sample,850,0.7647058823529411,0,0,0
1562,iPhone 14 Pro,650,DETECTED,"Bonjour, ce téléphone est en vente. Il vient avec sa facture, sa garantie, et ses accessoires. Contactez-moi pour plus de détails.","Paris, IDF",2024.0,0,2,2,3,7,2,1,similar,underpriced,new-profile,marked,unfavorable,case_study_sample,850,0.7647058823529411,0,0,0
1563,iPhone 15,650,DETECTED,Bonjour je vend mon iPhone 15 128g en excellent état mise à part la fissure de derrière le téléphone est toujours sous garantie prix négociable dans la limite du raisonnable merci,"Jaux, HDF",2024.0,0,2,2,3,7,2,1,similar,underpriced,new-profile,marked,unfavorable,case_study_sample,1200,0.5416666666666666,0,0,0
1564,iPhone 14 plus 128 gb,650,DETECTED,iPhone 14 plus garanti Apple care + % de la batterie 100%,"Nîmes, OCC",2022.0,0,2,2,1,5,2,0,similar,underpriced,older-profile,borderline,acceptable,case_study_sample,850,0.7647058823529411,0,0,0
1565,iPhone 15 pro,650,DETECTED,iPhone 15 pro 128g tout neuf  achet il ya une semenai 1020euro je le vent a 650,"Bordeaux, NAQ",2024.0,0,2,2,3,7,2,1,similar,underpriced,new-profile,marked,unfavorable,case_study_sample,1200,0.5416666666666666,0,0,0
1566,iPhone 15 pro 128 giga,650,DETECTED,"Bonjour, je vends mon iPhone en bon état batterie 100 %","Strasbourg, GES",2024.0,0,2,2,3,7,2,1,similar,underpriced,new-profile,marked,unfavorable,case_study_sample,1200,0.5416666666666666,0,0,0
1567,iPhone 14 Plus comme neuf,650,DETECTED,Bonjour Le téléphone est comme neuf encore sous garantie il a aucun problème jai pas la boîte et facture par contre je ne fais pas denvoie que du main propre je prends espèces et virement je suis sur Domont 95,"Domont, IDF",2024.0,0,2,2,3,7,2,1,similar,underpriced,new-profile,marked,unfavorable,case_study_sample,850,0.7647058823529411,0,0,0
1568,iPhone 14 pro,650,DETECTED,"Je propose ce téléphone à la vente, complet avec facture, garantie, et accessoires. Contactez-moi si vous êtes intéressé.","Paris, IDF",2020.0,0,2,2,1,5,2,0,similar,underpriced,older-profile,borderline,acceptable,case_study_sample,850,0.7647058823529411,0,0,0
1569,iPhone 14 Pro 128 Giga,650,DETECTED,"Téléphone à vendre, avec facture, garantie, et tous les accessoires inclus. N'hésitez pas à me contacter pour plus d'informations.","Paris, IDF",2021.0,0,2,2,1,5,2,0,similar,underpriced,older-profile,borderline,acceptable,case_study_sample,850,0.7647058823529411,0,0,0
1570,iPhone 15 pro titane noir 256go état proche du neuf,650,DETECTED,"Bonjour, je vends un iPhone 15 pro 256 giga. Ltat est comme neuf je lai utilisé trois ou quatre mois maximum. Sinon jen ai plus eu lutilité car jai déjà mon iPhone 14 qui me suffit et pour avoir un peu dargent je souhaite vendre mon 15, pas très cher pour pouvoir men sortir ce mois-ci, car je sors des études.. Contactez-moi pour plus dinformations ou autre  !  Les arnaqueurs tracé votre route. Je vous reconnais au  loin .. ","Nancy, GES",2024.0,0,1,2,3,6,2,1,unique,underpriced,new-profile,marked,unfavorable,case_study_sample,1200,0.5416666666666666,0,0,0
1571,Iphone 15 128 GB 100%,650,DETECTED,"Batterie 100% marchel nikel , je le vend car passage sous Android","Forbach, GES",2017.0,0,2,2,1,5,2,0,similar,underpriced,older-profile,borderline,acceptable,case_study_sample,1200,0.5416666666666666,0,0,0
1572,iPhone 15 noir tout neuf avec facture,650,DETECTED,Je vend mon iPhone 15 acheté ya 1 mois chez sfr ( facture à lappui) avec coque renforcée et vitre de protection qui est déjà un peu abîmée,"Nice, PAC",2024.0,0,2,2,3,7,2,1,similar,underpriced,new-profile,marked,unfavorable,case_study_sample,1200,0.5416666666666666,0,0,0
1573,iphone 14 pro,650,DETECTED,"iphone 14pro  128GB Avec garantie et facture , me contacter pour plus d'information","Sainte-Lizaigne, CVL",2023.0,0,2,2,2,6,2,1,similar,underpriced,intermediate-or-missing,marked,unfavorable,case_study_sample,850,0.7647058823529411,0,0,0
1574,iPhone 15 Pro Max 512 GB,650,DETECTED,iPhone 15 pro max 512 GB. Jamais utilisé. Livré avec tous les accessoires.,"Niort, NAQ",2024.0,0,2,2,3,7,2,1,similar,underpriced,new-profile,marked,unfavorable,case_study_sample,1200,0.5416666666666666,0,0,0
1575,iPhone 14 pro Max,650,DETECTED,Je mets en vente mon iphone 14 Pro Max reçu comme cadeau d'anniversaire . N'hésitez pas à me contacter si vous êtes intéressé.,"Paris, IDF",2024.0,0,2,2,3,7,2,1,similar,underpriced,new-profile,marked,unfavorable,case_study_sample,850,0.7647058823529411,0,0,0
1576,iPhone 13 Pro,650,DETECTED,"iPhone 13 Pro, capacité de stockage 128 Go, couleur Gold.  Acheté neuf chez Apple en 2021. Il a toujours été protégé par une coque, ainsi quun verre trempé. Prix négociable!","Prades-le-Lez, OCC",2016.0,0,2,2,1,5,2,0,similar,underpriced,older-profile,borderline,acceptable,case_study_sample,750,0.8666666666666667,0,0,0
1577,iPhone 15 pro max,650,DETECTED,iPhone 15 pro max d'origine sans aucun problème d'utilisation,"Bordeaux, NAQ",2024.0,0,2,2,3,7,2,1,similar,underpriced,new-profile,marked,unfavorable,case_study_sample,1200,0.5416666666666666,0,0,0
1578,iphone 13 pro max,650,DETECTED,"Bonjour je met en vente mon iPhone 13pro max,acheter neuf (850) il y a 5mois ,Le téléphone est irréprochable pas de rayures ,état de batterie 100% si vous voulez plus dinformations nhésitez","Roye, HDF",2024.0,0,2,2,3,7,2,1,similar,underpriced,new-profile,marked,unfavorable,case_study_sample,750,0.8666666666666667,0,0,0
1579,iPhone 15,650,DETECTED,"Je vends mon téléphone, car je nen ai plus lutilité suite à un nouvel achat. Je le vends avec son chargeur, sans la boîte.","Nancy, GES",2024.0,0,2,2,3,7,2,1,similar,underpriced,new-profile,marked,unfavorable,case_study_sample,1200,0.5416666666666666,0,0,0
1580,iPhone 15 Pro max 512gb,650,DETECTED,"Le téléphone est tout neuf, sans ovp ni facture, il est proposé à 650, prix fixe, ne me posez pas de questions, pas de négociation, c'est un prix fixe et il le restera, ceux qui veulent le prendre pour ce prix peuvent m'écrire, les gens inutiles qui m'écrivent seront bloqués immédiatement !","Vaux-en-Amiénois, HDF",2024.0,0,1,2,3,6,2,1,unique,underpriced,new-profile,marked,unfavorable,case_study_sample,1200,0.5416666666666666,0,0,0
1581,iPhone 13 Pro Max 128gb,650,DETECTED,"Bonjour, je vends mon téléphone avec garantie.","Schiltigheim, GES",2017.0,0,2,2,1,5,2,0,similar,underpriced,older-profile,borderline,acceptable,case_study_sample,750,0.8666666666666667,0,0,0
1582,iPhone 14 plus,650,DETECTED,"** VENDRE : iPhone 14 Plus - Comme neuf**  Je mets en vente un iPhone 14 Plus en excellent état, pratiquement comme neuf.   - **Capacité :** 128 Go - **Couleur :** Mauve  - **Condition :** Comme neuf, aucune rayure ni impact - **Protection :** Toujours utilisé avec une coque de protection, un verre trempé et une protection d'écran depuis le premier jour  Cet iPhone a été soigneusement entretenu et est prêt à l'emploi. Il s'agit d'une excellente occasion d'acquérir un appareil de qualité supérieure à un prix avantageux.  **Prix :** 650  **Remise en main propre :** à Beauvais et aux alentours  N'hésitez pas à me contacter pour plus d'informations ou pour convenir d'un rendez-vous.","Beauvais, HDF",2011.0,0,2,2,1,5,2,0,similar,underpriced,older-profile,borderline,acceptable,case_study_sample,850,0.7647058823529411,0,0,0
1583,iPhone 14 Pro,650,NEGATIVE," vendre avec boîte et accessoires, plus dinformations en mp. Pas denvoi","Bordeaux, NAQ",2023.0,0,2,2,2,0,3,0,similar,underpriced,intermediate-or-missing,legitimate,acceptable,case_study_sample,850,0.7647058823529411,1,0,1
1584,iPhone 14 Pro (MARSEILLE 13),650,NEGATIVE," vendre avec boîte et accessoires, plus dinformations en mp. Pas denvoi","Marseille, PAC",2022.0,0,2,2,1,0,3,0,similar,underpriced,older-profile,legitimate,acceptable,case_study_sample,850,0.7647058823529411,1,0,1
1585,iPhone 13 neuf,650,DETECTED,"Je vends un iPhone 13 noir, utilisé seulement 2 fois, mais sans blister. L'appareil est encore sous garantie, ce qui vous assure une tranquillité d'esprit pour vos futurs usages. Voici les détails :  - Modèle :iPhone 13 - tat :** Comme neuf, utilisé 2 fois - Couleur : Noir - Capacité de stockage :128 Go - Accessoires inclus :** Aucun (pas d'écouteurs ) - Garantie : Oui, encore sous garantie Prix :650  L'iPhone est disponible immédiatement. Vous pouvez me contacter pour plus de détails ou pour convenir d'un rendez-vous. Remise en main propre possible dans la région de Montpellier  Merci de votre intérêt !  Je",Couleur,2021.0,0,2,2,1,5,2,0,similar,underpriced,older-profile,borderline,acceptable,case_study_sample,750,0.8666666666666667,0,0,0
1586,iPhone 14 Pro Max - 128 Go,650,DETECTED,Bonjour  Je vend mon iPhone 100% original en excellent état de marche pour ceux qui sont intéressé passez en privé je vous répond,"Bagnolet, IDF",2024.0,0,2,2,3,7,2,1,similar,underpriced,new-profile,marked,unfavorable,case_study_sample,850,0.7647058823529411,0,0,0
1587,Iphone 14 rose,650,DETECTED,Vend iphone 14 rose 128giga en bonne état avec chargeur,"Hérépian, OCC",2024.0,0,2,2,3,7,2,1,similar,underpriced,new-profile,marked,unfavorable,case_study_sample,850,0.7647058823529411,0,0,0
1588,iPhone 14 Pro,650,NEGATIVE," vendre avec boîte et accessoires, plus dinformations en mp. Pas denvoi","Paris, IDF",2024.0,0,2,2,3,0,3,0,similar,underpriced,new-profile,legitimate,acceptable,case_study_sample,850,0.7647058823529411,1,0,1
1589,iPhone 14 Pro,650,NEGATIVE," vendre avec boîte et accessoires, plus dinformations en mp. Pas denvoi","Marseille, PAC",2023.0,0,2,2,2,0,3,0,similar,underpriced,intermediate-or-missing,legitimate,acceptable,case_study_sample,850,0.7647058823529411,1,0,1
1590,IPHONE 14 PRO,650,DETECTED,"Bonjour Je vends cet IPHONE 14 pro avec accessoires neufs (chargeur, boîte, verre de protection, coque) et facture Disponible à partir de 650 Envoyé moi un message privé pour plus d'informations","Lille, HDF",2024.0,0,2,2,3,7,2,1,similar,underpriced,new-profile,marked,unfavorable,case_study_sample,850,0.7647058823529411,0,0,0
1591,iPhone 14 Pro,650,NEGATIVE," vendre avec boîte et accessoires, plus dinformations en mp. Pas denvoi","Bordeaux, NAQ",2023.0,0,2,2,2,0,3,0,similar,underpriced,intermediate-or-missing,legitimate,acceptable,case_study_sample,850,0.7647058823529411,1,0,1
1592,Iphone 15,650,DETECTED,128go sous blister on me l'a offert pour mon anniversaire mais je suis team samsung.   Je mettrais la photo demain étant à châlons et le téléphone est à Reims.,Couleur,2010.0,0,1,2,1,4,2,0,unique,underpriced,older-profile,borderline,acceptable,case_study_sample,1200,0.5416666666666666,0,0,0
1593,iPhone 14 Pro (MARSEILLE),650,NEGATIVE," vendre avec boîte et accessoires, plus dinformations en mp. Pas denvoi","Marseille, PAC",2023.0,0,2,2,2,0,3,0,similar,underpriced,intermediate-or-missing,legitimate,acceptable,case_study_sample,850,0.7647058823529411,1,0,1
1594,iPhone 15,650,DETECTED,"iPhone à vendre en bonne état  Batterie 88% Chargeur, écouteurs, coques  Garanti","Lyon, ARA",2019.0,0,2,2,1,5,2,0,similar,underpriced,older-profile,borderline,acceptable,case_study_sample,1200,0.5416666666666666,0,0,0
1595,iPhone 13 Pro 256 Go,650,DETECTED,"Vend sur Bastia IPhone 13 Pro 256 Go couleur or, débloqué tout opérateur, avec sa boîte dorigine et facture  acheté chez Orange le 28/05/22 pour 1279 euros, avec coque MagSafe transparente.  Prix non négociable. Me contacter par message uniquement si intéressé.","Porto-Vecchio, COR",2011.0,0,2,2,1,5,2,0,similar,underpriced,older-profile,borderline,acceptable,case_study_sample,750,0.8666666666666667,0,0,0
1596,iphone 14 pro disponible avec moi ! 128GB/ 256GB,650,DETECTED,Bonjour écrivez moi si vous êtes intéressé!! mercii,"Marseille, PAC",2023.0,0,1,2,2,5,2,0,unique,underpriced,intermediate-or-missing,borderline,acceptable,case_study_sample,850,0.7647058823529411,0,0,0
1597,iPhone 14 Pro,650,NEGATIVE," vendre avec boîte et accessoires, plus dinformations en mp. Pas denvoi","Lille, HDF",2023.0,0,2,2,2,0,3,0,similar,underpriced,intermediate-or-missing,legitimate,acceptable,case_study_sample,850,0.7647058823529411,1,0,1
1598,iPhone 14 Pro,650,NEGATIVE,"A vendre avec boîte et accessoires, plus dinformations en mp.  Pas denvoi","Bordeaux, NAQ",2023.0,0,2,2,2,0,3,0,similar,underpriced,intermediate-or-missing,legitimate,acceptable,case_study_sample,850,0.7647058823529411,1,0,1
1599,iPhone 14 plus,650,DETECTED,Je vend mon iPhone 14 plus avec 95% de batterie. Vendu avec ça boîte et son chargeur,"Dijon, BFC",2013.0,0,2,2,1,5,2,0,similar,underpriced,older-profile,borderline,acceptable,case_study_sample,850,0.7647058823529411,0,0,0
1600,iPhone 14 Pro,650,DETECTED,Bonjour !   Je vend mon iPhone en Excellent état à partir de  il est débloquer pour tout opérateurs & débloquer iCloud  Batterie en très bon état entre 85 % et 100 % .Fournis avec garantie et accessoires. ( pas denvoi )  Je réponds uniquement par message Pas sérieux sabstenir car le prix est NON NGOCIABLE et PAS DCHANGE,"Marseille, PAC",2024.0,0,2,2,3,7,2,1,similar,underpriced,new-profile,marked,unfavorable,case_study_sample,850,0.7647058823529411,0,0,0
1601,iPhone 14 pro blanc,650,DETECTED,"Bonjour, je vend un iPhone 14 Pro avec accessoires (coque, verre de protection, chargeur et boîte), garantie et facture si vous êtes intéressé nhésitez pas à me contacter en privé.","Lille, HDF",2024.0,0,2,2,3,7,2,1,similar,underpriced,new-profile,marked,unfavorable,case_study_sample,850,0.7647058823529411,0,0,0
1602,Iphone 15 bleu,650,DETECTED,Vends iPhone 15 bleu en parfait état vendu dans sa boîte dorigine et ses accessoires prix 650 à débattre,"Le Plessis-Trévise, IDF",2011.0,0,2,2,1,5,2,0,similar,underpriced,older-profile,borderline,acceptable,case_study_sample,1200,0.5416666666666666,0,0,0
1603,iPhone 14 Pro (LILLE),650,NEGATIVE," vendre avec boîte et accessoires, plus dinformations en mp. Pas denvoi","Lille, HDF",2023.0,0,2,2,2,0,3,0,similar,underpriced,intermediate-or-missing,legitimate,acceptable,case_study_sample,850,0.7647058823529411,1,0,1
1604,Iphone 15,650,DETECTED,Encore neuf très peu utilisé  Vendu avec la coque en silicone et tous les accessoires Prix fixe  Nb : pas d'envoi remise en main propre,"Lons-le-Saunier, BFC",2021.0,0,2,2,1,5,2,0,similar,underpriced,older-profile,borderline,acceptable,case_study_sample,1200,0.5416666666666666,0,0,0
1605,iPhone 14 pro,650,DETECTED,"Bonjour Je vends cet IPHONE 14 pro avec accessoires neufs (chargeur, boîte, verre de protection, coque) et facture Disponible à partir de 650 Envoyé moi un message privé pour plus d'informations","Lille, HDF",2024.0,0,2,2,3,7,2,1,similar,underpriced,new-profile,marked,unfavorable,case_study_sample,850,0.7647058823529411,0,0,0
1606,iPhone 14 Pro,650,DETECTED,Je vend cet iPhone avec facture boîte et accessoires neuf   Pour plus dinformations nhésitez pas à me contacter en privé,"Marseille, PAC",2023.0,0,2,2,2,6,2,1,similar,underpriced,intermediate-or-missing,marked,unfavorable,case_study_sample,850,0.7647058823529411,0,0,0
1607,iPhone 14 Pro,650,NEGATIVE," vendre avec boîte et accessoires, plus dinformations en mp. Pas denvoi","Paris, IDF",2023.0,0,2,2,2,0,3,0,similar,underpriced,intermediate-or-missing,legitimate,acceptable,case_study_sample,850,0.7647058823529411,1,0,1
1608,iPhone 14 plus 128GB,650,DETECTED,Je vends iphone 14 plus 128 neuf jamais servi tout opérateur,"Paris, IDF",2010.0,0,2,2,1,5,2,0,similar,underpriced,older-profile,borderline,acceptable,case_study_sample,850,0.7647058823529411,0,0,0
1609,iPhone 13 Pro Max,650,DETECTED,Bonjour on vends cet iPhone 13 Pro Max disponible en différents coloris avec accessoires et facture garantie donc nhésitez pas à me contacter pour plus dinformations.,"Marseille, PAC",2024.0,0,2,2,3,7,2,1,similar,underpriced,new-profile,marked,unfavorable,case_study_sample,750,0.8666666666666667,0,0,0
1610,iPhone 14 Pro (MARSEILLE),650,NEGATIVE," vendre avec boîte et accessoires, plus dinformations en mp. Pas denvoi","Marseille, PAC",2022.0,0,2,2,1,0,3,0,similar,underpriced,older-profile,legitimate,acceptable,case_study_sample,850,0.7647058823529411,1,0,1
1611,IPHONE 15 PRO MAX,650,DETECTED,Vend iphone 15 pro max en très bon état aucune rayure ni fissure . Vendu avec coque boîte et facture  Batterie 98%,"Montluçon, ARA",2021.0,0,2,2,1,5,2,0,similar,underpriced,older-profile,borderline,acceptable,case_study_sample,1200,0.5416666666666666,0,0,0
1612,iPhone 14 pro,650,DETECTED,Bonjour vend iPhone 14 pro en très bonne état 256 gb la batterie est à 88%. Oui échange pour Samsung galaxy s24 ultra,"Saint-Claude, BFC",2009.0,0,2,2,1,5,2,0,similar,underpriced,older-profile,borderline,acceptable,case_study_sample,850,0.7647058823529411,0,0,0
1613,iPhone 13 Pro Max,650,DETECTED,A vendre iPhone 13 Pro Max aucune rayures batterie neuve mémoire 512 650 euros,"Clermont-l'Hérault, OCC",2008.0,0,2,2,1,5,2,0,similar,underpriced,older-profile,borderline,acceptable,case_study_sample,750,0.8666666666666667,0,0,0
1614,iPhone 15 plus,650,DETECTED,"Vend iPhone 15 plus 128 gigas , couleur noir  Boite dorigine, câble dalimentation, facture","Chalon-sur-Sane, BFC",2022.0,0,2,2,1,5,2,0,similar,underpriced,older-profile,borderline,acceptable,case_study_sample,1200,0.5416666666666666,0,0,0
1615,iPhone 14 plus 128 go,650,DETECTED,Je vend iPhone 14 plus acheter neuf avec garanti deux ya 1moi prix négociable,"Longeville-lès-Saint-Avold, GES",2024.0,0,2,2,3,7,2,1,similar,underpriced,new-profile,marked,unfavorable,case_study_sample,850,0.7647058823529411,0,0,0
1616,iPhone 15,650,DETECTED,Bonjour je vend mon iPhone 15 fonctionne parfaitement minime fissure et quelque petit péte sur les coins. Aucune défaillance technique.  Cordialement.  Steven,"Bordeaux, NAQ",2012.0,0,2,2,1,5,2,0,similar,underpriced,older-profile,borderline,acceptable,case_study_sample,1200,0.5416666666666666,0,0,0
1617,iPhone 14,650,DETECTED,Très bon état couleur mauve toujours protégé verre trempé et coque 128GB,"Gisors, NOR",2010.0,0,2,2,1,5,2,0,similar,underpriced,older-profile,borderline,acceptable,case_study_sample,850,0.7647058823529411,0,0,0
1618,iPhone 13 Pro Max bleu alpin,650,DETECTED,"Vend iPhone 13 Pro Max couleur bleu alpin très bon état, état batterie 89% vendu avec sa boîte dorigine écouteur jamais déballer facture achat à lappuie. Remise en MAIN PROPRE uniquement et PAIEMENT ESPCES AUCUN ENVOI","Toulouse, OCC",2009.0,0,2,2,1,5,2,0,similar,underpriced,older-profile,borderline,acceptable,case_study_sample,750,0.8666666666666667,0,0,0
1619,iPhone 14 pro,650,DETECTED,"Bonjour Je vends cet IPHONE 14 pro avec accessoires neufs (chargeur, boîte, verre de protection, coque) et facture Disponible à partir de 650 Envoyé moi un message privé pour plus d'informations","Lille, HDF",2024.0,0,2,2,3,7,2,1,similar,underpriced,new-profile,marked,unfavorable,case_study_sample,850,0.7647058823529411,0,0,0
1620,iPhone 15 noir,650,DETECTED,iPhone 15 tout neuf! utiliser 2mois a peine! aucune rayures ou aucun impacte état irréprochable batterie a 100% Avec facture et bien sur il est garantît,"Marolles-en-Hurepoix, IDF",2008.0,0,2,2,1,5,2,0,similar,underpriced,older-profile,borderline,acceptable,case_study_sample,1200,0.5416666666666666,0,0,0
1621,iPhone 14 Pro,650,NEGATIVE," vendre avec boîte et accessoires, plus dinformations en mp. Pas denvoi","Marseille, PAC",2023.0,0,2,2,2,0,3,0,similar,underpriced,intermediate-or-missing,legitimate,acceptable,case_study_sample,850,0.7647058823529411,1,0,1
1622,iPhone 13,650,DETECTED,"Bonjour, je vend mon iPhone 13 128gb couleur noir sous lemballage pas encore ouvert, pas de facture.","Les Pavillons-sous-Bois, IDF",2020.0,0,2,2,1,5,2,0,similar,underpriced,older-profile,borderline,acceptable,case_study_sample,750,0.8666666666666667,0,0,0
1623,iPhone 15 pro Max,650,DETECTED,Je vend mon iPhone 15 pro max neuf sous blister jamais utilisé fourni avec facture dachat et garantie a venir récupérer sur place  Prix négociable,"Lieusaint, IDF",2024.0,0,2,2,3,7,2,1,similar,underpriced,new-profile,marked,unfavorable,case_study_sample,1200,0.5416666666666666,0,0,0
1624,iPhone 14 Pro,650,NEGATIVE," vendre avec boîte et accessoires, plus dinformations en mp. Pas denvoi","Paris, IDF",2024.0,0,2,2,3,0,3,0,similar,underpriced,new-profile,legitimate,acceptable,case_study_sample,850,0.7647058823529411,1,0,1
1625,iPhone 14 pro,650,DETECTED,"IPHONE 14 pro vendu avec accessoires neufs (chargeur, boîte, verre de protection, coque) et facture Disponible à partir de 650 Envoyez moi un message privé pour plus d'informations","Lille, HDF",2024.0,0,2,2,3,7,2,1,similar,underpriced,new-profile,marked,unfavorable,case_study_sample,850,0.7647058823529411,0,0,0
1626,Iphone 14 Pro,650,DETECTED,"Bonjour, iPhone 14 Pro....128 go Vendu avec accessoires et factures  A venir chercher sur Lille Pas d'envoi  Merci de me contacter pour plus d'informations en privé","Lille, HDF",2024.0,0,2,2,3,7,2,1,similar,underpriced,new-profile,marked,unfavorable,case_study_sample,850,0.7647058823529411,0,0,0
1627,iPhone 14 Pro Max - 128 Go,650,DETECTED,"Je mets en vente mon iPhone en parfait état de fonctionnement, 100% dorigine . Si vous êtes intéressé(e), n'hésitez pas à me contacter en privé, je réponds rapidement.","Argenteuil, IDF",2024.0,0,2,2,3,7,2,1,similar,underpriced,new-profile,marked,unfavorable,case_study_sample,850,0.7647058823529411,0,0,0
1628,Iphone 14 Pro,650,DETECTED,"Bonjour, iPhone 14 Pro....128 go Vendu avec accessoires et factures  A venir chercher sur Lille Pas d'envoi  Merci de me contacter pour plus d'informations en privé","Lille, HDF",2024.0,0,2,2,3,7,2,1,similar,underpriced,new-profile,marked,unfavorable,case_study_sample,850,0.7647058823529411,0,0,0
1629,Iphone 15 avec garanti,650,DETECTED,Bonjour je vend mon iPhone 15 avec garanti jusqu'à octobre le telephone fonctionne parfaitement bien les fissures derniers rien du tout,"Hellimer, GES",2017.0,0,2,2,1,5,2,0,similar,underpriced,older-profile,borderline,acceptable,case_study_sample,1200,0.5416666666666666,0,0,0
1630,Iphone 14 pro max violet très bonne état,650,DETECTED,Très bonne état,"Cruseilles, ARA",2020.0,0,2,2,1,5,2,0,similar,underpriced,older-profile,borderline,acceptable,case_study_sample,850,0.7647058823529411,0,0,0
1631,iPhone 13 Pro Max 128go,650,DETECTED, vendre iPhone 13 Pro Max  Parfait état toujours protégé par coque et écran de protection. Aucun coin abîmé.,"Biguglia, COR",2008.0,0,2,2,1,5,2,0,similar,underpriced,older-profile,borderline,acceptable,case_study_sample,750,0.8666666666666667,0,0,0
1632,iPhone 14 Plus violet,650,DETECTED,Bonjour je met en vente un iPhone 14 Plus  encore dans sa boîte NGOCIABLE dans la limite du raisonnable remise en main propre,"Bois-d'Arcy, IDF",2009.0,0,2,2,1,5,2,0,similar,underpriced,older-profile,borderline,acceptable,case_study_sample,850,0.7647058823529411,0,0,0
1633,IPHONE 15 NEUF Facture et accessoires d'origine,650,DETECTED,"Bonjour Je vends un iphone 15 neuf couleur noir,  Fourni avec une coque de protection Neuf,  Boite et câble original.  Facture a l'appui.","Tours, CVL",2015.0,0,2,2,1,5,2,0,similar,underpriced,older-profile,borderline,acceptable,case_study_sample,1200,0.5416666666666666,0,0,0
1634,iPhone 13 Pro Max,650,DETECTED,iPhone 13 Pro Max neuf avec sa coque de protection.,"Orange, PAC",2023.0,0,2,2,2,6,2,1,similar,underpriced,intermediate-or-missing,marked,unfavorable,case_study_sample,750,0.8666666666666667,0,0,0
1635,V/E iPhone 14+,650,DETECTED,"Je vends ou échange mon iPhone 14+ contre un iPhone de plus petite taille, avec rajout ou pas selon modèle. Il est en parfait état de marche pas une rayure. Je lai toujours utilisé avec protection. Je dispose de la boîte","Chauny, HDF",2017.0,0,2,2,1,5,2,0,similar,underpriced,older-profile,borderline,acceptable,case_study_sample,850,0.7647058823529411,0,0,0
1636,iPhone 15 noir 128 GO,650,DETECTED,iPhone 15 encore sous garanti appel jusquà 02/2025 120 go protection sur lécran fonctionne parfaitement.   Me contacter pour plus dinformations,"Buxerolles, NAQ",2015.0,0,2,2,1,5,2,0,similar,underpriced,older-profile,borderline,acceptable,case_study_sample,1200,0.5416666666666666,0,0,0
1637,Vend iPhone 15,650,DETECTED,Vend iPhone 15 super état à venir chercher sur place non négociable,"Colmar, GES",2022.0,0,2,2,1,5,2,0,similar,underpriced,older-profile,borderline,acceptable,case_study_sample,1200,0.5416666666666666,0,0,0
1638,iPhone 15 Plus,1100,DETECTED,"iPhone acheté le 19/07/2024 , iPhone blanc , 256GB","Wavre, WAL",,1,1,1,2,4,2,0,unique,market-consistent,intermediate-or-missing,borderline,acceptable,case_study_sample,1200,0.9166666666666666,0,0,0
1639,Apple iPhone 14 Pro Max flambant neuf,1100,DETECTED,"Apple iPhone 14 Pro Max flambant neuf  Processeur : Hexa Core Connectivité : 5G, Bluetooth, Wi-Fi, Lightning, NFC Taille de l'écran : 6,7 pouces Chipset : Apple A16 Bionic (4 nm) Système d'exploitation : iOS tat de verrouillage : Déverrouillé Capacité de stockage : 256 Go Résolution de l'appareil photo : 48 MP Batterie : Li-Ion 4323 mAh (charge rapide) Livré avec une garantie Protection : Ceramic Shield Glass  Prix : 1100 ","Marseille, PAC",,1,2,1,2,5,2,0,similar,market-consistent,intermediate-or-missing,borderline,acceptable,case_study_sample,850,1.2941176470588236,0,0,0
1640,iPhone 15 pro max,1100,DETECTED,A vendre iPhone 15 pro max 256g bleu titane  Utilisé - 10 jrs facture à lappui avec chargeur  0762624443  Pas denvoi disponible sur Amiens centre,"Amiens, HDF",,1,2,1,2,5,2,0,similar,market-consistent,intermediate-or-missing,borderline,acceptable,case_study_sample,1200,0.9166666666666666,0,0,0
1641,Apple iPhone 14 Pro Max flambant neuf,1100,DETECTED,"Apple iPhone 14 Pro Max flambant neuf  Processeur : Hexa Core Connectivité : 5G, Bluetooth, Wi-Fi, Lightning, NFC Taille de l'écran : 6,7 pouces Chipset : Apple A16 Bionic (4 nm) Système d'exploitation : iOS tat de verrouillage : Déverrouillé Capacité de stockage : 256 Go Résolution de l'appareil photo : 48 MP Batterie : Li-Ion 4323 mAh (charge rapide) Livré avec une garantie Protection : Ceramic Shield Glass  Prix : 1100 ","Paris, IDF",,1,2,1,2,5,2,0,similar,market-consistent,intermediate-or-missing,borderline,acceptable,case_study_sample,850,1.2941176470588236,0,0,0
1642,iPhone 15 pro Max bleu titane 1to ( 1000 gigas ),1100,DETECTED,"Bonjour je vend mon iPhone 15 pro Max bleu titane 1to , le téléphone est en excellent état , il est encore garantie jusquen octobre 2025 , facture à lappui bien sr , son prix dachat étais de 2000 en octobre 2023 , il es vendu avec sa boîte , tous ses accessoires , une coque et un verre trempé . Prix 1100 . Remise en main propre uniquement .","Antony, IDF",2013.0,0,2,1,1,4,2,0,similar,market-consistent,older-profile,borderline,acceptable,case_study_sample,1200,0.9166666666666666,0,0,0
1643,Apple iPhone 14 Pro Max flambant neuf,1100,DETECTED,"Apple iPhone 14 Pro Max flambant neuf  Processeur : Hexa Core Connectivité : 5G, Bluetooth, Wi-Fi, Lightning, NFC Taille de l'écran : 6,7 pouces Chipset : Apple A16 Bionic (4 nm) Système d'exploitation : iOS tat de verrouillage : Déverrouillé Capacité de stockage : 256 Go Résolution de l'appareil photo : 48 MP Batterie : Li-Ion 4323 mAh (charge rapide) Livré avec une garantie Protection : Ceramic Shield Glass","Paris, IDF",2017.0,0,2,1,1,4,2,0,similar,market-consistent,older-profile,borderline,acceptable,case_study_sample,850,1.2941176470588236,0,0,0
1644,iPhone 14 Pro Max,1100,DETECTED,"Apple iPhone 14 Pro Max flambant neuf  Processeur : Hexa Core Connectivité : 5G, Bluetooth, Wi-Fi, Lightning, NFC Taille de l'écran : 6,7 pouces Chipset : Apple A16 Bionic (4 nm) Système d'exploitation : iOS tat de verrouillage : Déverrouillé Capacité de stockage : 256 Go Résolution de l'appareil photo : 48 MP Batterie : Li-Ion 4323 mAh (charge rapide) Livré avec une garantie Protection : Ceramic Shield Glass  Prix : 1100 ","Bordeaux, NAQ",2024.0,0,2,1,3,6,2,1,similar,market-consistent,new-profile,marked,unfavorable,case_study_sample,850,1.2941176470588236,0,0,0
1645,Apple iPhone 14 Pro Max flambant neuf,1100,DETECTED,"Processeur : Hexa Core Connectivité : 5G, Bluetooth, Wi-Fi, Lightning, NFC Taille de l'écran : 6,7 pouces Chipset : Apple A16 Bionic (4 nm) Système d'exploitation : iOS tat de verrouillage : Déverrouillé Capacité de stockage : 256 Go Résolution de l'appareil photo : 48 MP Batterie : Li-Ion 4323 mAh (charge rapide) Livré avec une garantie Protection : Ceramic Shield Glass","Strasbourg, GES",2020.0,0,2,1,1,4,2,0,similar,market-consistent,older-profile,borderline,acceptable,case_study_sample,850,1.2941176470588236,0,0,0
1646,IPhone 14 pro max,1100,DETECTED,"Apple iPhone 14 Pro Max flambant neuf  Processeur : Hexa Core Connectivité : 5G, Bluetooth, Wi-Fi, Lightning, NFC Taille de l'écran : 6,7 pouces Chipset : Apple A16 Bionic (4 nm) Système d'exploitation : iOS tat de verrouillage : Déverrouillé Capacité de stockage : 256 Go Résolution de l'appareil photo : 48 MP Batterie : Li-Ion 4323 mAh (charge rapide) Livré avec une garantie Protection : Ceramic Shield Glass  Prix : 1100 ","Marseille, PAC",2024.0,0,2,1,3,6,2,1,similar,market-consistent,new-profile,marked,unfavorable,case_study_sample,850,1.2941176470588236,0,0,0
1647,iPhone 15 Pro Max 256go Titane Noir,1100,DETECTED,"Téléphone dans un état irréprochable, je suis soigneux il a toujours été protégé par une coque et une protection décran  Je respecte les temps de chargement pour préserver la batterie  Facture dachat chez Apple acheté il y a moins dun an, encore couvert par la garantie  Vendu avec son chargeur complet et une protection pour lécran supplémentaire   PAS DECHANGE","Fréjus, PAC",2013.0,0,2,1,1,4,2,0,similar,market-consistent,older-profile,borderline,acceptable,case_study_sample,1200,0.9166666666666666,0,0,0
1648,Iphone 15 pro 128go,1100,DETECTED,Chaussures,"Le Blanc-Mesnil, IDF",2023.0,0,1,1,2,4,2,0,unique,market-consistent,intermediate-or-missing,borderline,acceptable,case_study_sample,1200,0.9166666666666666,0,0,0
1649,iPhone 15 Pro Max - Titane naturel - 256Go,1100,DETECTED,"Je vends mon iPhone 15 Pro Max 256Go couleur Titane Naturel. Il est en état irréprochable, aucune trace ni rayure, toujours protégé par une coque + verre trempé. Etat de la batterie à 100%. Acheté en Juillet 2024, je le vends pour passer sur un S24 Ultra, l'écosystème Apple n'est pas fait pour moi.  Vendu avec facture de garantie Orange (acheté comptant en boutique), boite d'origine et cable d'origine.  Remise en mains propres uniquement.","L'Isle-sur-la-Sorgue, PAC",2010.0,0,2,1,1,4,2,0,similar,market-consistent,older-profile,borderline,acceptable,case_study_sample,1200,0.9166666666666666,0,0,0
1650,iPhone 15 pro Max,1100,DETECTED,change iPhone 15 pro Max contre z fold 6 étudie toute proposition,"Tomblaine, GES",2019.0,0,2,1,1,4,2,0,similar,market-consistent,older-profile,borderline,acceptable,case_study_sample,1200,0.9166666666666666,0,0,0
1651,Iphone 15 Pro Max eSIM NEUF,1100,DETECTED,"Bonjour, Je veux un Iphone 15 pro max blanc toujours dans sa boîte d'emballage. Lieu d'échange : Apple store Velizy ou la défense pour vérifier l'authenticité du téléphone. Si paiement en espèces, passage dans une agence bancaire pour dépt des billets. Merci","Boulogne-Billancourt, IDF",2008.0,0,2,1,1,4,2,0,similar,market-consistent,older-profile,borderline,acceptable,case_study_sample,1200,0.9166666666666666,0,0,0
1652,iPhone 15 pro max,1100,DETECTED,"Livré avec la boîte et le câble de chargement d'origine et un étui Magsafe  je le vente en raison de la mise à niveau vers l'iPhone 16 pro max à la date de sortie  L'état de la batterie est de 99%  Veuillez lire ce qui suit  JE PRENDS DES PHOTOS DES NUMROS IMEI ET DES NUMROS DE SRIE ET SIGNALE TOUTE FRAUDE  ACTION FRAUD ET AUX AUTORITS LOCALES  Mode de paiement, PAYPAL SCURIS","Paris, IDF",2024.0,0,2,1,3,6,2,1,similar,market-consistent,new-profile,marked,unfavorable,case_study_sample,1200,0.9166666666666666,0,0,0
1653,iPhone 15 plus,1100,DETECTED,"version black, 128 giga. Acheté en juin 2024 à SFR, facture dachat encore sous garantie. Je le revends car jai acheté le 15 pro max","Remiremont, GES",2016.0,0,2,1,1,4,2,0,similar,market-consistent,older-profile,borderline,acceptable,case_study_sample,1200,0.9166666666666666,0,0,0
1654,Echange contre un iphone 15 pro max,1100,DETECTED,change contre iphone 15 pro max ou équivalent si non il est a vendre   olympus om-d e-m10 iv tat impeccable servi 3 fois Je le vend avec : Sont sac de rangement  Une carte mémoire Sont chargeur  Une garantie  Un objectif olympus 12-40mm 1:2.8 pro état neuf Boîtier om-d e-m10 iv état neuf aucune rayure fonctionne correctement  A venir chercher sur place Je ne fait pas denvoi !,"pinal, GES",2024.0,0,2,1,3,6,2,1,similar,market-consistent,new-profile,marked,unfavorable,case_study_sample,1200,0.9166666666666666,0,0,0
1655,iphone  15 Pro neuf Facture Garantie plus Apple Care remise en main propre,1100,DETECTED,iPhone  15 Pro Blanc 128G Neuf Facture Garantie plus Apple Care remise en main propre via Montpellier,"Montpellier, OCC",2021.0,0,2,1,1,4,2,0,similar,market-consistent,older-profile,borderline,acceptable,case_study_sample,400,2.75,0,0,0
1656,Iphone 15 Pro Max eSIM NEUF,1100,DETECTED,"Bonjour, Je veux un Iphone 15 pro max blanc toujours dans sa boîte d'emballage. Lieu d'échange : Apple store Velizy ou la défense pour vérifier l'authenticité du téléphone. Si paiement en espèces, passage dans une agence bancaire pour dépt des billets. Merci","Boulogne-Billancourt, IDF",2008.0,0,2,1,1,4,2,0,similar,market-consistent,older-profile,borderline,acceptable,case_study_sample,1200,0.9166666666666666,0,0,0
1657,iPhone 15 pro Max,1100,DETECTED," vendre iPhone 15 pro Max Bleu titane, 256 gigas.  Toujours protégé avec une coque et un verre trempé, aucune rayure. Vendu avec son chargeur, boîte et la facture dachat (oct 2023) Encore garanti jusquau 13 octobre 2024.","Nîmes, OCC",2009.0,0,2,1,1,4,2,0,similar,market-consistent,older-profile,borderline,acceptable,case_study_sample,1200,0.9166666666666666,0,0,0
1658,Iphone 15 pro 256g noir,1100,DETECTED,Vend IPhone 15 pro 5G 256gb  acheter neuf le 08/07/2024 facture à lappuie avec garantie amazon  Comme neuf utilisé même pas 3 semaine  Toujours protéger par écran de verre et coque translucide avec protection des capteur arrière.   Batterie à 100%,"Seloncourt, BFC",2019.0,0,2,1,1,4,2,0,similar,market-consistent,older-profile,borderline,acceptable,case_study_sample,1200,0.9166666666666666,0,0,0
1659,VEND IPHONE 15 pro max sous blister,1050,DETECTED,"Bonjour,  Je vends mon iPhone 15 pro Max sous blister.  Négociable   REMISE EN MAIN PROPRE","Nancy, GES",2024.0,0,2,2,3,7,2,1,similar,underpriced,new-profile,marked,unfavorable,case_study_sample,1200,0.875,0,0,0
1660,iPhone 15 pro,1050,DETECTED,Utilisé même pas un mois,"Boulogne-Billancourt, IDF",2013.0,0,2,2,1,5,2,0,similar,underpriced,older-profile,borderline,acceptable,case_study_sample,1200,0.875,0,0,0
1661,iPhone 15 pro max 1Tb giga,1050,DETECTED,"Salut, je vends mon iphone 15 pro max d'origine avec cartons et tout ces accessoires d'origine de capacité mémoire 1Tb de giga avec une performance de batterie 100. Sans aucun problèmes ni rayures sur les contours du téléphone ou à l'écran tout marche bien Face Id, truetoune et encore sous garantie. Remise en main si intéressé dm","Champcueil, IDF",2024.0,0,2,2,3,7,2,1,similar,underpriced,new-profile,marked,unfavorable,case_study_sample,1200,0.875,0,0,0
1662,iphone 15 pro max,1050,DETECTED,"bonjour je met en vente mon iphone 15 pro max 256 gb bleu titane, acheté le 25 juin, garantie apple care+ jusquau 16/08/2025. Il est en parfait état, prix légèrement négociable.  Vendu avec boîtier et câble de charge. remise en main propre seulement.  Pour les photos ou autre renseignements vous pouvez me contacter par message privé. Cordialement.",Est déverrouillé (O/N),2015.0,0,2,2,1,5,2,0,similar,underpriced,older-profile,borderline,acceptable,case_study_sample,1200,0.875,0,0,0
1663,Iphone 14 pro max,1050,DETECTED," vendre, iPhone 14 Pro max. tat comme neuf, avec sa boîte dorigine et facture à lappui.  Pas d'envoi, remise en main propre uniquement.",Couleur,2014.0,0,2,1,1,4,2,0,similar,market-consistent,older-profile,borderline,acceptable,case_study_sample,850,1.2352941176470589,0,0,0
1664,Iphone 15 PRO 256GB,1050,DETECTED,Iphone 15 PRO 256GB Titane Noir  Achetée le 24 Juillet 2024  Vendu avec la boîte original et ses accessoires,"Le Luc, PAC",2017.0,0,2,2,1,5,2,0,similar,underpriced,older-profile,borderline,acceptable,case_study_sample,1200,0.875,0,0,0
1665,iPhone 15 pro Max,1050,DETECTED,Je vend mon iPhone iPhone 15 pro Max acheter en décembre garantie 2 ans aucune rayure pas de pete avec chargeur écouteur coque,"Nevers, BFC",2019.0,0,2,2,1,5,2,0,similar,underpriced,older-profile,borderline,acceptable,case_study_sample,1200,0.875,0,0,0
1666,iPhone 15 pro Max,1050,DETECTED,Bonjour je vend mon iPhone 15 pro Max 256 giga gris irréprochable batterie 100% Remise en main propre  Pas denvoi,"Fréjus, PAC",2012.0,0,2,2,1,5,2,0,similar,underpriced,older-profile,borderline,acceptable,case_study_sample,1200,0.875,0,0,0
1667,Iphone 15 pro 256,1050,DETECTED,"Bonjour Je vends  iPhone 15 Pro 256 Go neuf, jamais utilisé, acheté en Italie avec la facture  Apple 09 08 24. Je le vends car je suis habitué à Samsung. Livré en main propre. tél hidden information Paolo",Couleur,2010.0,0,2,2,1,5,2,0,similar,underpriced,older-profile,borderline,acceptable,case_study_sample,1200,0.875,0,0,0
1668,iPhone 15 pro max,1050,DETECTED,"Bonjour, je vend mon iPhone 15 pro max, il est neuf vendu avec coque et protège écran.","Clermont-Ferrand, ARA",2018.0,0,2,2,1,5,2,0,similar,underpriced,older-profile,borderline,acceptable,case_study_sample,1200,0.875,0,0,0
1669,Iphone 15 PRO 256GB,1050,DETECTED,Iphone 15 PRO 256GB Titane Noir  Achetée le 24 Juillet 2024  Vendu avec la boîte original et ses accessoires,"Le Luc, PAC",2017.0,0,2,2,1,5,2,0,similar,underpriced,older-profile,borderline,acceptable,case_study_sample,1200,0.875,0,0,0
1670,iPhone 15 pro noir titane neuf cellé,1030,DETECTED,Bonjour je vend iPhone 15 pro 128GO noir titane jamais utilisé toujours dans la boîte jamais ouverte   main propre seulement   venir récupérer dans mon domicile ou mon lieu de travail.,"Lille, HDF",2011.0,0,2,2,1,5,2,0,similar,underpriced,older-profile,borderline,acceptable,case_study_sample,1200,0.8583333333333333,0,0,0
1671,iPhone 15 pro Max bleu 256 GB,1000,DETECTED,Bonsoir  je vends un iPhone 15 pro Max 256 GB en très bonne état . Il a été protégé depuis le début par une coque et un film décran. Remise en main propre. Boîte et facture disponible. Bonne soirée à tous .,"Châtenay-Malabry, IDF",2008.0,0,2,2,1,5,2,0,similar,underpriced,older-profile,borderline,acceptable,case_study_sample,1200,0.8333333333333334,0,0,0
1672,iPhone 15 pro Max bleu 256 GB,1000,DETECTED,iPhone 15 pro Max bleu 256 GB très bonne état coque et film décran depuis le début .,"Châtenay-Malabry, IDF",2008.0,0,2,2,1,5,2,0,similar,underpriced,older-profile,borderline,acceptable,case_study_sample,1200,0.8333333333333334,0,0,0
1673,iPhone 15 Pro,1000,DETECTED,"iPhone 15 Pro 128GB en état comme neuf.  Localisé à Cruas  Protégé avec des coques pour caméra, écran et  Coque de protection Rhinoshield depuis le premier jour.  Boîte d'origine incluse avec câble de charge jamais utilisé.  Batterie à 94% de capacité.  Facture disponible.  Vente en main propre uniquement. Excellent état et prêt à l'emploi !","Cruas, ARA",2012.0,0,2,2,1,5,2,0,similar,underpriced,older-profile,borderline,acceptable,case_study_sample,1200,0.8333333333333334,0,0,0
1674,Iphone 15 pro max neuf batterie a 100% avec facture,1000,DETECTED,Bonjour je mets en vente mon iPhone 15 pro max neuf état de batterie 100% encore sous garantie uniquement en livraison car j'ai déjà était agressé lors d'un précédent vente en main propre donc uniquement en livraison cordialement je suis disponible tout les jours n'hésitez pas très bonne journée à vous,"Lille, HDF",2024.0,0,2,2,3,7,2,1,similar,underpriced,new-profile,marked,unfavorable,case_study_sample,1200,0.8333333333333334,0,0,0
1675,iPhone 15 pro Max 256go Silver,1000,DETECTED,Vend iphone 15 pro Max silver 256go comme neuf acheter en janvier avec coque et protection écran  1000e ferme   Pas déchange pas denvois,"Sarreguemines, GES",2009.0,0,2,2,1,5,2,0,similar,underpriced,older-profile,borderline,acceptable,case_study_sample,1200,0.8333333333333334,0,0,0
1676,iPhone 15 pro Max,1000,DETECTED,Accessoires et facture pour plus de renseignement vous pouvez menvoyer un message,"Paris, IDF",2023.0,0,3,2,2,7,2,1,duplicated,underpriced,intermediate-or-missing,marked,unfavorable,case_study_sample,1200,0.8333333333333334,0,0,0
1677,iPhone 15 pro max,1000,DETECTED,Je vend mon iPhone 15 pro max Black titanium 1 to go. Acheter pour ma petit copine sauf quon nest plus ensemble acheter à mb shop facture sous blister jamais ouvert. Pas de livraison par peur de me le faire voler ou quoi venir récupérer sur place devant un commissariat.,Couleur,2024.0,0,1,2,3,6,2,1,unique,underpriced,new-profile,marked,unfavorable,case_study_sample,1200,0.8333333333333334,0,0,0
1678,iPhone 15 Pro Max pas cher !,1000,DETECTED,"iPhone 15 Pro Max a vendre  Avec accessoire neufs, facture et boîte  Nhésiter pas à me contacter.","Paris, IDF",2024.0,0,2,2,3,7,2,1,similar,underpriced,new-profile,marked,unfavorable,case_study_sample,1200,0.8333333333333334,0,0,0
1679,iPhone 15 pro Max ,1000,DETECTED,Accessoire  Garentie/facture  Plus dinfo en mp hésitez pas,"Nanterre, IDF",2024.0,0,2,2,3,7,2,1,similar,underpriced,new-profile,marked,unfavorable,case_study_sample,1200,0.8333333333333334,0,0,0
1680,iPhone 15 Pro Max,1000,DETECTED,Accessoire  Facture/garentie ,"Ivry-sur-Seine, IDF",2024.0,0,1,2,3,6,2,1,unique,underpriced,new-profile,marked,unfavorable,case_study_sample,1200,0.8333333333333334,0,0,0
1681,iPhone 15 pro Max,1000,DETECTED,iPhone 15 pro Max gris avec facture  Paris  Contactez moi si vous êtes intéressés,"Paris, IDF",2021.0,0,2,2,1,5,2,0,similar,underpriced,older-profile,borderline,acceptable,case_study_sample,1200,0.8333333333333334,0,0,0
1682,iPhone 15 pro Max avec accessoires ,1000,DETECTED,Bonjour je vend cette iPhone 15 Pro Max pour plus dinfo nhésitez pas à me contacter,"Marseille, PAC",2024.0,0,2,2,3,7,2,1,similar,underpriced,new-profile,marked,unfavorable,case_study_sample,1200,0.8333333333333334,0,0,0
1683,iPhone 15 pro Max,1000,DETECTED," vendre IPhone 15 pro Max bleu titane en parfait état ! encore sous garantie boîte facture,vend cause acquisition cadeaux dun nouveau téléphone à récupérer sur place pas denvoi les curieux  jai pas le temps ","Avignon, PAC",2024.0,0,2,2,3,7,2,1,similar,underpriced,new-profile,marked,unfavorable,case_study_sample,1200,0.8333333333333334,0,0,0
1684,iPhone 15 pro Max 1to,1000,DETECTED,Je vend mon smartphone (iPhone 15 pro max ) noir titane 1to de stockage tout neuf boîte fermé le prix est difficilement négociable car tout neuf mais cependant je suis ouvert au propositions je ne vend quen main propre merci bien pour la facture ou plus dinformation merci de me contacter,"Paris, IDF",2024.0,0,2,2,3,7,2,1,similar,underpriced,new-profile,marked,unfavorable,case_study_sample,1200,0.8333333333333334,0,0,0
1685,iPhone 15 Pro Max,1000,DETECTED,"iPhone 15 Pro Max toujours sous garantie Apple. iPhone neuf, sans rayure ni pet, batterie neuve. Jai actuellement de gros problèmes dargent et je suis dans lobligation de vendre ce téléphone rapidement. Le prix est totalement négociable. Aidez moi..",Est déverrouillé (O/N),2018.0,0,2,2,1,5,2,0,similar,underpriced,older-profile,borderline,acceptable,case_study_sample,1200,0.8333333333333334,0,0,0
1686,IPhone 15 pro max,1000,DETECTED,Paiement à la livraison,"Marseille, PAC",2024.0,0,1,2,3,6,2,1,unique,underpriced,new-profile,marked,unfavorable,case_study_sample,1200,0.8333333333333334,0,0,0
1687,Iphone 15 Pro Max,1000,DETECTED,"Bonjour, iPhone 15 Pro Max....128 go Vendu avec accessoires et factures  A venir chercher sur Lille Pas d'envoi  Merci de me contacter pour plus d'informations en privé","Lille, HDF",2024.0,0,2,2,3,7,2,1,similar,underpriced,new-profile,marked,unfavorable,case_study_sample,1200,0.8333333333333334,0,0,0
1688,iPhone 15 Pro Max (MARSEILLE),1000,NEGATIVE," vendre avec boîte et accessoires, plus dinformations en mp. Pas denvoi","Marseille, PAC",2023.0,0,2,2,2,0,3,0,similar,underpriced,intermediate-or-missing,legitimate,acceptable,case_study_sample,1200,0.8333333333333334,1,0,1
1689,iPhone 15 Pro Max,1000,DETECTED," vendre avec boîte et accessoires, plus dinformations en mp. Pas denvoi","Marseille, PAC",2023.0,0,2,2,2,6,2,1,similar,underpriced,intermediate-or-missing,marked,unfavorable,case_study_sample,1200,0.8333333333333334,0,0,0
1690,iphone 15 pro max,1000,DETECTED,"Je propose un iPhone 15 Pro Max en excellent état. Il bénéficie encore de 6 mois de garantie. Vendu avec facture et, neufs et non utilisés.  Pour plus de questions nhésitez pas à me contacter","Paris, IDF",2022.0,0,2,2,1,5,2,0,similar,underpriced,older-profile,borderline,acceptable,case_study_sample,1200,0.8333333333333334,0,0,0
1691,iPhone 15 Pro Max,1000,NEGATIVE," vendre avec boîte et accessoires, plus dinformations en mp. Pas denvoi","Paris, IDF",2024.0,0,2,2,3,0,3,0,similar,underpriced,new-profile,legitimate,acceptable,case_study_sample,1200,0.8333333333333334,1,0,1
1692,change iPhone 15 pro max 256Go contre iPhone 15 pro 256Go,1000,DETECTED,"Bonjour,   Je recherche quelquun qui possède un iPhone 15 pro et qui souhaiterait un iPhone 15 pro max, je propose un échange,  Il est comme neuf et a été acheté neuf chez Apple en fin dannée 2023, il est encore sous garantie.  change uniquement contre iPhone 15 pro","Montbard, BFC",2009.0,0,2,2,1,5,2,0,similar,underpriced,older-profile,borderline,acceptable,case_study_sample,1200,0.8333333333333334,0,0,0
1693,iPhone 15 Pro Max (LILLE),1000,NEGATIVE,"A vendre avec boîte et accessoires, plus dinformations en mp. Pas denvoi","Lille, HDF",2023.0,0,2,2,2,0,3,0,similar,underpriced,intermediate-or-missing,legitimate,acceptable,case_study_sample,1200,0.8333333333333334,1,0,1
1694,iPhone 15 Pro Max,1000,NEGATIVE,"A vendre avec boîte et accessoires, plus dinformations en mp. Pas denvoi","Paris, IDF",2024.0,0,2,2,3,0,3,0,similar,underpriced,new-profile,legitimate,acceptable,case_study_sample,1200,0.8333333333333334,1,0,1
1695,iPhone 15 Pro Max,1000,NEGATIVE," vendre avec boîte et accessoires, plus dinformations en mp. Pas denvoi","Paris, IDF",2023.0,0,2,2,2,0,3,0,similar,underpriced,intermediate-or-missing,legitimate,acceptable,case_study_sample,1200,0.8333333333333334,1,0,1
1696,iPhone 15,1000,DETECTED,Je vend mon iPhone 15 neuf avec boîte état de batterie 96%.,"Audincourt, BFC",2017.0,0,2,2,1,5,2,0,similar,underpriced,older-profile,borderline,acceptable,case_study_sample,1200,0.8333333333333334,0,0,0
1697,iPhone 15 Pro Max,1000,NEGATIVE,"A vendre avec boîte et accessoires, plus dinformations en mp. Pas denvoi","Lille, HDF",2023.0,0,2,2,2,0,3,0,similar,underpriced,intermediate-or-missing,legitimate,acceptable,case_study_sample,1200,0.8333333333333334,1,0,1
1698,Iphone 15 pro,1000,DETECTED,Iphone 15 pro 128 jamais utilisé comme neuf...  Pas PayPal pas envoyer pas la poste m...,"Menton, PAC",2008.0,0,2,2,1,5,2,0,similar,underpriced,older-profile,borderline,acceptable,case_study_sample,1200,0.8333333333333334,0,0,0
1699,iPhone 14 pro max,1000,DETECTED,"Je vends mon iPhone 14 pro max 128 go, acheté l'an dernier 1300 euros factures à l'appui. Toujours protégé avec coque et verre trempé. Vendu avec boîte et chargeur. Possibilité de voir la facture si vous le souhaitez.  Prix négociable dans la limite du raisonnable","Alès, OCC",2009.0,0,2,1,1,4,2,0,similar,market-consistent,older-profile,borderline,acceptable,case_study_sample,850,1.1764705882352942,0,0,0
1700,iPhone 15 pro Max 256 go,1000,DETECTED,"tat parfait , toujours protégé avec une coque ainsi que le film décran , batterie à 100 pour-cent","Lys-lez-Lannoy, HDF",2008.0,0,2,2,1,5,2,0,similar,underpriced,older-profile,borderline,acceptable,case_study_sample,1200,0.8333333333333334,0,0,0
1701,iPhone 15 Pro Titane blanc neuf,1000,DETECTED,Vend iPhone 15 Pro Titane blanc neuf 128Go jamais servie encore sous emballage,Couleur,2013.0,0,2,2,1,5,2,0,similar,underpriced,older-profile,borderline,acceptable,case_study_sample,1200,0.8333333333333334,0,0,0
1702,iPhone 15 Pro Max (MARSEILLE),1000,NEGATIVE," vendre avec boîte et accessoires, plus dinformations en mp. Pas denvoi","Marseille, PAC",2022.0,0,2,2,1,0,3,0,similar,underpriced,older-profile,legitimate,acceptable,case_study_sample,1200,0.8333333333333334,1,0,1
1703,IPhone 14 Pro Max 512 Go - Violet Intense - Débloqué - Dual eSIM,1000,DETECTED,"IPhone 14 Pro Max 512 Go  En excellent état Je l'ai acheté chez Back Market il y a quelques mois et je ne l'ai jamais utilisé, je suis habitué à Android.","Paris, IDF",2011.0,0,2,1,1,4,2,0,similar,market-consistent,older-profile,borderline,acceptable,case_study_sample,850,1.1764705882352942,0,0,0
1704,iPhone 15 pro max,1000,DETECTED,Bonjour  Je vend cette iPhone avec facture et accessoires neufs pour plus dinformations merci de me contacter en privé,"Marseille, PAC",2023.0,0,2,2,2,6,2,1,similar,underpriced,intermediate-or-missing,marked,unfavorable,case_study_sample,1200,0.8333333333333334,0,0,0
1705,iPhone 15 Pro Max (LILLE),1000,NEGATIVE," vendre avec boîte et accessoires, plus dinformations en mp. Pas denvoi","Lille, HDF",2023.0,0,2,2,2,0,3,0,similar,underpriced,intermediate-or-missing,legitimate,acceptable,case_study_sample,1200,0.8333333333333334,1,0,1
1706,iPhone 15 Pro Max,1000,NEGATIVE," vendre avec boîte et accessoires, plus dinformations en mp. Pas denvoi","Paris, IDF",2024.0,0,2,2,3,0,3,0,similar,underpriced,new-profile,legitimate,acceptable,case_study_sample,1200,0.8333333333333334,1,0,1
1707,iPhone 15 pro Max,1000,DETECTED,"Bonjour, je vends mon iPhone 15 Promax  Bleu nuit  258 go  Neuf. Jamais ouvert  ","Saizerais, GES",2017.0,0,2,2,1,5,2,0,similar,underpriced,older-profile,borderline,acceptable,case_study_sample,1200,0.8333333333333334,0,0,0
1708,iPhone 15 pro max,1000,DETECTED,"Bonjour Je vends cet IPHONE 15 pro max avec accessoires neufs (chargeur, boîte, verre de protection, coque) et facture Disponible à partir de 1000 Envoyé moi un message privé pour plus d'informations","Lille, HDF",2024.0,0,2,2,3,7,2,1,similar,underpriced,new-profile,marked,unfavorable,case_study_sample,1200,0.8333333333333334,0,0,0
1709,iPhone 15 pro Max,1000,DETECTED,iPhone 15 pro Max Blue titanium 256GB Avec sa boîte son câble avec une coque rhinoshield. facture garantie 2 ans,"vreux, NOR",2013.0,0,2,2,1,5,2,0,similar,underpriced,older-profile,borderline,acceptable,case_study_sample,1200,0.8333333333333334,0,0,0
1710,iPhone 15 Pro Max,1000,NEGATIVE," vendre avec boîte et accessoires, plus dinformations en mp. Pas denvoi","Marseille, PAC",2023.0,0,2,2,2,0,3,0,similar,underpriced,intermediate-or-missing,legitimate,acceptable,case_study_sample,1200,0.8333333333333334,1,0,1
1711,iPhone 15 Pro Max,1000,NEGATIVE," vendre avec boîte et accessoires, plus dinformations en mp. Pas denvoi","Paris, IDF",2022.0,0,2,2,1,0,3,0,similar,underpriced,older-profile,legitimate,acceptable,case_study_sample,1200,0.8333333333333334,1,0,1
1712,iPhone 15 Pro Max,1000,NEGATIVE," vendre avec boîte et accessoires, plus dinformations en mp. Pas denvoi","Lille, HDF",2023.0,0,2,2,2,0,3,0,similar,underpriced,intermediate-or-missing,legitimate,acceptable,case_study_sample,1200,0.8333333333333334,1,0,1
1713,iPhone 15 Pro Max (LILLE),1000,NEGATIVE," vendre avec boîte et accessoires, plus dinformations en mp. Pas denvoi","Lille, HDF",2023.0,0,2,2,2,0,3,0,similar,underpriced,intermediate-or-missing,legitimate,acceptable,case_study_sample,1200,0.8333333333333334,1,0,1
1714,iPhone 15 plus comme neuf,1000,DETECTED,iPhone 15 plus 128go blanc en très bon état. Vendu avec facture  garantie 6 mois et accessoires neuf PAS DENVOI  Nhésitez pas me contactez pour plus dinformations sois par message privé sois par numéro hidden information,"Saint-Denis, IDF",2023.0,0,2,2,2,6,2,1,similar,underpriced,intermediate-or-missing,marked,unfavorable,case_study_sample,1200,0.8333333333333334,0,0,0
1715,Iphone 14 pro max 128g,1000,DETECTED,Je vend mon iPhone très peu servi état de batterie (93)prix ferme facture à la puis,Couleur,2020.0,0,2,1,1,4,2,0,similar,market-consistent,older-profile,borderline,acceptable,case_study_sample,850,1.1764705882352942,0,0,0
1716,iPhone 15 Pro Max,1000,NEGATIVE," vendre avec boîte et accessoires, plus dinformations en mp. Pas denvoi","Lille, HDF",2023.0,0,2,2,2,0,3,0,similar,underpriced,intermediate-or-missing,legitimate,acceptable,case_study_sample,1200,0.8333333333333334,1,0,1
1717,Iphone 15 pro max,1000,DETECTED,Bonjour je vend mon iPhone servie 1 mois encore garantie jusqu'en décembre 2025,"Labruyère, BFC",2020.0,0,2,2,1,5,2,0,similar,underpriced,older-profile,borderline,acceptable,case_study_sample,1200,0.8333333333333334,0,0,0
1718,Vends/échange Iphone 15 Pro bleu Titane 128gb NEUF + 2 coque verres trompé et protection caméra,1000,DETECTED,Vends iPhone 15 pro blue 128gb neuf *Je l'ai utilisé que 10 min pour vérifier le téléphone* Avec le téléphone il y a 2 coque 2 verres trompé une transparent et l'autre anti espion et les protections pour les caméras   J'échange principalement contre un ordinateur avec volant et pédalier ou une moto mais J'étudie tout propositions d'échange,"Bourgoin-Jallieu, ARA",2020.0,0,1,2,1,4,2,0,unique,underpriced,older-profile,borderline,acceptable,case_study_sample,1200,0.8333333333333334,0,0,0
1719,iPhone 15 Pro Max (MARSEILLE 13),1000,NEGATIVE," vendre avec boîte et accessoires, plus dinformations en mp. Pas denvoi","Marseille, PAC",2022.0,0,2,2,1,0,3,0,similar,underpriced,older-profile,legitimate,acceptable,case_study_sample,1200,0.8333333333333334,1,0,1
1720,iPhone 15 Pro Max,1000,NEGATIVE,"A vendre avec boîte et accessoires, plus dinformations en mp. Pas denvoi","Paris, IDF",2024.0,0,2,2,3,0,3,0,similar,underpriced,new-profile,legitimate,acceptable,case_study_sample,1200,0.8333333333333334,1,0,1
1721,iphone 15 pro max 256go neuf,1000,DETECTED,le telephone est neuf et jamais utiliser  aucune rayure car neuf . 2 coques et un verre de protection neuf est fourni a la vente,"Montargis, CVL",2023.0,0,2,2,2,6,2,1,similar,underpriced,intermediate-or-missing,marked,unfavorable,case_study_sample,1200,0.8333333333333334,0,0,0
1722,iphone 15 Pro Max 256go,999,DETECTED,Iphone 15 Pro max 256go débloqué tout opérateur en très bon état  Avec la boîte le câble de chargement USB C et une coque de protection  Il y a une protection sur l'écran   1000 euros . Prix ferme non négociable   Visible à Nancy,"Nancy, GES",,1,2,2,2,6,2,1,similar,underpriced,intermediate-or-missing,marked,unfavorable,case_study_sample,1200,0.8325,0,0,0
1723,Iphone 15 pro neuf 128gb,999,DETECTED,Iphone 15 pro 128GB NEUF Chez phone tastic 06  Adresse :169 rue de france 06000 Nice Prix non négociable ( déjà en promotion),"Nice, PAC",2024.0,0,2,2,3,7,2,1,similar,underpriced,new-profile,marked,unfavorable,case_study_sample,1200,0.8325,0,0,0
1724,Iphone 15 pro bleu titane 256go,990,DETECTED,"Iphone 15 pro bleu titane 256go. Etat neuf et encore sous blister + garantie.  Prix acheté 1235euros, prix vendu 990 euros. Paiement uniquement par paypal  Me contacter si intéressé.","Strasbourg, GES",2009.0,0,2,2,1,5,2,0,similar,underpriced,older-profile,borderline,acceptable,case_study_sample,1200,0.825,0,0,0
1725,iPhone 15 pro Max,990,DETECTED,Je me sépare de mon iPhone 15 pro Max 256gb aucun problème aucun rayure sur le smartphone,"Saint-tienne, ARA",2011.0,0,2,2,1,5,2,0,similar,underpriced,older-profile,borderline,acceptable,case_study_sample,1200,0.825,0,0,0
1726,Je vends un iPhone 15 pro max,990,DETECTED,Je vends un iPhone 15 Pro Max neuf scellé avec une garantie de 2 ans,"Montpellier, OCC",2024.0,0,2,2,3,7,2,1,similar,underpriced,new-profile,marked,unfavorable,case_study_sample,1200,0.825,0,0,0
1727,iPhone 15 Pro Max 256 Go,990,DETECTED,Neuf  Scellé   Avec facture,"Strasbourg, GES",2017.0,0,2,2,1,5,2,0,similar,underpriced,older-profile,borderline,acceptable,case_study_sample,1200,0.825,0,0,0
1728,VEND IPHONE 15 PRO,980,DETECTED,"Bonjour,  Je vends iPhone 15 pro sous blister. Excellent état jamais utilisé !!! Avec preuve.  Remise en main propre.  Arnaque passez votre tour","Nancy, GES",2024.0,0,2,2,3,7,2,1,similar,underpriced,new-profile,marked,unfavorable,case_study_sample,1200,0.8166666666666667,0,0,0
1729,iPhone 14 pro Max,980,DETECTED,"Vends iPhone 14 Pro Max,  256 Go couleur or Batterie à 91%  Toujours protégé par coque et verre trempé. Acheté il y a 1an. Pas déchange, vente uniquement.","Troyes, GES",2014.0,0,2,1,1,4,2,0,similar,market-consistent,older-profile,borderline,acceptable,case_study_sample,850,1.1529411764705881,0,0,0
1730,Iphone 15 pro,980,DETECTED,Iphone 15 pro  1T batterie 100% tous d'origines et tous les accessoires disponibles intéresse DM,"Saint-Laurent-de-Mure, ARA",2023.0,0,2,2,2,6,2,1,similar,underpriced,intermediate-or-missing,marked,unfavorable,case_study_sample,1200,0.8166666666666667,0,0,0
1731,IPhone 15 Pro Max,970,DETECTED,"IPhone 15 Pro Max, 256 GO couleur gris. Très bon état acheter le 6/06/2024","Le Mans, PDL",2020.0,0,2,2,1,5,2,0,similar,underpriced,older-profile,borderline,acceptable,case_study_sample,1200,0.8083333333333333,0,0,0
1732,iPhone 15 Pro ,960,DETECTED,IPhone 15 Pro 128Go Black  Coque offerte  960  Livraison gratuite sur Lyon et alentours ,"Villeurbanne, ARA",2014.0,0,2,2,1,5,2,0,similar,underpriced,older-profile,borderline,acceptable,case_study_sample,1200,0.8,0,0,0
1733,iPhone 14 pro 512go,960,DETECTED,"iPhone 14 pro 512Go très bon état, vendu avec ça boîte. Facture disponible  Remise en main propre Prix ferme","Toulouse, OCC",2013.0,0,2,1,1,4,2,0,similar,market-consistent,older-profile,borderline,acceptable,case_study_sample,850,1.1294117647058823,0,0,0
1734,iPhone 15 pro,950,DETECTED,Bonjour je vend iPhone 15 pro neuf dans la boîte 256gb . Facture à lappui,"Montigny-lès-Metz, GES",2014.0,0,2,2,1,5,2,0,similar,underpriced,older-profile,borderline,acceptable,case_study_sample,1200,0.7916666666666666,0,0,0
1735,Iphone 15 pro max 256 GB,950,DETECTED," vendre iPhone 15 pro Max 256 GB dans sa boîte avec coque de protection, chargeur induction, glace de protection","Albertville, ARA",2024.0,0,2,2,3,7,2,1,similar,underpriced,new-profile,marked,unfavorable,case_study_sample,1200,0.7916666666666666,0,0,0
1736,iPhone 15 Pro max,950,DETECTED,iPhone 15 Pro max avec facture et accessoires neufs!!,"Marseille, PAC",2024.0,0,2,2,3,7,2,1,similar,underpriced,new-profile,marked,unfavorable,case_study_sample,1200,0.7916666666666666,0,0,0
1737,iPhone 15 plus,950,DETECTED,Je vend iPhone 15 plus 100% de batterie,"Villeurbanne, ARA",2024.0,0,2,2,3,7,2,1,similar,underpriced,new-profile,marked,unfavorable,case_study_sample,1200,0.7916666666666666,0,0,0
1738,iPhone 15 pro Max,950,DETECTED,"Bonjour , mesdames Messieurs je vend mon iPhone 15 pro 256g max neuf sous blister acheté le 22 juin chez Apple débloque tout opérateur facture + cni valide  ,je ne fais pas denvoi merci","Aix-en-Provence, PAC",2024.0,0,2,2,3,7,2,1,similar,underpriced,new-profile,marked,unfavorable,case_study_sample,1200,0.7916666666666666,0,0,0
1739,iphone 15 pro max,950,DETECTED,iPhone 15 pro max 512Go en parfait état avec sa boite et son câble de charge. Il dispose d'une facture pour la garantie,Matériau,2020.0,0,2,2,1,5,2,0,similar,underpriced,older-profile,borderline,acceptable,case_study_sample,1200,0.7916666666666666,0,0,0
1740,iPhone 15 pro max,950,DETECTED,Je vend mon iphone 15pro max en titanium de 256Gb en très bon état.,"Verrières-le-Buisson, IDF",2024.0,0,2,2,3,7,2,1,similar,underpriced,new-profile,marked,unfavorable,case_study_sample,1200,0.7916666666666666,0,0,0
1741,iPhone 15 pro Max naturel,950,DETECTED,Bonjour je vend mon iPhone 15 pro Max couleur naturel titane 256giga très bonne état débloquer tout opérateur aucun soucis létat de batterie est à 94%  je le vend 950 ou échange contre autre iPhone rajout de vitre par merci remise en main propre uniquement aucun envoi,"Wattrelos, HDF",2010.0,0,2,2,1,5,2,0,similar,underpriced,older-profile,borderline,acceptable,case_study_sample,1200,0.7916666666666666,0,0,0
1742,iPhone 15 Pro 128gb,950,DETECTED,"Bonjour,  Je vends mon iPhone 15 Pro 128gb acheté neuf avec facture, encore garantie !","Arles-sur-Tech, OCC",2020.0,0,2,2,1,5,2,0,similar,underpriced,older-profile,borderline,acceptable,case_study_sample,1200,0.7916666666666666,0,0,0
1743,iPhone 15 pro,950,DETECTED,Bonjour je vend iPhone 15 pro Jamais ouvert il et neuf 128gb venir à chercher à Strasbourg,"Strasbourg, GES",2021.0,0,2,2,1,5,2,0,similar,underpriced,older-profile,borderline,acceptable,case_study_sample,1200,0.7916666666666666,0,0,0
1744,iPhone 15 pro max,950,DETECTED,"PORSCHE 944, 2,4 litres","Chelles, IDF",2023.0,0,1,2,2,5,2,0,unique,underpriced,intermediate-or-missing,borderline,acceptable,case_study_sample,1200,0.7916666666666666,0,0,0
1745,Apple iPhone 15 Pro 128 Go Titane noir,950,DETECTED,iPhone 15 pro Apple  Neuf emballé jamais ouvert  128 go gb Noir black titanium  Remise main propre devant commissariat,"Paris, IDF",2009.0,0,2,2,1,5,2,0,similar,underpriced,older-profile,borderline,acceptable,case_study_sample,1200,0.7916666666666666,0,0,0
1746,iPhone 14 Po Max - 128gb - Face iD ok,950,DETECTED,"Je met en vente mon iPhone    Modèle : 14 Pro Max   Couleur : Gold   Stockage : 128gb  Face iD : Fonctionnel    LiPhone fonctionne parfaitement et ne possède aucun défaut ou problème particulier, je reste a votre disposition pour toute question ou information ","Toulouse, OCC",2021.0,0,2,1,1,4,2,0,similar,market-consistent,older-profile,borderline,acceptable,case_study_sample,850,1.1176470588235294,0,0,0
1747,iphone 15 pro,950,DETECTED,"Je vends un iPhone 15 Pro en très bon état, neuf 128 Go, je le vends car je veux du Galaxy S24 Ultra, je ne l'enverrai pas","Le Mans, PDL",2021.0,0,2,2,1,5,2,0,similar,underpriced,older-profile,borderline,acceptable,case_study_sample,1200,0.7916666666666666,0,0,0
1748,iPhone 15 plus,950,DETECTED,iPhone 15 plus 128gb Je le vend car jai acheter le pro Max  Neuf avec boite et chargeur dorigine  Acheter ya 3 mois a peut près  Prix négociable dans la limite du resonable,"Nice, PAC",2021.0,0,2,2,1,5,2,0,similar,underpriced,older-profile,borderline,acceptable,case_study_sample,1200,0.7916666666666666,0,0,0
1749,iPhone 15 plus vert,950,DETECTED,Vend iPhone 15 plus 128 giga vert très bon état vendu avec boîte câble et coque prix à débattre ou à échanger contre scooter 50cc,"Sète, OCC",2018.0,0,2,2,1,5,2,0,similar,underpriced,older-profile,borderline,acceptable,case_study_sample,1200,0.7916666666666666,0,0,0
1750,iPhone 15 pro 128 giga bleu,950,DETECTED,Bonjour je vend cette iPhone 15 pro 128 giga bleu  état neuf jamais utiliser juste allumer !  Acheter le 13 aot 2024 à mon opérateur donc état réellement neuf !!! tant sur Samsung j ai voulu changer et passer sur iPhone je me suis rendu compte que le changement j allais pas m y faire .  Voici la cause qui me fais le vendre aussi vite !  Cordialement,"Awoingt, HDF",2015.0,0,2,2,1,5,2,0,similar,underpriced,older-profile,borderline,acceptable,case_study_sample,1200,0.7916666666666666,0,0,0
1751, vendre iPhone 15,950,DETECTED,Bonjour je vend mon iPhone 15 ou échange contre le 13 pro Max ou 14 pro Max avec de largent à cté,"Poitiers, NAQ",2021.0,0,2,2,1,5,2,0,similar,underpriced,older-profile,borderline,acceptable,case_study_sample,1200,0.7916666666666666,0,0,0
1752,iPhone 15 pro max,950,DETECTED,Je vante mon iPhone 15 pro max 256go avec tout accessoires couleur blue batterie 95%,Couleur,2015.0,0,2,2,1,5,2,0,similar,underpriced,older-profile,borderline,acceptable,case_study_sample,1200,0.7916666666666666,0,0,0
1753,iPhone 15 Plus,950,DETECTED,"iPhone 15 plus très bon état niveau de batterie très bon état. Il y a un film en verre trempé sur lécran donc lécran est en très bon état en dessous. Ne fais pas denvoie, que remise en main propre","Cannes, PAC",2021.0,0,2,2,1,5,2,0,similar,underpriced,older-profile,borderline,acceptable,case_study_sample,1200,0.7916666666666666,0,0,0
1754,Iphone 15 PRO MAX,950,DETECTED,Bien lire l'annonce avant de m'envoyer votre message svp merci  Vends iPhone 15 Pro Max NEUF  Le tel est de mars 2024 avec facture à l'appuie Jamais utilisé car ça devait être un cadeau..  Dans sa boîte d'origine  cran trempé installé par la boutique orange. A récupérer sur place  Paiement en espèces uniquement  Attention Le prix est ferme   Donc inutile de négocier le prix de cet iPhone sinon je ne répondrais pas..  Merci,"Limoges, NAQ",2011.0,0,2,2,1,5,2,0,similar,underpriced,older-profile,borderline,acceptable,case_study_sample,1200,0.7916666666666666,0,0,0
1755,iPhone 15 pro max,950,DETECTED,Je vend mon iPhone car jaimerai prendre un iPhone plus petit,"Puyréaux, NAQ",2009.0,0,2,2,1,5,2,0,similar,underpriced,older-profile,borderline,acceptable,case_study_sample,1200,0.7916666666666666,0,0,0
1756,iPhone 15 pro max,950,DETECTED,iPhone 15 pro max et chargeur induction,"Motiers, ARA",2016.0,0,2,2,1,5,2,0,similar,underpriced,older-profile,borderline,acceptable,case_study_sample,1200,0.7916666666666666,0,0,0
1757,iPhone 15 pro,950,DETECTED,iPhone 15 pro 256go   Neuf jamais utilisé,"Paris, IDF",2010.0,0,2,2,1,5,2,0,similar,underpriced,older-profile,borderline,acceptable,case_study_sample,1200,0.7916666666666666,0,0,0
1758,iPhone 15 pro neuf emballé,950,DETECTED,iPhone 15 pro Apple  Neuf emballé jamais ouvert  128 go gb Noir black titanium  Remise main propre devant commissariat,"Paris, IDF",2008.0,0,2,2,1,5,2,0,similar,underpriced,older-profile,borderline,acceptable,case_study_sample,1200,0.7916666666666666,0,0,0
1759,iPhone 14 Pro Max,950,DETECTED,"Bonjour,  Je vends mon iPhone 14 pro Max comme neuf acheter il y a 1 ans avec la facture et la boîte   Pour plus dinformations me contacter   Cordialement","Franois, BFC",2015.0,0,2,1,1,4,2,0,similar,market-consistent,older-profile,borderline,acceptable,case_study_sample,850,1.1176470588235294,0,0,0
1760,Iphone 15 Pro,950,DETECTED,"Vend iphone 15 pro 128gb en parfait état, toujours protégé , couleur titan naturel  Batterie 99%  Prix ferme","Carspach, GES",2021.0,0,2,2,1,5,2,0,similar,underpriced,older-profile,borderline,acceptable,case_study_sample,1200,0.7916666666666666,0,0,0
1761,"iPhone 15 pro neuf encore sous garantie,avec plusieurs accessoires",950,DETECTED,"iPhone neuf facture à lappui encore sous garantie avec plusieurs accessoires. coque quil va dans leau 128 giga pour plus de renseignements, veuillez me contacter ","Cannes, PAC",2024.0,0,2,2,3,7,2,1,similar,underpriced,new-profile,marked,unfavorable,case_study_sample,1200,0.7916666666666666,0,0,0
1762,Iphone 15 plus,940,DETECTED,"Iphone 15 plus 128 go a vendre  Il est parfait état, il est bien évidemment vendu avec une garantie de 6 mois et ses accessoires neuf !","Paris, IDF",2024.0,0,2,2,3,7,2,1,similar,underpriced,new-profile,marked,unfavorable,case_study_sample,1200,0.7833333333333333,0,0,0
1763,iPhone 15 plus - bon état - 128go,940,DETECTED,"Je propose un iPhone 15 plus blanc, en excellente état. Il bénéficie encore de 6 mois de garantie. Vendu avec facture et accessoires dorigine, neufs et non utilisés.   PAS DENVOI   A VENIR CHERCHER SUR PLACE ","Saint-Denis, IDF",2024.0,0,2,2,3,7,2,1,similar,underpriced,new-profile,marked,unfavorable,case_study_sample,1200,0.7833333333333333,0,0,0
1764,IPhone 15 pro max 256gb,940,DETECTED,Je vend un iPhone 15 pro max 256gb couleur blanc titanium  Téléphone comme neuf !  TAT batterie 100% ! Utilisé moins de 2 mois  Facture disponible ! Encore garantie jusqu'à  07/2026 Prix fixe NON NGOCIABLE  PAS D'ENVOI MERCI !,"Villeurbanne, ARA",2009.0,0,2,2,1,5,2,0,similar,underpriced,older-profile,borderline,acceptable,case_study_sample,1200,0.7833333333333333,0,0,0
1765,iPhone 15 plus,940,DETECTED,"Je vends mon iPhone 15 plusnoir, en parfait état. Encore sous garantie pendant 6 mois. Vendu avec la facture et tous les accessoires d'origine, neufs et non utilisés.","Aulnay-sous-Bois, IDF",2024.0,0,2,2,3,7,2,1,similar,underpriced,new-profile,marked,unfavorable,case_study_sample,1200,0.7833333333333333,0,0,0
1766,iPhone 15 pro,930,DETECTED,I phone 15 pro 128go bleu état neuf acheter février 2024 chez boulanger garantie février 2026 facture à lappui.,"Ajaccio, COR",2015.0,0,2,2,1,5,2,0,similar,underpriced,older-profile,borderline,acceptable,case_study_sample,1200,0.775,0,0,0
1767,iPhone 15 pro,930,DETECTED,Bonjour je vend iPhone 15 pro neuf dans la boîte 256 gb cause de vent besoin dargent,"Marly, GES",2021.0,0,2,2,1,5,2,0,similar,underpriced,older-profile,borderline,acceptable,case_study_sample,1200,0.775,0,0,0
1768,Iphone 15 pro neuf,920,DETECTED,Bonjour je vends iphone 15 pro neuf jamais ouvert,"Nancy, GES",,1,2,2,2,6,2,1,similar,underpriced,intermediate-or-missing,marked,unfavorable,case_study_sample,1200,0.7666666666666667,0,0,0
1769,iPhone 14 pro Max comme neuf,920,DETECTED," vendre iPhone 14 pro Max violet intense en excellent état (état dorigine) comme neuf Vendu avec facture dachat, boîte dorigine   venir chercher sur plac","Ris-Orangis, IDF",2018.0,0,2,1,1,4,2,0,similar,market-consistent,older-profile,borderline,acceptable,case_study_sample,850,1.0823529411764705,0,0,0
1770,Iphone 15 pro Max,910,DETECTED,"Nous vendons un iPhone 15 Pro Max de 1 To en titane naturel et est en parfait état tant techniquement que visuellement avec facture.   Avec emballage et accessoires d'origine !   Garantie Apple Care jusqu'au 1er novembre 2024   Si vous êtes intéressé, faites-le-moi savoir.","Paris, IDF",2024.0,0,2,2,3,7,2,1,similar,underpriced,new-profile,marked,unfavorable,case_study_sample,1200,0.7583333333333333,0,0,0
1771,Iphone 15 pro Max,910,DETECTED,"Nous vendons un iPhone 15 Pro Max de 1 To en titane naturel et est en parfait état tant techniquement que visuellement avec facture.   Avec emballage et accessoires d'origine !   Garantie Apple Care jusqu'au 1er novembre 2024   Si vous êtes intéressé, faites-le-moi savoir.","Paris, IDF",2024.0,0,2,2,3,7,2,1,similar,underpriced,new-profile,marked,unfavorable,case_study_sample,1200,0.7583333333333333,0,0,0
1772,iPhone 15 Pro Max,900,DETECTED,iPhone 15 Pro Max neuf jamais utilisé ni déballé tout d'origine directement importé de la maison apple. Capacité de stockage 512 GB. Disponible en stock également à un prix compétitif. Livraison possible. Contacter nous pour plus d'informations.,"Paris, IDF",,1,2,2,2,6,2,1,similar,underpriced,intermediate-or-missing,marked,unfavorable,case_study_sample,1200,0.75,0,0,0
1773,iPhone 15 Pro Max,900,DETECTED,"Je propose à la vente un Apple iPhone 15 Pro Max en capacité de 512 Go, encore scellé dans son emballage d'origine. Ce modèle haut de gamme est parfait pour ceux qui recherchent une performance inégalée, une caméra de qualité exceptionnelle et une expérience utilisateur fluide.  Détails du produit : - Modèle: iPhone 15 Pro Max - Capacité: 512 Go - tat: Neuf, scellé - Couleur: Bleue, blanc, noire, ... - Garantie: Couvert par la garantie Apple  Points forts : - Processeur A17 Bionic pour des performances optimales - Caméra Pro avec capteur amélioré pour des photos et vidéos époustouflantes - cran Super Retina XDR pour une qualité daffichage exceptionnelle - Design élégant et résistant avec le nouveau châssis en titane  Prix : 900  Nhésitez pas à me contacter pour plus dinformations ou pour organiser une visite. Premier arrivé, premier servi !  Merci de votre intérêt.  Davies Luc Mail: daviesluc6gmail.com","Paris, IDF",,1,2,2,2,6,2,1,similar,underpriced,intermediate-or-missing,marked,unfavorable,case_study_sample,1200,0.75,0,0,0
1774,iPhone 14 pro Max,900,DETECTED,"Le téléphone est neuf, il vient dêtre changé par Apple et na jamais servi.","Sauveterre-de-Guyenne, NAQ",,1,2,1,2,5,2,0,similar,market-consistent,intermediate-or-missing,borderline,acceptable,case_study_sample,850,1.0588235294117647,0,0,0
1775,apple iPhone 15 pro 256 GO titanium,900,DETECTED,téléphone apple iPhone 15 PRO 256 GO  parfait état vendu complet avec boite et cable débloqué tous reseaux film protection écran acheté en janvier 2024 visible région brumath,"Brumath, GES",,1,2,2,2,6,2,1,similar,underpriced,intermediate-or-missing,marked,unfavorable,case_study_sample,1200,0.75,0,0,0
1776,iPhone 15 Pro Max neuf seller,900,DETECTED,"Notre magasin, vend des téléphones apple neuf. Cet iPhone 15 Pro Max neuf jamais utilisé ni déballé tout d'origine directement de la maison apple. Capacité de stockage 512GB disponible sous différentes couleurs. Livraison gratuite  contactez nous pour plus d'informations","Paris, IDF",,1,2,2,2,6,2,1,similar,underpriced,intermediate-or-missing,marked,unfavorable,case_study_sample,1200,0.75,0,0,0
1777,iPhone 15 pro 256 Go,900,DETECTED,Vend iPhone 15 pro 256 Go Bleu titanium neuf dans la boîte jamais ouverte.,"Nîmes, OCC",,1,2,2,2,6,2,1,similar,underpriced,intermediate-or-missing,marked,unfavorable,case_study_sample,1200,0.75,0,0,0
1778,Apple  iPhone 15 Plus 256 GB Groen (IN DOOS). Volledig nieuw. Komt met 2 jaar garantie.,900,DETECTED,Conseils de sécurité pour Marketplace,"Antwerpen, VLG",,1,3,2,2,7,2,1,duplicated,underpriced,intermediate-or-missing,marked,unfavorable,case_study_sample,1200,0.75,0,0,0
1779,NEUF IPhone 15 plus vert 256gb,900,DETECTED,"Bonjour,  Je mets en vente un iPhone 15 Plus 256GB vert, NEUF et non déballé, avec facture. J'ai besoin de m'en débarrasser car j'ai déjà l'iPhone 15 Pro Max.  Merci de me contacter pour plus d'informations.  Main propre uniquement","Nancy, GES",,1,2,2,2,6,2,1,similar,underpriced,intermediate-or-missing,marked,unfavorable,case_study_sample,1200,0.75,0,0,0
1780,iPhone 15 pro Max neuf 256gb,900,DETECTED,Bonjour je vend iPhone 15 pro Max 256gb  Neuf acheter à fnac.  Remise main propre Nancy centre ou Liverdun,"Nancy, GES",,1,2,2,2,6,2,1,similar,underpriced,intermediate-or-missing,marked,unfavorable,case_study_sample,1200,0.75,0,0,0
1781,iPhone 14 plus 256 gb neuf,900,DETECTED,"Suite à une panne de mon iPhone, il na pas pu être réparé et jen ai reçu un neuf du magasin. Du coup je le mets en vente","Etterbeek, BRU",,1,2,1,2,5,2,0,similar,market-consistent,intermediate-or-missing,borderline,acceptable,case_study_sample,850,1.0588235294117647,0,0,0
1782,iPhone 15 pro 128gb noir titane,900,DETECTED,phone 15 pro noir titane 128go de septembre 2023 facture diponible offre protection tel + verre trempé+chargeur  prix: 900,Marque,2018.0,0,1,2,1,4,2,0,unique,underpriced,older-profile,borderline,acceptable,case_study_sample,1200,0.75,0,0,0
1783,iPhone 15 pro maxi,900,DETECTED,"Bonjour, je vends une iPhone Promax toute noire si jamais utilisé Mercedes de contacts ","Vitry-sur-Seine, IDF",2019.0,0,2,2,1,5,2,0,similar,underpriced,older-profile,borderline,acceptable,case_study_sample,1200,0.75,0,0,0
1784,iPhone 15,900,DETECTED,Bonjours je vend mon iPhone rose avec sa coque Apple acheter le 28 juin 2024. Neuf aucune rayure la vitre de protection un peu abîmer  100% de batterie . Prix négociable,"Arles, PAC",2017.0,0,2,2,1,5,2,0,similar,underpriced,older-profile,borderline,acceptable,case_study_sample,1200,0.75,0,0,0
1785,iPhone 15 pro,900,DETECTED,iPhone 15 pro 128 giga état neuf état de batterie 100% PAS DENVOIE REMISZ EN MAIN PROPRE UNIQUEMENT,"Toulouse, OCC",2022.0,0,2,2,1,5,2,0,similar,underpriced,older-profile,borderline,acceptable,case_study_sample,1200,0.75,0,0,0
1786,iPhone 15 pro,900,DETECTED,Bonjours je met en vente mon iPhone 15 pro avec la boîte facture gris titane,"Béziers, OCC",2017.0,0,2,2,1,5,2,0,similar,underpriced,older-profile,borderline,acceptable,case_study_sample,1200,0.75,0,0,0
1787,IPHONE 15 PRO,900,DETECTED,"Vend en urgence mon iPhone 15 pro neuf de aot 2024, batterie 100% sans boîte avec chargeur. PAS SRIEUX S'ABSTENIR. A venir récupérer sur Montgeron 91","Montgeron, IDF",2018.0,0,2,2,1,5,2,0,similar,underpriced,older-profile,borderline,acceptable,case_study_sample,1200,0.75,0,0,0
1788,Iphone 15 pro max,900,DETECTED,"Bonjour, Je mets en vente mon magnifique iPhone 15 pro max encore dans un état très nickel. Pas défaut ni problème. Il est impeccable et esthétique et toujours sous garantie. Merci de me contacter.","Benet, PDL",2024.0,0,2,2,3,7,2,1,similar,underpriced,new-profile,marked,unfavorable,case_study_sample,1200,0.75,0,0,0
1789,iPhone 15,900,DETECTED,"Je vends mon iPhone 15, 128g, bleu titanium qui na jamais été ouvert","Sérifontaine, HDF",2022.0,0,2,2,1,5,2,0,similar,underpriced,older-profile,borderline,acceptable,case_study_sample,1200,0.75,0,0,0
1790,IPhone 15 noir 128g  neuf scellé,900,DETECTED,"Jai gagné cet IPhone en participant à un tirage au sors et ayant bien plus besoin dargent que dun smartphone (malheureusement incapable de remplir le frigo et de payer les factures), jai donc décidé de le mettre en vente. Il est entièrement neuf et encore dans sa boîte dorigine, scellé.",Couleur,2013.0,0,1,2,1,4,2,0,unique,underpriced,older-profile,borderline,acceptable,case_study_sample,1200,0.75,0,0,0
1791,iPhone 15 pro Max 1 to,900,DETECTED,"Je vends un iPhone 15 Pro max 1 To. Neuf, sous blister, jamais utilisé. Prix : 900 euros. Possibilité d'échange. Je suis ouvert à toute proposition, facture disponible .","Lille, HDF",2024.0,0,2,2,3,7,2,1,similar,underpriced,new-profile,marked,unfavorable,case_study_sample,1200,0.75,0,0,0
1792,iPhone 15 Pro 128g,900,DETECTED,iPhone 15 pro 128g noir titane sans facture je narrive pas à utiliser IPhone depuis toujour le téléphone est neuf avec sa boîte dorigine,"Lyon, ARA",2021.0,0,2,2,1,5,2,0,similar,underpriced,older-profile,borderline,acceptable,case_study_sample,1200,0.75,0,0,0
1793,iPhone 15,900,DETECTED,Vend iPhone 15 pro max 1tb de mémoire vend pour cause de séparation urgent !!,"Alès, OCC",2024.0,0,2,2,3,7,2,1,similar,underpriced,new-profile,marked,unfavorable,case_study_sample,1200,0.75,0,0,0
1794,iPhone 15 Pro Max,900,DETECTED,Possible de Négocier Article toujours Disponible Fiabilité Assuré ,"Paris, IDF",2024.0,0,1,2,3,6,2,1,unique,underpriced,new-profile,marked,unfavorable,case_study_sample,1200,0.75,0,0,0
1795,Iphone 15 pro max 1tb Neuf,900,DETECTED,Iphone 15 pro max 1tb Neuf jamais utilisée avec facture d'achat  et garantie .,"Bordeaux, NAQ",2021.0,0,2,2,1,5,2,0,similar,underpriced,older-profile,borderline,acceptable,case_study_sample,1200,0.75,0,0,0
1796,Iphone 15 Pro Max,900,DETECTED,"Le téléphone est en parfait état, tout fonctionne. Vendu de toute urgence.","Nanterre, IDF",2024.0,0,2,2,3,7,2,1,similar,underpriced,new-profile,marked,unfavorable,case_study_sample,1200,0.75,0,0,0
1797,iPhone 15 pro Max à vendre,900,DETECTED,Je mets en vente mon iPhone 15 pro Max car j'ai reçu 2 pour mon anniversaire,"Marseille, PAC",2024.0,0,2,2,3,7,2,1,similar,underpriced,new-profile,marked,unfavorable,case_study_sample,1200,0.75,0,0,0
1798,iPhone 14 pro Max,900,DETECTED,"Vends iPhone 14 Pro Max 900  à venir chercher en main propre sur Verdun  tat irréprochable, Batterie 100 % ",Couleur,2019.0,0,2,1,1,4,2,0,similar,market-consistent,older-profile,borderline,acceptable,case_study_sample,850,1.0588235294117647,0,0,0
1799,iPhone 15 Plus,900,NEGATIVE,"A vendre avec boîte et accessoires, plus dinformations en mp. Pas denvoi","Paris, IDF",2024.0,0,2,2,3,0,3,0,similar,underpriced,new-profile,legitimate,acceptable,case_study_sample,1200,0.75,1,0,1
1800,iPhone 15 Pro (MARSEILLE 13),900,NEGATIVE," vendre avec boîte et accessoires, plus dinformations en mp. Pas denvoi","Marseille, PAC",2022.0,0,2,2,1,0,3,0,similar,underpriced,older-profile,legitimate,acceptable,case_study_sample,1200,0.75,1,0,1
1801,iPhone 15 pro,900,DETECTED,"IPHONE 15 pro vendu avec accessoires neufs (chargeur, boîte, verre de protection, coque) et facture Disponible à partir de 900 Envoyez moi un message privé pour plus d'informations","Lille, HDF",2024.0,0,2,2,3,7,2,1,similar,underpriced,new-profile,marked,unfavorable,case_study_sample,1200,0.75,0,0,0
1802,iPhone 15 pro max 256gb,900,DETECTED,Neuf dans son emballage d'origine . La facture d'achat est disponible et sera livrée avec .,"Paris, IDF",2024.0,0,2,2,3,7,2,1,similar,underpriced,new-profile,marked,unfavorable,case_study_sample,1200,0.75,0,0,0
1803,Iphone 15 pro max,900,DETECTED,Iphone avec tout  Avec factour  Avec bt Avec garanti,"Paris, IDF",2014.0,0,2,2,1,5,2,0,similar,underpriced,older-profile,borderline,acceptable,case_study_sample,1200,0.75,0,0,0
1804,iPhone 15 plus NOIR 128G,900,DETECTED,iPhone 15 plus neuf acheté le 27/07/24 au Japon avec facture  128 G NOIR,"Neuilly-Plaisance, IDF",2011.0,0,2,2,1,5,2,0,similar,underpriced,older-profile,borderline,acceptable,case_study_sample,1200,0.75,0,0,0
1805,iPhone 14 pro Max comme neuf,900,DETECTED,"iPhone 14 Pro Max violet intense  état comme Neuf, le téléphone est Nickel, comme en magasin encore, peu utilisé , aucune rayure ni micro rayure, pas de fissure, pas de choc, verre trempé sur l'écran depuis le début, fonctionne très bien, aucun dysfonctionnement, rien n'a été changer ou remplacer, tout est d'origine, vendu dans la boîte d'origine avec 2 coque  Débloqué tous Opérateurs Facture d'achat disponible   venir chercher sur place","Ris-Orangis, IDF",2018.0,0,2,1,1,4,2,0,similar,market-consistent,older-profile,borderline,acceptable,case_study_sample,850,1.0588235294117647,0,0,0
1806,iPhone 15 Pro,900,NEGATIVE," vendre avec boîte et accessoires, plus dinformations en mp. Pas denvoi","Lille, HDF",2023.0,0,2,2,2,0,3,0,similar,underpriced,intermediate-or-missing,legitimate,acceptable,case_study_sample,1200,0.75,1,0,1
1807,iPhone 15 Pro,900,NEGATIVE," vendre avec boîte et accessoires, plus dinformations en mp. Pas denvoi","Marseille, PAC",2023.0,0,2,2,2,0,3,0,similar,underpriced,intermediate-or-missing,legitimate,acceptable,case_study_sample,1200,0.75,1,0,1
1808,iPhone 15 pro,900,DETECTED,iPhone 15 pro en excellent état. 100% de capacité de batterie. Titane naturel. Acheté en mars 2024. Avec facture et boîte dorigine,"Bordeaux, NAQ",2010.0,0,2,2,1,5,2,0,similar,underpriced,older-profile,borderline,acceptable,case_study_sample,1200,0.75,0,0,0
1809,iPhone 15 Pro (LILLE),900,NEGATIVE," vendre avec boîte et accessoires, plus dinformations en mp. Pas denvoi","Lille, HDF",2023.0,0,2,2,2,0,3,0,similar,underpriced,intermediate-or-missing,legitimate,acceptable,case_study_sample,1200,0.75,1,0,1
1810,iPhone 15 Pro (MARSEILLE),900,NEGATIVE," vendre avec boîte et accessoires, plus dinformations en mp. Pas denvoi","Marseille, PAC",2023.0,0,2,2,2,0,3,0,similar,underpriced,intermediate-or-missing,legitimate,acceptable,case_study_sample,1200,0.75,1,0,1
1811,Iphone 15 Pro + facture,900,DETECTED,"Bonjour, iPhone 15 Pro....128 go Vendu avec accessoires et factures  A venir chercher sur Lille Pas d'envoi  Merci de me contacter pour plus d'informations en privé","Lille, HDF",2024.0,0,2,2,3,7,2,1,similar,underpriced,new-profile,marked,unfavorable,case_study_sample,1200,0.75,0,0,0
1812,iPhone 15 Pro,900,DETECTED,"Bonjour, Je vend mon IPhone 15 Pro Noir 128go  Il est comme neuf acheter récemment  Avec une coque de protection Apple (69) et un verre trempé de haute qualité (39). Un chargeur Apple et fournis également (25). Pour toute question je répond par messagerie le bon coin.  Cordialement.","Lons-le-Saunier, BFC",2022.0,0,2,2,1,5,2,0,similar,underpriced,older-profile,borderline,acceptable,case_study_sample,1200,0.75,0,0,0
1813,Iphone 15 pro,900,DETECTED, vendre Iphone 15 pro acheté en octobre 2023 sur Amazon (1229) facture à lappuie.  Excellent état   Aucunes rayures.  Vendu avec écran de protection avant et protection caméra (déjà posé sur le téléphone) + une boîte avec encore une réserve 2 protections caméra et 1 protection écran.  Prix négociable dans la limite du raisonnable.   Pas denvoie.,"Mexy, GES",2014.0,0,2,2,1,5,2,0,similar,underpriced,older-profile,borderline,acceptable,case_study_sample,1200,0.75,0,0,0
1814,iPhone 15 PRO 128 GO,900,DETECTED,"Bonjour ,  je vend mon iPhone 15 pro très bonne état  peut utilisé , la batterie donc est toujours entre 93/95 %. Le téléphone est vendu avec sa boîte, garantie jusquà 2025.  Merci","Grasse, PAC",2011.0,0,2,2,1,5,2,0,similar,underpriced,older-profile,borderline,acceptable,case_study_sample,1200,0.75,0,0,0
1815,iPhone 15 pro,900,DETECTED,"Bonjour Je vends cet IPHONE 15 pro avec accessoires neufs (chargeur, boîte, verre de protection, coque) et facture Disponible à partir de 900 Envoyé moi un message privé pour plus d'informations","Lille, HDF",2024.0,0,2,2,3,7,2,1,similar,underpriced,new-profile,marked,unfavorable,case_study_sample,1200,0.75,0,0,0
1816,iPhone 15 pro,900,DETECTED,iPhone 15 pro 128gb remis en main propre neuf dans la boîte,"La Seyne-sur-Mer, PAC",2018.0,0,2,2,1,5,2,0,similar,underpriced,older-profile,borderline,acceptable,case_study_sample,1200,0.75,0,0,0
1817,iPhone 14 pro Max 128gb,900,DETECTED,"Vends iPhone 14 pro Max 128gb, couleur or.  tat comme neuf, à toujours été protégé par coque, verre trempé et lentilles de protection pour les 3 objectifs.  Téléphone acheté en mai 2023 chez orange, garantie jusquà mai 2025. Facture peut être fournie au moment de lachat.  Le téléphone est vendu avec sa boîte dorigine et les protections déjà posées sur le téléphone.","Belfort, BFC",2012.0,0,2,1,1,4,2,0,similar,market-consistent,older-profile,borderline,acceptable,case_study_sample,850,1.0588235294117647,0,0,0
1818,iPhone 15 Pro,900,NEGATIVE," vendre avec boîte et accessoires, plus dinformations en mp. Pas denvoi","Paris, IDF",2022.0,0,2,2,1,0,3,0,similar,underpriced,older-profile,legitimate,acceptable,case_study_sample,1200,0.75,1,0,1
1819,iPhone 15 Pro,900,NEGATIVE,"A vendre avec boîte et accessoires, plus dinformations en mp. Pas denvoi","Paris, IDF",2024.0,0,2,2,3,0,3,0,similar,underpriced,new-profile,legitimate,acceptable,case_study_sample,1200,0.75,1,0,1
1820,iPhone 14,900,DETECTED,Les iPhone 14 sont disponibles à à 900 ,"ze, PAC",2024.0,0,2,1,3,6,2,1,similar,market-consistent,new-profile,marked,unfavorable,case_study_sample,850,1.0588235294117647,0,0,0
1821,Iphone 15 Pro + facture,900,DETECTED,"Bonjour, iPhone 15 Pro....128 go Vendu avec accessoires et factures  A venir chercher sur Lille Pas d'envoi  Merci de me contacter pour plus d'informations en privé","Lille, HDF",2024.0,0,2,2,3,7,2,1,similar,underpriced,new-profile,marked,unfavorable,case_study_sample,1200,0.75,0,0,0
1822,iPhone 15 Pro (MARSEILLE),900,NEGATIVE," vendre avec boîte et accessoires, plus dinformations en mp. Pas denvoi","Marseille, PAC",2022.0,0,2,2,1,0,3,0,similar,underpriced,older-profile,legitimate,acceptable,case_study_sample,1200,0.75,1,0,1
1823,iPhone 15 Pro Max 256 GB,900,DETECTED,"Bonjour, je vends mon iPhone 15 Pro Max. Il est en très bon état. Une facture est également incluse.","Paris, IDF",2024.0,0,2,2,3,7,2,1,similar,underpriced,new-profile,marked,unfavorable,case_study_sample,1200,0.75,0,0,0
1824,iPhone 15 Pro,900,NEGATIVE,"A vendre avec boîte et accessoires, plus dinformations en mp. Pas denvoi","Marseille, PAC",2023.0,0,2,2,2,0,3,0,similar,underpriced,intermediate-or-missing,legitimate,acceptable,case_study_sample,1200,0.75,1,0,1
1825,iPhone 15 Pro,900,NEGATIVE,"A vendre avec boîte et accessoires, plus dinformations en mp. Pas denvoi","Paris, IDF",2024.0,0,2,2,3,0,3,0,similar,underpriced,new-profile,legitimate,acceptable,case_study_sample,1200,0.75,1,0,1
1826,iPhone 15 Pro,900,NEGATIVE,"A vendre avec boîte et accessoires, plus dinformations en mp. Pas denvoi","Lille, HDF",2023.0,0,2,2,2,0,3,0,similar,underpriced,intermediate-or-missing,legitimate,acceptable,case_study_sample,1200,0.75,1,0,1
1827,iPhone 15 pro,900,DETECTED,"Bonjour Je vends cet IPHONE 15 pro avec accessoires neufs (chargeur, boîte, verre de protection, coque) et facture Disponible à partir de 900 Envoyé moi un message privé pour plus d'informations","Lille, HDF",2024.0,0,2,2,3,7,2,1,similar,underpriced,new-profile,marked,unfavorable,case_study_sample,1200,0.75,0,0,0
1828,iPhone 15 Pro (MARSEILLE),900,NEGATIVE,"A vendre avec boîte et accessoires, plus dinformations en mp.  Pas denvoi","Marseille, PAC",2023.0,0,2,2,2,0,3,0,similar,underpriced,intermediate-or-missing,legitimate,acceptable,case_study_sample,1200,0.75,1,0,1
1829,iPhone 14 pro,900,DETECTED,Je met en vente mon iPhone 14 pro en état neuf avec vitre de protection avant. Négociable dans la limite du raisonnable.,"Montmorillon, NAQ",2013.0,0,2,1,1,4,2,0,similar,market-consistent,older-profile,borderline,acceptable,case_study_sample,850,1.0588235294117647,0,0,0
1830,iphone 15 pro Facture BOULANGER,900,DETECTED,"iphone 15 pro 128guga bleu , garantie 2 ans  facture boulanger , boite dorigine chargeur  usb-c , batterie 100%","Meyzieu, ARA",2024.0,0,2,2,3,7,2,1,similar,underpriced,new-profile,marked,unfavorable,case_study_sample,1200,0.75,0,0,0
1831,iPhone 15 pro,900,DETECTED,iPhone 15 pro 128go black titane Acheter en juin 2024 je possède la facture  Je le vend sans sa boîte car je lai égaré entre temps avec mon déménagement.  vendre urgent  En main propre uniquement arnaque Paylib ect passer votre chemin! Prix légèrement négociable  Vendu avec son chargeur dorigine et une coque magsafe.,"Grasse, PAC",2022.0,0,2,2,1,5,2,0,similar,underpriced,older-profile,borderline,acceptable,case_study_sample,1200,0.75,0,0,0
1832,iPhone 14 Pro Max violet,900,DETECTED," vendre iPhone 14 pro Max violet 128g , utilisé seulement 1 semaine.  raison de la vente, on m'a offert le 15.  Prix 900 à débatte dans le raisonnable.","Monbahus, NAQ",2011.0,0,2,1,1,4,2,0,similar,market-consistent,older-profile,borderline,acceptable,case_study_sample,850,1.0588235294117647,0,0,0
1833,iPhone 15 pro,900,DETECTED,"Remise en main propre et paiement en espèces, pas denvoi et pas de paiement paylib et paypal.","Vernon, NOR",2009.0,0,2,2,1,5,2,0,similar,underpriced,older-profile,borderline,acceptable,case_study_sample,1200,0.75,0,0,0
1834,iPhone 15 pro 128go,900,DETECTED,"Je vends mon iPhone 15 pro 128go lumière stellaire Vendu avec la facture, le chargeur et la boîte dorigine  Remise en main propre uniquement et en espèce","Rives, ARA",2015.0,0,2,2,1,5,2,0,similar,underpriced,older-profile,borderline,acceptable,case_study_sample,1200,0.75,0,0,0
1835,iPhone 14 pro Max 256 gb,900,DETECTED,Vend iPhone 14 pro max 256gb 1ans neuf jamais tomber en panne opérateur orange débloqué avec câble chargeur me contacter en privé,"Ajaccio, COR",2011.0,0,2,1,1,4,2,0,similar,market-consistent,older-profile,borderline,acceptable,case_study_sample,850,1.0588235294117647,0,0,0
1836,iPhone 15 Pro Max 256 GB,1350,DETECTED,iPhone 15 Pro Max 256 GB  -256 giga -Comme neuf -Couleur : Titane noir  Me contacter pour plus dinformations,Marque,2024.0,0,2,1,3,6,2,1,similar,market-consistent,new-profile,marked,unfavorable,case_study_sample,1200,1.125,0,0,0
1837,iPhone 15 pro max comme neuf,1350,DETECTED,"iPhone 15 Pro Max 128go noir, il est en très bon état sans rayure, batterie au top Je le vends avec sa facture, garantie 6 mois ainsi que la boîte,chargeur, vitre de protection et coque de téléphone. Merci de me contacter pour plus dinformations  Je ne fais pas denvoi ni de livraison","Saint-Denis, IDF",2023.0,0,2,1,2,5,2,0,similar,market-consistent,intermediate-or-missing,borderline,acceptable,case_study_sample,1200,1.125,0,0,0
1838,iPhone 15 pro Max 512 Go,1300,DETECTED," vendre : iPhone 15 Pro Max 512 Go - Neuf, jamais ouvert  Je mets en vente un iPhone 15 Pro Max avec une capacité de 512 Go, encore dans son emballage.Le téléphone est entièrement neuf, jamais ouvert ni utilisé.  Modèle : iPhone 15 Pro Max Capacité de stockage : 512 Go Couleur : white titanium tat : Neuf, emballage scellé Prix :1300  Cest une excellente opportunité dacquérir le dernier modèle iPhone à un prix avantageux. Nattendez pas, car il partira vite !  Pour plus de détails ou pour acheter, contactez-moi rapidement.","Strasbourg, GES",,1,2,1,2,5,2,0,similar,market-consistent,intermediate-or-missing,borderline,acceptable,case_study_sample,1200,1.0833333333333333,0,0,0
1839,iPhone 15 Pro Max 5G scellé tout neuf et,1300,DETECTED,"Processeur iPhone 15 Pro Max 5G scellé tout neuf et scellé : Hexa-core, A17 Pro (3 NM) Connectivité : 5G, Bluetooth, Wi-Fi, Lightning, NFC Taille de l'écran : 6,7 pouces Couleur : Titane noir, Titane blanc, Bleu Titane, Naturel Titanium OS : IOS Lock Statut : Déverrouillé Capacité de stockage : 128 Go 256 Go 512 Go Résolution de la caméra : 48 MP, 12 MP, 12 MP (ultra-large) Batterie : 4422 mAh USB : Type-C (Réversible), USB 3 Casque : Non 3,5 mm Touches : gauche : contrle du volume, autre   droite : clé de verrouillage/déverrouillage Prix : 1 300 ","Bordeaux, NAQ",,1,1,1,2,4,2,0,unique,market-consistent,intermediate-or-missing,borderline,acceptable,case_study_sample,1200,1.0833333333333333,0,0,0
1840,iPhone 15 Pro Max 5G,1300,DETECTED,"Processeur iPhone 15 Pro Max 5G scellé tout neuf et scellé : Hexa-core, A17 Pro (3 NM) Connectivité : 5G, Bluetooth, Wi-Fi, Lightning, NFC Taille de l'écran : 6,7 pouces Couleur : Titane noir, Titane blanc, Bleu Titane, Naturel Titanium OS : IOS Lock Statut : Déverrouillé Capacité de stockage : 128 Go 256 Go 512 Go Résolution de la caméra : 48 MP, 12 MP, 12 MP (ultra-large) Batterie : 4422 mAh USB : Type-C (Réversible), USB 3 Casque : Non 3,5 mm Touches : gauche : contrle du volume, autre   droite : clé de verrouillage/déverrouillage Prix : 1 300 ","Marseille, PAC",,1,3,1,2,6,2,1,duplicated,market-consistent,intermediate-or-missing,marked,unfavorable,case_study_sample,1200,1.0833333333333333,0,0,0
1841,iPhone 15 Pro Max,1300,DETECTED,"Je le vends car je souhaite autre chose, tout neuf date du 21 juillet.","Locminé, BRE",,1,2,1,2,5,2,0,similar,market-consistent,intermediate-or-missing,borderline,acceptable,case_study_sample,1200,1.0833333333333333,0,0,0
1842,iPhone 15 Pro Max 5G scellé tout neuf,1300,DETECTED,"Processeur iPhone 15 Pro Max 5G scellé tout neuf et scellé : Hexa-core, A17 Pro (3 NM) Connectivité : 5G, Bluetooth, Wi-Fi, Lightning, NFC Taille de l'écran : 6,7 pouces Couleur : Titane noir, Titane blanc, Bleu Titane, Naturel Titanium OS : IOS Lock Statut : Déverrouillé Capacité de stockage : 128 Go 256 Go 512 Go Résolution de la caméra : 48 MP, 12 MP, 12 MP (ultra-large) Batterie : 4422 mAh USB : Type-C (Réversible), USB 3 Casque : Non 3,5 mm Touches : gauche : contrle du volume, autre   droite : clé de verrouillage/déverrouillage Prix : 1 300 ","Bordeaux, NAQ",,1,3,1,2,6,2,1,duplicated,market-consistent,intermediate-or-missing,marked,unfavorable,case_study_sample,1200,1.0833333333333333,0,0,0
1843,iPhone 15 Pro Max,1300,DETECTED,"iPhone 15 Pro Max Couleur : Noir Titane Capacité de Stockage : 512 Go  Acheté le 22 Septembre 2023 Chez BOULANGER ( Facture à l'appui ) Téléphone en excellent état, toujours protégé par une coque et verre trempé L'état de la batterie est a 100% (Voir Photo Annonce) Vendu avec différentes Coques ( Photos sur demande ) et verre trempé Neuf (Ecran et Appareil Photo)  Prix de Vente Négociable, Paiement en Espèces uniquement & Remise en Mains Propres",Couleur,2008.0,0,2,1,1,4,2,0,similar,market-consistent,older-profile,borderline,acceptable,case_study_sample,1200,1.0833333333333333,0,0,0
1844,iPhone 15 Pro Max 5G,1300,DETECTED,"Processeur iPhone 15 Pro Max 5G scellé tout neuf et scellé :   Hexa-core, A17 Pro (3 NM) Connectivité : 5G, Bluetooth, Wi-Fi, Lightning, NFC Taille de l'écran : 6,7 pouces Couleur : Titane noir, Titane blanc, Bleu Titane, Naturel Titanium OS : IOS Lock Statut : Déverrouillé Capacité de stockage : 128 Go 256 Go 512 Go Résolution de la caméra : 48 MP, 12 MP, 12 MP (ultra-large) Batterie : 4422 mAh USB : Type-C (Réversible), USB 3 Casque : Non 3,5 mm Touches : gauche : contrle du volume, autre   droite : clé de verrouillage/déverrouillage  Prix : 1 300 ","Paris, IDF",2024.0,0,3,1,3,7,2,1,duplicated,market-consistent,new-profile,marked,unfavorable,case_study_sample,1200,1.0833333333333333,0,0,0
1845,IPhone 15 Pro Max,1300,DETECTED,"Processeur iPhone 15 Pro Max 5G scellé tout neuf et scellé : Hexa-core, A17 Pro (3 NM) Connectivité : 5G, Bluetooth, Wi-Fi, Lightning, NFC Taille de l'écran : 6,7 pouces Couleur : Titane noir, Titane blanc, Bleu Titane, Naturel Titanium OS : IOS Lock Statut : Déverrouillé Capacité de stockage : 128 Go 256 Go 512 Go Résolution de la caméra : 48 MP, 12 MP, 12 MP (ultra-large) Batterie : 4422 mAh USB : Type-C (Réversible), USB 3 Casque : Non 3,5 mm Touches : gauche : contrle du volume, autre   droite : clé de verrouillage/déverrouillage Prix : 1 300 ","Toulouse, OCC",2024.0,0,3,1,3,7,2,1,duplicated,market-consistent,new-profile,marked,unfavorable,case_study_sample,1200,1.0833333333333333,0,0,0
1846,Iphone 15 pro,1300,DETECTED,"Je vend mon iphone 15 pro acheté il y a très peu, le téléphone est toujours sous garantie  Capacité de la batterie : 100% Pour plus d'informations merci de me contacter","Chalon-sur-Sane, BFC",2010.0,0,2,1,1,4,2,0,similar,market-consistent,older-profile,borderline,acceptable,case_study_sample,1200,1.0833333333333333,0,0,0
1847,"IPhone 15 Pro Max 512Go - Excellent tat, Sous Garantie",1300,DETECTED,"Je mets en vente mon iPhone 15 Pro Max avec une capacité de 512 Go. Acheté le 21/09/2023, il est encore sous garantie. Lappareil est en excellent état, sans aucune rayure ni signe dusure. Il sera fourni avec sa boîte dorigine et tous ses accessoires (câble de charge).  Détails : - Modèle : iPhone 15 Pro Max   - Capacité : 512 Go   - Date d'achat : 21/09/2023   - tat : Comme neuf, aucune rayure   - Accessoires : Boîte d'origine, câble de charge - Garantie : Oui   - Localisation : Nice   - change : Aucun échange ne sera accepté  Prix : 1300 euros  Merci de me contacter si vous êtes intéressé(e). Remise en main propre obligatoire à Nice. Paiement en espèces uniquement.","Nice, PAC",2021.0,0,2,1,1,4,2,0,similar,market-consistent,older-profile,borderline,acceptable,case_study_sample,1200,1.0833333333333333,0,0,0
1848,iPhone 15 pro Max,1250,DETECTED,Deux mois dutilisation ! Facture à lappuie ! Remise en main propre,"Annecy, ARA",2010.0,0,2,1,1,4,2,0,similar,market-consistent,older-profile,borderline,acceptable,case_study_sample,1200,1.0416666666666667,0,0,0
1849,Iphone 15 pro max,1250,DETECTED,Je vends cet iPhone 15 promax parce il me convient pas jai l'habitude à android Si non c'est un super téléphone  Il est comme neuf de couleur bleu foncé  aucune rayures batterie 100% en règle débloqué avec facture,Couleur,2020.0,0,2,1,1,4,2,0,similar,market-consistent,older-profile,borderline,acceptable,case_study_sample,1200,1.0416666666666667,0,0,0
1850,Iphone 15 pro max,1250,DETECTED,Je vends cet iPhone 15 promax parce il me convient pas jai l'habitude à android Si non c'est un super téléphone  Il est comme neuf de couleur bleu foncé  aucune rayures batterie 100% en règle débloqué avec facture,Couleur,2020.0,0,2,1,1,4,2,0,similar,market-consistent,older-profile,borderline,acceptable,case_study_sample,1200,1.0416666666666667,0,0,0
1851,iPhone 15 pro Max sous blister,1250,DETECTED,iPhone 11 Pro Max  256go  Vendu avec accessoires et facture  A venir chercher sur paris.  PRUX NGOCIABLE,"Saint-Ouen-sur-Seine, IDF",2023.0,0,2,1,2,5,2,0,similar,market-consistent,intermediate-or-missing,borderline,acceptable,case_study_sample,1200,1.0416666666666667,0,0,0
1852,Apple iphone 15 PRO MAX NEUF SOUS BLISTER,1230,DETECTED,Garantie appleCare 1 an,"Bobigny, IDF",2024.0,0,1,1,3,5,2,0,unique,market-consistent,new-profile,borderline,acceptable,case_study_sample,1200,1.025,0,0,0
1853,iphone 15 pro max neuf,1200,DETECTED,256 gb neuf avec boîte chargeur et ticket dachat,"Brussel, BRU",,1,2,1,2,5,2,0,similar,market-consistent,intermediate-or-missing,borderline,acceptable,case_study_sample,1200,1.0,0,0,0
1854,iPhone 15 Pro Max 512GB,1200,DETECTED,"Bonjour Je vends mon iPhone 15 Pro Max 512 GB en bleu, en excellent état. Aucune défaut Jai la facture avec la garantie et la boîte aussi avec tout les accessoires jamais porté  LiPhone toujours été protégé par une coque et un verre trempé. Remise en main propre","Paris, IDF",2010.0,0,2,1,1,4,2,0,similar,market-consistent,older-profile,borderline,acceptable,case_study_sample,1200,1.0,0,0,0
1855,Iphone 15 Pro Max 256Gb Titane bleu,1200,DETECTED,Bonjour je vends mon Iphone 15 Pro Max comme neuf il est vendue avec sa boîte dorigine et accessoires et il à était acheté chez Apple. Pas déchanges possible,"Hem, HDF",2016.0,0,2,1,1,4,2,0,similar,market-consistent,older-profile,borderline,acceptable,case_study_sample,1200,1.0,0,0,0
1856,Apple iPhone 14 Pro Max flambant neuf,1200,DETECTED,"Apple iPhone 14 Pro Max flambant neuf  Processeur : Hexa Core Connectivité : 5G, Bluetooth, Wi-Fi, Lightning, NFC Taille de l'écran : 6,7 pouces Chipset : Apple A16 Bionic (4 nm) Système d'exploitation : iOS tat de verrouillage : Déverrouillé Capacité de stockage : 256 Go Résolution de l'appareil photo : 48 MP Batterie : Li-Ion 4323 mAh (charge rapide) Livré avec une garantie Protection : Ceramic Shield Glass  Prix : 1200 ","Nice, PAC",2024.0,0,2,1,3,6,2,1,similar,market-consistent,new-profile,marked,unfavorable,case_study_sample,850,1.411764705882353,0,0,0
1857,Apple iPhone 14 Pro Max,1200,DETECTED,"Apple iPhone 14 Pro Max flambant neuf  Processeur : Hexa Core Connectivité : 5G, Bluetooth, Wi-Fi, Lightning, NFC Taille de l'écran : 6,7 pouces Chipset : Apple A16 Bionic (4 nm) Système d'exploitation : iOS tat de verrouillage : Déverrouillé Capacité de stockage : 256 Go Résolution de l'appareil photo : 48 MP Batterie : Li-Ion 4323 mAh (charge rapide) Livré avec une garantie Protection : Ceramic Shield Glass","Marseille, PAC",2017.0,0,2,1,1,4,2,0,similar,market-consistent,older-profile,borderline,acceptable,case_study_sample,850,1.411764705882353,0,0,0
1858,iPhone 14 pro max NEUF,1200,DETECTED,"Apple iPhone 14 Pro Max flambant neuf  Processeur : Hexa Core Connectivité : 5G, Bluetooth, Wi-Fi, Lightning, NFC  Taille de l'écran : 6,7 pouces Chipset : Apple A16 Bionic (4 nm) Système d'exploitation : iOS tat de verrouillage : Déverrouillé Capacité de stockage : 256 Go Résolution de l'appareil photo : 48 MP Batterie : Li-Ion 4323 mAh (charge rapide)  Livré avec une garantie Protection : Ceramic Shield Glass  Prix : 1200 ","Paris, IDF",2024.0,0,2,1,3,6,2,1,similar,market-consistent,new-profile,marked,unfavorable,case_study_sample,850,1.411764705882353,0,0,0
1859,Iphone 15 pro max,1200,DETECTED,Iphone 15 pro max  Batrie 92 %  tat 10/10,"Créteil, IDF",2011.0,0,2,1,1,4,2,0,similar,market-consistent,older-profile,borderline,acceptable,case_study_sample,1200,1.0,0,0,0
1860,iPhone 15,1500,DETECTED,"Je vends mon IPhone 15 rose 128 Go, Batterie à 100% jai le câble et la boîte. Paiement Paylib et PayPal non acceptée pour causes de nombreuses fraudes.","Villeurbanne, ARA",2011.0,0,2,1,1,4,2,0,similar,market-consistent,older-profile,borderline,acceptable,case_study_sample,1200,1.25,0,0,0
1861,iPhone 15 pro Max 512 Go,1450,DETECTED,"iPhone 15 Pro Max, 512 giga de capacité. Neuf et scellé, avec facture.","Paris, IDF",2016.0,0,2,1,1,4,2,0,similar,market-consistent,older-profile,borderline,acceptable,case_study_sample,1200,1.2083333333333333,0,0,0
1862,iPhone 14 plus + iphone 14 pro max neuf,800,DETECTED,"Vous voulez deux iPhones récents à des prix compétitifs, avec accessoires inclus :  - iPhone 14 Plus 128 GO - Neuf Prix : 680 à débattre Inclus : Coque en silicone avec MagSafe OFFERTE (coloris Bleu Orage, valeur 59) Garantie AppleCare+ (incluant vol et perte) jusqu'au 12 octobre 2024  - iPhone 14 Pro Max 256 GO - Neuf Prix : 800 à débattre Inclus : Lot de 9 coques de protection variées  Offre Pack : Les deux iPhones pour 1400 à débattre ! A venir chercher sur Marseille ! Une occasion en or pour vous équiper ou faire plaisir à un proche avec des smartphones haut de gamme  N'attendez plus, ces offres ne dureront pas longtemps !",Marque,2018.0,0,2,1,1,4,2,0,similar,market-consistent,older-profile,borderline,acceptable,case_study_sample,850,0.9411764705882353,0,0,0
1863,iPhone 14 Plus & iPhone 14 Pro Max NEUFS,800,DETECTED,"Vous voulez deux iPhones récents à des prix compétitifs, avec accessoires inclus :  - iPhone 14 Plus 128 GO bleu - Neuf Prix : 680 à débattre Inclus : Coque en silicone avec MagSafe OFFERTE (coloris Bleu Orage, valeur 59) Garantie AppleCare+ (incluant vol et perte) jusqu'au 12 octobre 2024  - iPhone 14 Pro Max 256 GO violet intense - Neuf Prix : 800 à débattre Inclus : Lot de 9 coques de protection variées  Offre Pack : Les deux iPhones pour 1400 à débattre !  Une occasion en or pour vous équiper ou faire plaisir à un proche avec des smartphones haut de gamme  N'attendez plus, ces offres ne dureront pas longtemps !","Marseille, PAC",2018.0,0,1,1,1,3,2,0,unique,market-consistent,older-profile,low,acceptable,case_study_sample,850,0.9411764705882353,0,0,0
1864,iPhone 15 pro max 1TO titanium bleu,1400,DETECTED,"iPhone 15 pro max 1TO titanium bleu. Le téléphone est en très bon état générale ( utilise depuis septembre 2023 ).  JAMAIS TOMB, je suis extrêmement soigneux avec mes téléphones. Vendu avec boîte et câble dorigine ( pas sur la photo ). Le téléphone est bien évidemment débloque iCloud et tout opérateur. Il y a un film hydrogel dessus depuis 2023 ( dailleurs très solide, chez armatech 15 ).  Jai en ma possession la facture dachat ( 1979 euro chez Amazon en précommande le 19 septembre 2023 ).  1TO étant le stockage maximal pour un iPhone vous pouvez y rentre énormément de données.   possibilité de filmé en format PRORES ( format de vidéo ultra haut de gamme ) qui étais seulement disponible pour les 512GB et 1TO.   la batterie est a 90 pour-cent détat elle me tient 1 jours ( ça dépend de lutilisation).   la couleur est la plus discrète, cest un bleu tirant vers le noir.  Bref une super affaire pour une personne qui cherche beaucoup de stockage sans dépense 2000 euro. Pas de proposition farfelue, pour linstant prix ferme ( je suis le moins cher et lun des seul en 1TO)","Aurillac, ARA",2017.0,0,2,1,1,4,2,0,similar,market-consistent,older-profile,borderline,acceptable,case_study_sample,1200,1.1666666666666667,0,0,0
1865,iPhone 15 pro max 256gb,1368,DETECTED,Bonjour iPhone 15Pro Max 256gb neuf scellé prix au magasin reconditionné 1368,"Marseille, PAC",2024.0,0,1,1,3,5,2,0,unique,market-consistent,new-profile,borderline,acceptable,case_study_sample,1200,1.14,0,0,0
1866,iPhone 15,650,DETECTED,"Bonjour , vend iPhone 15","Armentières, HDF",,1,2,2,2,6,2,1,similar,underpriced,intermediate-or-missing,marked,unfavorable,case_study_sample,1200,0.5416666666666666,0,0,0
1867,IPhone 15 pro max,650,DETECTED,Bonjour je me nomme Nicolas je mets en vente un iPhone 15 pro max 256GB qui n'a aucun problème si quelqu'un a envie de le prendre contacté moi merci.,"Toulon, PAC",,1,2,2,2,6,2,1,similar,underpriced,intermediate-or-missing,marked,unfavorable,case_study_sample,1200,0.5416666666666666,0,0,0
1868,Apple iPhone 14 Pro Max - 256 Go - Violet foncé (sans Simlock) A2894 (CDMA + GSM),650,DETECTED,"iPhone 14 Pro Max, Violet, 258 Go . Pas de verrouillage SIM.   Garantie restante jusqu'au 18 octobre 2024.  L'article sera livrer dans sa boite d'origine .   Un reçu sera fourni sur demande.   Pas de ramassage pour des raison de santé , je souhaite envoyer .l'article par la poste .","Zürich, ZH",2024.0,0,1,2,3,6,2,1,unique,underpriced,new-profile,marked,unfavorable,case_study_sample,850,0.7647058823529411,0,0,0
1869,IPhone 14 pro max,650,DETECTED,"Bonjour, vous pouvez voir mon Apple IPhone 14 Pro Max-512GB-Graphite (débloqué), c'est un produit original avec une garantie. Si vous êtes intéressé, écrivez-moi.  Prix : 650 CHF","Maur, ZH",2024.0,0,2,2,3,7,2,1,similar,underpriced,new-profile,marked,unfavorable,case_study_sample,850,0.7647058823529411,0,0,0
1870,Smartphone Apple iPhone 14 PRO MAX 128 Go violet profond débloqué 100 % soutien-,650,DETECTED,Apple iPhone 14 Pro Max - 128 Go - Violet foncé tat neuf comme neuf L'écran est comme neuf quelques marques de lumière Le dos / les ctés sont comme neufs Santé de la batterie 100% Emballé avec tous les accessoires inutilisés Débloqué sur tous les réseaux Livraison Spéciale Gratuite Le Lendemain Ajoutrr moi sur Snapchat : lefrevemonique,"Bern, BE",2024.0,0,2,2,3,7,2,1,similar,underpriced,new-profile,marked,unfavorable,case_study_sample,850,0.7647058823529411,0,0,0
1871,IPhone 15 pro max 512gb,650,DETECTED,"EAN : 0195949049330   Style : Barre chocolatée   Caractéristiques spéciales : chargement rapide sans fil, étanche, reconnaissance faciale, triple caméra, téléobjectif, résistant à la poussière, eSIM, caméra ultra grand angle, scanner LiDAR   Résolution de la caméra : 48,0 mégapixels, 12,0 mégapixels   Opérateurs mobiles : sans simlock   Processeur : Hexa Core   Système d'exploitation : iOS   Taille de l'écran : 6,7 pouces   Numéro du fabricant : MU7E3ZD/A   Argent   Marque : Apple   Modèle : Apple iPhone 15 Pro Max   Modèle de chipset : Apple A17 Pro   Connectivité : 5G, Bluetooth, Wi-Fi, NFC, USB Type-C   Capacité de stockage : 512 Go","Lausanne, VD",2024.0,0,2,2,3,7,2,1,similar,underpriced,new-profile,marked,unfavorable,case_study_sample,1200,0.5416666666666666,0,0,0
1872,Iphone 14 pro max,650,DETECTED,"Vends iPhone 14 Pro Max 512 Go en excellent état.   Aucune trace d'usure, batterie chargée à 97%.   Un étui pour téléphone portable est également inclus.   Le statut du téléphone est  Nouveau  et il fonctionne correctement.   Aucun problème.   La garantie est également disponible.   Ce smartphone puissant et spacieux offre beaucoup d'espace pour vos données.   Avec d'excellentes performances et un appareil photo de haute qualité, c'est le choix idéal pour tous ceux qui apprécient les normes élevées.  Pour moi c'est une vente urgente.   Expédition également possible.   crivez-moi si vous êtes vraiment intéressé.   sans blague","Basel, BS",2024.0,0,1,2,3,6,2,1,unique,underpriced,new-profile,marked,unfavorable,case_study_sample,850,0.7647058823529411,0,0,0
1873,IPHONE 15 Pro Max 512GB,650,DETECTED,Iphone 15 Pro Max 512GB qui fonctionne parfaitement bien sans problème toujours sous garantie de 2ans,"Le Mont-sur-Lausanne, VD",2024.0,0,2,2,3,7,2,1,similar,underpriced,new-profile,marked,unfavorable,case_study_sample,1200,0.5416666666666666,0,0,0
1874,iPhone 15 pro max 256gb,650,DETECTED,iPhone 15 pro max 256gb  a vendre à un bon prix état 10/10 .la batterie 99%  ...1 mois d'utilisation,"Affoltern am Albis, ZH",2024.0,0,2,2,3,7,2,1,similar,underpriced,new-profile,marked,unfavorable,case_study_sample,1200,0.5416666666666666,0,0,0
1875,iPhone 13 Pro Max,650,DETECTED,"Je vends l'iPhone 13 Pro Max comme neuf. Toujours utilisé avec film de protection et coque, ce que vous voyez sur l'écran est le film fissuré, car l'écran n'a pas une seule rayure, le téléphone portable est strictement neuf.  Couleur bleu marine - version 128gb   10 housses de protection  Je n'envoie pas par la Poste, je livre uniquement en mains propres dans la région de Sion, Saviese et Arbaz","Arbaz, VS",2010.0,0,2,2,1,5,2,0,similar,underpriced,older-profile,borderline,acceptable,case_study_sample,750,0.8666666666666667,0,0,0
1876,iPhone 15 pro max 256gb,650,DETECTED,iPhone 15 pro max 256gb  a vendre à un bon prix état 10/10 .la batterie 99%  ...1 mois d'utilisation,"Basel, BS",2024.0,0,2,2,3,7,2,1,similar,underpriced,new-profile,marked,unfavorable,case_study_sample,1200,0.5416666666666666,0,0,0
1877,IPhone 14 pro 256 GB,650,DETECTED,iphone 14 pro 256 GB Aucune griffure sur les ctés ni derrière Vitre de protection  Câble neuf  Vendu avec la boîte,"Lausanne, VD",2009.0,0,2,2,1,5,2,0,similar,underpriced,older-profile,borderline,acceptable,case_study_sample,850,0.7647058823529411,0,0,0
1878,iphone 14,650,DETECTED,"iphone 14, 128GO, garanti de 2ans, acheté chez aldi, jamais ouvert","Lausanne, VD",2023.0,0,1,2,2,5,2,0,unique,underpriced,intermediate-or-missing,borderline,acceptable,case_study_sample,850,0.7647058823529411,0,0,0
1879,iPhone 13 Pro Max 512GB,650,DETECTED,"**English**  iPhone 13 Pro Max 512GB, Sierra Blue color Model A2484, always kept in a case with a screen protector, perfect condition.  Battery health is at 87%. The phone is fully functional with no issues. Any checks are welcome on-site.  Included: original box, new and unopened charging cable, and two cases as a gift  an original blue Apple case and a non-original orange case.    **Francais**  iPhone 13 Pro Max 512GB, couleur Sierra Blue Modèle A2484, toujours protégé par une coque et un verre trempé, état impeccable.  La batterie est à 87%. Le téléphone est entièrement fonctionnel, sans aucun défaut. Toutes les vérifications sont possibles sur place.  Inclus : boîte d'origine, câble de chargement neuf et non déballé, et deux coques offertes  une coque Apple bleue originale et une coque orange non originale.  ---","Genève, GE",2008.0,0,1,2,1,4,2,0,unique,underpriced,older-profile,borderline,acceptable,case_study_sample,750,0.8666666666666667,0,0,0
1880,iPhone 14 Pro 128gb Purple,620,DETECTED,"Bonjour, Je vends cet iPhone 14 Pro 128gb violet.  Il est en bon état (une petite marque sur un bord) et fonctionne parfaitement.  Avec boîte et câble de charge",Marque,,1,2,2,2,6,2,1,similar,underpriced,intermediate-or-missing,marked,unfavorable,case_study_sample,850,0.7294117647058823,0,0,0
1881,IPhone 15 pro max 512gb neuf,610,DETECTED,Je met en vente mon IPhone 15 pro max 512gb neuf jamais utilisé.,"Lancy, GE",2024.0,0,2,2,3,7,2,1,similar,underpriced,new-profile,marked,unfavorable,case_study_sample,1200,0.5083333333333333,0,0,0
1882,IPhone  14 pro max,600,DETECTED,"Bonjour, vous pouvez voir mon Apple IPhone 14 Pro Max-256GB-Graphite (débloqué), c'est un produit original avec une garantie. Si vous êtes intéressé, écrivez-moi.  Prix : 650 CHF","Lausanne, VD",2024.0,0,2,2,3,7,2,1,similar,underpriced,new-profile,marked,unfavorable,case_study_sample,400,1.5,0,0,0
1883,Apple iPhone 14 PRO MAX - 128 Go -NOIR,600,DETECTED,"Je vends iPhone 14 PRO MAX 128 GO en très bon état avec coque et film protégé,                                  avec  boitier d'origine.  Voir photo     Livré avec accessoires complètes","Lugano, TI",2024.0,0,2,2,3,7,2,1,similar,underpriced,new-profile,marked,unfavorable,case_study_sample,850,0.7058823529411765,0,0,0
1884,Apple iPhone 13 Pro Max Graphite 128GB,600,DETECTED,Téléphone portable iPhone 13 Pro Max d'occasion.  - tat : Comme neuf - Couleur : Graphite - Stockage : 128GB  Aucun accessoire vendu avec le téléphone et sans la boite d'origine !!!  Moyen de paiement accepté: - Virement bancaire - Twint - Cash  A venir chercher sur place. (Je peux me déplacer région Sierre - Sion).,"Noble-Contrée, VS",2008.0,0,2,2,1,5,2,0,similar,underpriced,older-profile,borderline,acceptable,case_study_sample,750,0.8,0,0,0
1885,iphone 15 pro max,600,DETECTED,tout est OK avec le reçu de vente merci,"Schlieren, ZH",2024.0,0,2,2,3,7,2,1,similar,underpriced,new-profile,marked,unfavorable,case_study_sample,1200,0.5,0,0,0
1886,iPhone 14 pro Max,600,DETECTED,iPhone 14 pro Max 128GB Niveau de la batterie : 100%,"Zürich, ZH",2024.0,0,2,2,3,7,2,1,similar,underpriced,new-profile,marked,unfavorable,case_study_sample,850,0.7058823529411765,0,0,0
1887,Iphone 14 128g,600,DETECTED,Tout neuf dans son emballage d origine avec garantie 2 ans,"Nyon, VD",2013.0,0,2,2,1,5,2,0,similar,underpriced,older-profile,borderline,acceptable,case_study_sample,850,0.7058823529411765,0,0,0
1888,"iPhone 14 neuf, sous scellé",600,DETECTED,"iPhone 14 noir, neuf, encore dans lemballage","Genève, GE",2014.0,0,2,2,1,5,2,0,similar,underpriced,older-profile,borderline,acceptable,case_study_sample,850,0.7058823529411765,0,0,0
1889,Iphone 15 pro max,600,DETECTED,Iphone 15 pro max qui est neuf et en parfait état de fonctionnement et ne contient aucun défaut n'y rayures n'y fissures vendu avec tous ces accessoires.,"Zürich, ZH",2024.0,0,2,2,3,7,2,1,similar,underpriced,new-profile,marked,unfavorable,case_study_sample,1200,0.5,0,0,0
1890,iPhone pro 13,600,DETECTED,"Très propre, aucune rayure, jamais sorti de protection. hidden information","Bex, VD",2009.0,0,1,1,1,3,2,0,unique,market-consistent,older-profile,low,acceptable,case_study_sample,400,1.5,0,0,0
1891,iPhone 14 pro Max,600,DETECTED,Vend mon iPhone 14 pro Max 128 bg batterie 84 % il a une rayure mais ne dérange en rien son fonctionnement ! Elle ne se voit pas ni écran allumé ni éteint . Prix fixe !,"Cheseaux-sur-Lausanne, VD",2011.0,0,2,2,1,5,2,0,similar,underpriced,older-profile,borderline,acceptable,case_study_sample,850,0.7058823529411765,0,0,0
1892,Smartphone Apple iPhone 14 PRO MAX 128 Go violet profond débloqué 100 % soutien-,599,DETECTED,Apple iPhone 14 Pro Max - 128 Go - Violet foncé tat neuf comme neuf L'écran est comme neuf quelques marques de lumière Le dos / les ctés sont comme neufs Santé de la batterie 100% Emballé avec tous les accessoires inutilisés Débloqué sur tous les réseaux Livraison Spéciale Gratuite Le Lendemain Ajoutrr moi sur Snapchat : lefrevemonique,"Ueberstorf, FR",2024.0,0,2,2,3,7,2,1,similar,underpriced,new-profile,marked,unfavorable,case_study_sample,850,0.7047058823529412,0,0,0
1893,Smartphone Apple iPhone 14 PRO MAX 128 Go violet profond débloqué 100 % soutien-,599,DETECTED,Apple iPhone 14 Pro Max - 128 Go - Violet foncé tat neuf comme neuf L'écran est comme neuf quelques marques de lumière Le dos / les ctés sont comme neufs Santé de la batterie 100% Emballé avec tous les accessoires inutilisés Débloqué sur tous les réseaux Livraison Spéciale Gratuite Le Lendemain Ajoutrr moi sur Snapchat : lefrevemonique,"Arni, BE",2024.0,0,2,2,3,7,2,1,similar,underpriced,new-profile,marked,unfavorable,case_study_sample,850,0.7047058823529412,0,0,0
1894,Smartphone Apple iPhone 14 PRO MAX 128 Go violet profond débloqué 100 % soutien-,599,DETECTED,Apple iPhone 14 Pro Max - 128 Go - Violet foncé tat neuf comme neuf L'écran est comme neuf quelques marques de lumière Le dos / les ctés sont comme neufs Santé de la batterie 100% Emballé avec tous les accessoires inutilisés Débloqué sur tous les réseaux Livraison Spéciale Gratuite Le Lendemain Ajoutrr moi sur Snapchat : lefrevemonique,"Seedorf, UR",2024.0,0,2,2,3,7,2,1,similar,underpriced,new-profile,marked,unfavorable,case_study_sample,850,0.7047058823529412,0,0,0
1895,Smartphone Apple iPhone 14 PRO MAX 128 Go violet profond débloqué 100 % soutien-,599,DETECTED,Apple iPhone 14 Pro Max - 128 Go - Violet foncé tat neuf comme neuf L'écran est comme neuf quelques marques de lumière Le dos / les ctés sont comme neufs Santé de la batterie 100% Emballé avec tous les accessoires inutilisés Débloqué sur tous les réseaux Livraison Spéciale Gratuite Le Lendemain Ajoutrr moi sur Snapchat : lefrevemonique,"Zürich, ZH",2024.0,0,2,2,3,7,2,1,similar,underpriced,new-profile,marked,unfavorable,case_study_sample,850,0.7047058823529412,0,0,0
1896,Smartphone Apple iPhone 14 PRO MAX 128 Go violet profond débloqué 100 % soutien-,599,DETECTED,Apple iPhone 14 Pro Max - 128 Go - Violet foncé tat neuf comme neuf L'écran est comme neuf quelques marques de lumière Le dos / les ctés sont comme neufs Santé de la batterie 100% Emballé avec tous les accessoires inutilisés Débloqué sur tous les réseaux Livraison Spéciale Gratuite Le Lendemain Ajoutrr moi sur Snapchat : lefrevemonique,"Walkringen, BE",2024.0,0,2,2,3,7,2,1,similar,underpriced,new-profile,marked,unfavorable,case_study_sample,850,0.7047058823529412,0,0,0
1897,Smartphone Apple iPhone 14 PRO MAX 128 Go violet profond débloqué 100 % soutien-,599,DETECTED,Apple iPhone 14 Pro Max - 128 Go - Violet foncé tat neuf comme neuf L'écran est comme neuf quelques marques de lumière Le dos / les ctés sont comme neufs Santé de la batterie 100% Emballé avec tous les accessoires inutilisés Débloqué sur tous les réseaux Livraison Spéciale Gratuite Le Lendemain Ajoutrr moi sur Snapchat : lefrevemonique,"Jegenstorf, BE",2024.0,0,2,2,3,7,2,1,similar,underpriced,new-profile,marked,unfavorable,case_study_sample,850,0.7047058823529412,0,0,0
1898,Smartphone Apple iPhone 14 PRO MAX 128 Go violet profond débloqué 100 % soutien-,599,DETECTED,Apple iPhone 14 Pro Max - 128 Go - Violet foncé tat neuf comme neuf L'écran est comme neuf quelques marques de lumière Le dos / les ctés sont comme neufs Santé de la batterie 100% Emballé avec tous les accessoires inutilisés Débloqué sur tous les réseaux Livraison Spéciale Gratuite Le Lendemain Ajoutrr moi sur Snapchat : lefrevemonique,"Münsingen, BE",2024.0,0,2,2,3,7,2,1,similar,underpriced,new-profile,marked,unfavorable,case_study_sample,850,0.7047058823529412,0,0,0
1899,Smartphone Apple iPhone 14 PRO MAX 128 Go violet profond débloqué 100 % soutien-,599,DETECTED,Apple iPhone 14 Pro Max - 128 Go - Violet foncé tat neuf comme neuf L'écran est comme neuf quelques marques de lumière Le dos / les ctés sont comme neufs Santé de la batterie 100% Emballé avec tous les accessoires inutilisés Débloqué sur tous les réseaux Livraison Spéciale Gratuite Le Lendemain Ajoutrr moi sur Snapchat : lefrevemonique,"Schüpfen, BE",2024.0,0,2,2,3,7,2,1,similar,underpriced,new-profile,marked,unfavorable,case_study_sample,850,0.7047058823529412,0,0,0
1900,Mustapha:Apple iPhone 14 Pro Max - 128 Go - Violet foncétat neuf comme neufL'écran est comme neu,599,DETECTED,Apple iPhone 14 Pro Max - 128 Go - Violet foncé tat neuf comme neuf L'écran est comme neuf quelques marques de lumière Le dos / les ctés sont comme neufs Santé de la batterie 100% Emballé avec tous les accessoires inutilisés Débloqué sur tous les réseaux Livraison Spéciale Gratuite Le Lendemain Ajoutrr moi sur Snapchat : lefrevemonique,"Urtenen-Schönbühl, BE",2024.0,0,2,2,3,7,2,1,similar,underpriced,new-profile,marked,unfavorable,case_study_sample,850,0.7047058823529412,0,0,0
1901,Smartphone Apple iPhone 14 PRO MAX 128 Go violet profond débloqué 100 % soutien-,599,DETECTED,Apple iPhone 14 Pro Max - 128 Go - Violet foncé tat neuf comme neuf L'écran est comme neuf quelques marques de lumière Le dos / les ctés sont comme neufs Santé de la batterie 100% Emballé avec tous les accessoires inutilisés Débloqué sur tous les réseaux Livraison Spéciale Gratuite Le Lendemain Ajoutrr moi sur Snapchat : lefrevemonique,"Bäriswil, BE",2024.0,0,2,2,3,7,2,1,similar,underpriced,new-profile,marked,unfavorable,case_study_sample,850,0.7047058823529412,0,0,0
1902,Apple iPhone 15,584,DETECTED,"128 GB Blue, 6.10, SIM + eSIM, 48 Mpx, 5G Le téléphone est en excellent état. Utilisé pendant plusieurs mois comme téléphone complémentaire au téléphone principal. Le téléphone est couvert par la garantie Salt jusqu'à la fin de l'automne Le cadeau est livré avec une vitre de protection collée et un étui. P.S.  Il n'est pas tombé, n'a pas été exposé à la pluie et a été désinfecté.","Lausanne, VD",2022.0,0,2,3,1,6,2,1,similar,suspiciously-low,older-profile,marked,unfavorable,case_study_sample,1200,0.4866666666666667,0,0,0
1903,Smartphone Apple iPhone 14 PRO MAX 128 Go violet profond débloqué 100 % soutien-,569,DETECTED,Apple iPhone 14 Pro Max - 128 Go - Violet foncé tat neuf comme neuf L'écran est comme neuf quelques marques de lumière Le dos / les ctés sont comme neufs Santé de la batterie 100% Emballé avec tous les accessoires inutilisés Débloqué sur tous les réseaux Livraison Spéciale Gratuite Le Lendemain Ajoutrr moi sur Snapchat : lefrevemonique,"Urtenen-Schönbühl, BE",2024.0,0,2,2,3,7,2,1,similar,underpriced,new-profile,marked,unfavorable,case_study_sample,850,0.6694117647058824,0,0,0
1904,Smartphone Apple iPhone 14 PRO MAX 128 Go violet profond débloqué 100 % soutien-,569,DETECTED,Apple iPhone 14 Pro Max - 128 Go - Violet foncé tat neuf comme neuf L'écran est comme neuf quelques marques de lumière Le dos / les ctés sont comme neufs Santé de la batterie 100% Emballé avec tous les accessoires inutilisés Débloqué sur tous les réseaux Livraison Spéciale Gratuite Le Lendemain Ajoutrr moi sur Snapchat : lefrevemonique,"Worb, BE",2024.0,0,2,2,3,7,2,1,similar,underpriced,new-profile,marked,unfavorable,case_study_sample,850,0.6694117647058824,0,0,0
1905,Smartphone Apple iPhone 14 PRO MAX 128 Go violet profond débloqué 100 % soutien-,569,DETECTED,Apple iPhone 14 Pro Max - 128 Go - Violet foncé tat neuf comme neuf L'écran est comme neuf quelques marques de lumière Le dos / les ctés sont comme neufs Santé de la batterie 100% Emballé avec tous les accessoires inutilisés Débloqué sur tous les réseaux Livraison Spéciale Gratuite Le Lendemain Ajoutrr moi sur Snapchat : lefrevemonique,"Vechigen, BE",2024.0,0,2,2,3,7,2,1,similar,underpriced,new-profile,marked,unfavorable,case_study_sample,850,0.6694117647058824,0,0,0
1906,Smartphone Apple iPhone 14 PRO MAX 128 Go violet profond débloqué 100 % soutien-,569,DETECTED,Apple iPhone 14 Pro Max - 128 Go - Violet foncé tat neuf comme neuf L'écran est comme neuf quelques marques de lumière Le dos / les ctés sont comme neufs Santé de la batterie 100% Emballé avec tous les accessoires inutilisés Débloqué sur tous les réseaux Livraison Spéciale Gratuite Le Lendemain Ajoutrr moi sur Snapchat : lefrevemonique,"Frauenkappelen, BE",2024.0,0,2,2,3,7,2,1,similar,underpriced,new-profile,marked,unfavorable,case_study_sample,850,0.6694117647058824,0,0,0
1907,iPhone 14 128 Go,550,DETECTED,"Bonjour,   Je vends mon iPhone 14 quasi neuf. Il est en excellent état et jai installé une protection sur lécran.   Coque offerte avec cordon offerte   128 go  Possibilité de venir chercher en main propre à Paris 14.","Paris, IDF",,1,2,2,2,6,2,1,similar,underpriced,intermediate-or-missing,marked,unfavorable,case_study_sample,850,0.6470588235294118,0,0,0
1908,iPhone 14,550,DETECTED,Rien à signaler remise en main propre !,"Limay, IDF",,1,2,2,2,6,2,1,similar,underpriced,intermediate-or-missing,marked,unfavorable,case_study_sample,850,0.6470588235294118,0,0,0
1909,iPhone 14 128 GB Midnight (neuf et scellé) - Garantie 24m,550,DETECTED,"Bonjour, Je vends un iPhone 14, 128 GB, couleur Midnight. Il est neuf, la boite est scellée et jamais ouverte. Le document de garantie pour 24 mois  vous sera remis avec le téléphone.","Lausanne, VD",2007.0,0,2,2,1,5,2,0,similar,underpriced,older-profile,borderline,acceptable,case_study_sample,850,0.6470588235294118,0,0,0
1910,iPhone 14 128Go sous blister,550,DETECTED,iPhone 14 sous blister à vendre avec facture raison pas dutilité  Pas sérieux sabstenir  Main propre uniquement,"Vevey, VD",2010.0,0,2,2,1,5,2,0,similar,underpriced,older-profile,borderline,acceptable,case_study_sample,850,0.6470588235294118,0,0,0
1911,iPhone 14 pro,550,DETECTED,"Bonjour, je vend mon iPhone 14 pro 256Go, iPhone en bon état tout est fonctionnel dessus. La batterie est dorigine et sa capacité 89%. 550._ négociable raisonnablement. Merci à bientt","Vully-les-Lacs, VD",2011.0,0,2,2,1,5,2,0,similar,underpriced,older-profile,borderline,acceptable,case_study_sample,850,0.6470588235294118,0,0,0
1912,IPHONE 14 128Go NEUF,550,DETECTED,iPhone 14 128 Go noir  Sous blister  Avec facture  Pas sérieux sabstenir,"Vevey, VD",2010.0,0,2,2,1,5,2,0,similar,underpriced,older-profile,borderline,acceptable,case_study_sample,850,0.6470588235294118,0,0,0
1913,Iphone 13 Pro,550,DETECTED,"Bonjour,  je vend mon Iphone 13 Pro, 128GB, bleu. tat bien, mini rayure qui se vois à peine.   -Téléphone avec la boîte: 500.-   Accessoire:  -Coque iPhone: 15.- -Adaptateur pas officiel d'apple: Gratuit. -Câble chargeur: 15.- -Câble sans fil : 25.-   Le toute pour 550.-  A venir cherchez entre Sierre et Monthey. Paiement uniquement par cash ou par twint.","Noble-Contrée, VS",2011.0,0,2,2,1,5,2,0,similar,underpriced,older-profile,borderline,acceptable,case_study_sample,750,0.7333333333333333,0,0,0
1914,IPHONE 14 NEUF (Avec il dit garanti),550,DETECTED,Iphone 14 neuf dans sa boite avec il dit garanti  Zéro utilisation.  Couleur : noir 128 GB Avec cable de recharge,"Cortaillod, NE",2023.0,0,2,2,2,6,2,1,similar,underpriced,intermediate-or-missing,marked,unfavorable,case_study_sample,850,0.6470588235294118,0,0,0
1915,Smartphone Apple iPhone 14 PRO MAX 128 Go violet profond débloqué 100 % soutien-,550,DETECTED,Apple iPhone 14 Pro Max - 128 Go - Violet foncé tat neuf comme neuf L'écran est comme neuf quelques marques de lumière Le dos / les ctés sont comme neufs Santé de la batterie 100% Emballé avec tous les accessoires inutilisés Débloqué sur tous les réseaux Livraison Spéciale Gratuite Le Lendemain Ajoutrr moi sur Snapchat : lefrevemonique,"Zollikofen, BE",2024.0,0,2,2,3,7,2,1,similar,underpriced,new-profile,marked,unfavorable,case_study_sample,850,0.6470588235294118,0,0,0
1916,iPhone 15 pro max jamais utilisé,550,DETECTED,"iPhone 15 pro max jamais utilisé disponible immédiatement, veillez me contacter si cela vous intéresse,  Livraison rapide et fiable en toute sécurité possible.","Neuchâtel, NE",2024.0,0,2,3,3,8,2,1,similar,suspiciously-low,new-profile,marked,unfavorable,case_study_sample,1200,0.4583333333333333,0,0,0
1917,Smartphone Apple iPhone 14 PRO MAX 128 Go violet profond débloqué 100 % soutien-,550,DETECTED,Apple iPhone 14 Pro Max - 128 Go - Violet foncé tat neuf comme neuf L'écran est comme neuf quelques marques de lumière Le dos / les ctés sont comme neufs Santé de la batterie 100% Emballé avec tous les accessoires inutilisés Débloqué sur tous les réseaux Livraison Spéciale Gratuite Le Lendemain Ajoutrr moi sur Snapchat : lefrevemonique,"Muri, AG",2024.0,0,2,2,3,7,2,1,similar,underpriced,new-profile,marked,unfavorable,case_study_sample,850,0.6470588235294118,0,0,0
1918,iPhone 14 pro max 265GB,550,DETECTED,iPhone 14 pro Max avec cassure mais fonctionne parfaitement bien! (265 GB) prix négociable,"Zürich, ZH",2017.0,0,2,2,1,5,2,0,similar,underpriced,older-profile,borderline,acceptable,case_study_sample,850,0.6470588235294118,0,0,0
1919,Iphone 15 pro max,550,DETECTED,"Je vends un iPhone 15 Pro Max flambant neuf, encore scellé dans son emballage d'origine. Voici les détails :  - **Modèle :** iPhone 15 Pro Max - **Capacité :** 256 Go - **tat :** Neuf, jamais ouvert, emballage d'origine scellé - **Accessoires inclus :**   - Boîte d'origine   - Câble de chargement USB-C   - Adaptateur secteur   - couteurs  **Caractéristiques principales :** - cran Super Retina XDR 6.7 pouces - Processeur A17 Bionic ultra puissant - Triple caméra 48 MP avec mode Nuit et enregistrement vidéo 4K - Compatibilité 5G pour des vitesses de téléchargement ultra-rapides - Autonomie exceptionnelle de la batterie - Fonction Face ID pour une sécurité optimale","Pohlern, BE",2024.0,0,2,3,3,8,2,1,similar,suspiciously-low,new-profile,marked,unfavorable,case_study_sample,1200,0.4583333333333333,0,0,0
1920,iPhone 15 Pro Max 256GB,550,DETECTED,"iPhone 15 Pro Max 256GB , L'appareil n'a été utilisé qu'avec un film protecteur sur l'écran et un couvercle de protection. Il n'y a pas de trace d'usure sur le cadre. L'appareil fonctionne parfaitement et ne présente aucun défaut.     L'appareil dispose de 256 Go de capacité de stockage et est disponible sans contrat et sans verrouillage SIM. Il prend en charge la connectivité 5G ainsi que Bluetooth, Wi-Fi, Lightning et NFC. La boussole électronique, le capteur gyroscope, le capteur de proximité, le téléobjectif, le capteur de lumière ambiante, le capteur d'accélération, le baromètre, l'eSIM, la détection d'accident et l'annuaire téléphonique font de l'iPhone 15 Pro Max un compagnon idéal pour toutes les situations.     La capacité de la batterie est encore à 100%. Pas de perte de temps","Delémont, JU",2024.0,0,2,3,3,8,2,1,similar,suspiciously-low,new-profile,marked,unfavorable,case_study_sample,1200,0.4583333333333333,0,0,0
1921,iPhone 13 Pro Max bleu sierra,550,DETECTED,iPhone 13 Pro Max couleur bleu sierra. Contactez-moi pour plus dinformations !,Marque,2024.0,0,2,2,3,7,2,1,similar,underpriced,new-profile,marked,unfavorable,case_study_sample,750,0.7333333333333333,0,0,0
1922,iPhone 14,550,DETECTED,iPhone 14 128 GO jamais ouvert avec garantie 2 ans et facture,"Lausanne, VD",2023.0,0,2,2,2,6,2,1,similar,underpriced,intermediate-or-missing,marked,unfavorable,case_study_sample,850,0.6470588235294118,0,0,0
1923,iPhone 14 Plus 128 giga,630,DETECTED,iPhone 14 plus 128 giga   Aucune rayure sur les faces avant- arrière du téléphone.  Batterie : 89%  Prix dachat sur Apple actuellement 972,"Mercurol-Veaunes, ARA",,1,2,2,2,6,2,1,similar,underpriced,intermediate-or-missing,marked,unfavorable,case_study_sample,850,0.7411764705882353,0,0,0
1924,iPhone 14,600,DETECTED,Vend iphone 14 128 Go  Je le vend car j'ai voulu essayer iphone mais j'accroche pas étant sur Android . cran protégé et avec une coque de protection,"Laon, HDF",,1,2,2,2,6,2,1,similar,underpriced,intermediate-or-missing,marked,unfavorable,case_study_sample,850,0.7058823529411765,0,0,0
1925,iPhone 13 Pro 128gb,550,DETECTED,Batterie 83 Très bon état  Comme neuf  Disponible à Genève  Pas des factures  Avec chargeur,"Genève, GE",2021.0,0,2,2,1,5,2,0,similar,underpriced,older-profile,borderline,acceptable,case_study_sample,750,0.7333333333333333,0,0,0
1926,iPhone 13 Pro 64 GB,550,DETECTED,"Vente en main, batterie à 86%  Excellente état","Sierre, VS",2013.0,0,2,2,1,5,2,0,similar,underpriced,older-profile,borderline,acceptable,case_study_sample,750,0.7333333333333333,0,0,0
1927,iPhone 14 128GB BLUE,550,DETECTED, vendre iPhone 14   Comme neuf très peu utilisé   128 GB BLUE   AVEC GARANTIE,"Corgémont, BE",2021.0,0,2,2,1,5,2,0,similar,underpriced,older-profile,borderline,acceptable,case_study_sample,850,0.6470588235294118,0,0,0
1928,iPhone 14 BLEU 128 GB,550,DETECTED, vendre iPhone 14   Comme neuf très peu utilisé   128 GB BLUE   AVEC GARANTIE,"Corgémont, BE",2021.0,0,2,2,1,5,2,0,similar,underpriced,older-profile,borderline,acceptable,case_study_sample,850,0.6470588235294118,0,0,0
1929,iPhone 13 Pro Max 256 gb Vert Alpin,550,DETECTED,"A vendre iPhone 13 Pro Max Vert Alpin 256G  Vendu avec câble neuf Lightning vers USB-C (1 m), un casque EarPods Lightning neuf et boite d'origine. Chargeur non fourni. Mis en vente car acquisition dun nouveau natel lors dune nouvelle prolongation dabonnement . L'iPhone fonctionne parfaitement. Il est en trés bon état. Aucunes rayures sur l'écran avant et arrière de l'iPhone. Protégé depuis le 1er jour de son achat avec film en verre Planzer (installé) et coque plastique renforcée, je la donne avec. tat niveau de batterie maximum 92%. Prix fixe, personnes non sérieuses sabstenir. Envoi par Poste avec signature ou remise en mains propres. Consultez mes autres annonces en cliquant sur le information sur le vendeur.",Est déverrouillé (O/N),2024.0,0,2,2,3,7,2,1,similar,underpriced,new-profile,marked,unfavorable,case_study_sample,750,0.7333333333333333,0,0,0
1930,Apple iPhone 14 128GB Midnight,549,DETECTED,"2 ans de garantie, emballage d'origine jamais ouvert.","Lausanne, VD",2015.0,0,1,2,1,4,2,0,unique,underpriced,older-profile,borderline,acceptable,case_study_sample,850,0.6458823529411765,0,0,0
1931,iPhone 13 Pro comme neuf,540,DETECTED,iphone 13 pro  Blanc En excellent état,"Lausanne, VD",2022.0,0,2,2,1,5,2,0,similar,underpriced,older-profile,borderline,acceptable,case_study_sample,750,0.72,0,0,0
1932,iPhone 13 bleu 128Go pack complet,550,DETECTED,"iPhone 13 128 Go Bleu : - excellent état, toujours protégé avec un verre trempé et une coque de protection donc aucune rayures   - Réseau 5G Débloqué tout opérateur  - 87%  - Carte SIM Single-SIM + eSIM.  Vendu avec :  - Coque Rhinoshield clear (Coque transparente anti-jaunissement dune valeur de 47)  - Coque plastique rigide  - 2 Protections écran en verre trempé  - Protection en verre trempé appareil photo + kit dapplication complet  - Contour dappareil photo Rhinoshield noir  - Chargeur dorigine complet   - Outil déjection de carte SIM   - Stickers iPhone.   Remise en main propre uniquement.","Metz, GES",,1,2,2,2,6,2,1,similar,underpriced,intermediate-or-missing,marked,unfavorable,case_study_sample,750,0.7333333333333333,0,0,0
1933,iPhone 13 Rose 256 GO,530,DETECTED,"Bonjour,  Je vend mon iPhone 13 couleur rose  256 GO  Capacité de batterie à 92% Toujours protéger dune coque et verre trempé Rhinoshield   Vendu avec la coque (bouton volume + à changer mais fonctionne quand même & petit impact sur la coque) et le verre trempé (petite fissure)   Nhésitez pas à partager ","Douai, HDF",,1,2,2,2,6,2,1,similar,underpriced,intermediate-or-missing,marked,unfavorable,case_study_sample,750,0.7066666666666667,0,0,0
1934,IPHONE 15 pro max,530,DETECTED,IPHONE 15 pro max tous neuf sans aucun problèmes êta neuf vendu avec tous les accessoires,"Genève, GE",2024.0,0,2,3,3,8,2,1,similar,suspiciously-low,new-profile,marked,unfavorable,case_study_sample,1200,0.44166666666666665,0,0,0
1935,iPhone 14 Mauve 128GO,520,DETECTED,iPhone 14 Mauve 128 GO Aucun coup toujours était protégé par un verre tremper et une coque. Vendu avec boîte coque et chargeur de 2m. 520 à négocier,"Dunkerque, HDF",,1,2,2,2,6,2,1,similar,underpriced,intermediate-or-missing,marked,unfavorable,case_study_sample,850,0.611764705882353,0,0,0
1936,iPhone 15 pro max,520,DETECTED,Iphone 15 pro max neu,"Basel, BS",2024.0,0,2,3,3,8,2,1,similar,suspiciously-low,new-profile,marked,unfavorable,case_study_sample,1200,0.43333333333333335,0,0,0
1937,iPhone 13 Pro,520,DETECTED,Très bon état comme neuf  128gb Genève  Avec chargeur  Est vitre des protection ,Couleur,2020.0,0,2,2,1,5,2,0,similar,underpriced,older-profile,borderline,acceptable,case_study_sample,750,0.6933333333333334,0,0,0
1938,Iphone 14 bleu très bon état,520,DETECTED,Iphone 14  128 gb utilisé avec coque et protection (toujours appliquée) 1 année dutilisation  Boite + Coque noir  + cable Etat batterie 88%,"Lausanne, VD",2009.0,0,2,2,1,5,2,0,similar,underpriced,older-profile,borderline,acceptable,case_study_sample,850,0.611764705882353,0,0,0
1939,iPhone 13 midnight 256Go,500,DETECTED,"iPhone 13 256Go Couleur bleu midnight Emballage ouvert mais téléphone jamais utilisé ni même allumé. Protection de lemballage dorigine jamais retirée.   cran Super Retina XDR OLED, 6,1 pouces, résolution 2 532 x 1 170 pixels à 460 ppp Double appareil photo 12 Mpx : grand-angle et ultra-grand-angle Résolution photo : 12 Mpx Résolution vidéo : jusquà 4K à 60 i/s, HDR avec Dolby Vision Processeur A15 Bionic, 6 curs avec 2 curs de performance et 4 curs à haute efficacité énergétique Batterie au lithium-ion rechargeable intégrée, capacité non spécifiée Charge rapide : jusquà 50 % de charge en 30 minutes avec un adaptateur 20 W ou plus Connectique : 1 Lightning, 1 3G, 1 4G, 1 5G, Bluetooth, NFC, Wi-Fi Géolocalisation : GPS intégré, GLONASS, Galileo, QZSS et BeiDou Système dexploitation : iOS Couleur : Bleu Midnight Modèle de téléphone : iPhone 13 Gamme Téléphonie : iPhone 13  Caractéristiques complémentaires  cran tactile avec reconnaissance de forme et de mouvement Reconnaissance vocale avec Siri Déverrouillage facial Utilisation téléphone portable standard Dimensions : 146,7 x 71,5 x 7,65 mm Poids du produit : 173 g Indice DAS Tronc : 0,99 W/Kg Indice DAS Tête : 0,98 W/Kg Indice DAS membre : 2,99 W/Kg Indice de réparabilité : 6,4","Mulhouse, GES",,1,1,2,2,5,2,0,unique,underpriced,intermediate-or-missing,borderline,acceptable,case_study_sample,750,0.6666666666666666,0,0,0
1940,iPhone 15 Pro Max,500,DETECTED,"i15 Pro Max en vente 512 go, disponible en stock également sous différentes capacité et couleurs. Livraison possible contactez nous pour plus d'informations.","Paris, IDF",,1,2,3,2,7,2,1,similar,suspiciously-low,intermediate-or-missing,marked,unfavorable,case_study_sample,1200,0.4166666666666667,0,0,0
1941,iPhone 14 bleu 128Go,500,DETECTED,"Je vend mon iPhone 14 bleu utilisé 1 an, aucun impact en parfait état esthétique et fonctionnement.  Je le vend car jai acheté un 15 pro a la place.  iPhone 14 bleu 128Go débloqué tout opérateur et réinitialiser.  Sous garantie.  Vendu avec accessoires en plus 1 coque iPhone 14 bleu + 2 protections décrans  Situé sur Paris.  Personne sérieuse uniquement","Paris, IDF",,1,2,2,2,6,2,1,similar,underpriced,intermediate-or-missing,marked,unfavorable,case_study_sample,850,0.5882352941176471,0,0,0
1942,iPhone 14 plus noir,500,DETECTED,iPhone 14 plus 256 go avec quelques rayures sur lécran à vendre à un bon prix. Le téléphone marche très bien et il na jamais été ouvert  La batterie est à 89%  Merci de me faire signe inbox pour les intéressés !!,"Bobigny, IDF",,1,2,2,2,6,2,1,similar,underpriced,intermediate-or-missing,marked,unfavorable,case_study_sample,850,0.5882352941176471,0,0,0
1943,Apple IPHONE 13 Pro 256GB +Facture et Accessoires,500,DETECTED,Apple iPhone 13 pro - 512 Go - VERT ALPIN (Déverrouillé). tat de la batterie : 81% tat de le téléphone 8/10 comme neuf avec chargeur cover arrière sans boit,"Limoges, NAQ",,1,2,2,2,6,2,1,similar,underpriced,intermediate-or-missing,marked,unfavorable,case_study_sample,750,0.6666666666666666,0,0,0
1944,iPhone 14 pro max 520Go Dualism,500,DETECTED,Bonjour je met en vente un iphone 14 pro max neuf jamais utilisé avec ses accessoires y compris sa facture et sa boîte d'originalité   Prix 500CHF.  Port : 7 CHF   PS. UNIQUEMENT Par LA POSTE   Le paiement s'effectue par twint.   Merci.,Couleur,2024.0,0,2,2,3,7,2,1,similar,underpriced,new-profile,marked,unfavorable,case_study_sample,850,0.5882352941176471,0,0,0
1945,iPhone 14 Pro,500,DETECTED,128gb  batterie 90% disponible sur place à veyrier,"Genève, GE",2023.0,0,2,2,2,6,2,1,similar,underpriced,intermediate-or-missing,marked,unfavorable,case_study_sample,850,0.5882352941176471,0,0,0
1946,Iphone 13 pro max,500,DETECTED,Iphone 13 Pro Max 256GB état neuf rien à signaler à tout les accessoires d'origine état 10/10,"Wohlen bei Bern, BE",2024.0,0,2,2,3,7,2,1,similar,underpriced,new-profile,marked,unfavorable,case_study_sample,750,0.6666666666666666,0,0,0
1947,Apple iPhone 15 Pro Max - 256 Go,500,DETECTED,Je vends mon Apple iPhone 15 Pro Max - 256 Go état neuf,"Zürich, ZH",2024.0,0,2,3,3,8,2,1,similar,suspiciously-low,new-profile,marked,unfavorable,case_study_sample,1200,0.4166666666666667,0,0,0
1948,Apple iPhone 14 Pro - 128Go,500,DETECTED,Je vends mon Apple iPhone 14 Pro - 128Go état neuf,"Zürich, ZH",2024.0,0,2,2,3,7,2,1,similar,underpriced,new-profile,marked,unfavorable,case_study_sample,850,0.5882352941176471,0,0,0
1949,ICH verkaufe ein Brandeues iPhone 14 Pro Max 512 GB Das Handy ist brandeues Und völlig u,500,DETECTED,Appelé iPhone 14 Pro Max-256 Go- viscur noir toujours conserve avec la garde et l'écran de sauvegarde de la vitrine    Jamais tombe     Principalement conserve comme neuf,"Genève, GE",2024.0,0,2,2,3,7,2,1,similar,underpriced,new-profile,marked,unfavorable,case_study_sample,850,0.5882352941176471,0,0,0
1950,iPhone 15 Pro Blue Titanuim 256Go,500,DETECTED,iPhone 15 Pro Blue Titanuim 256Go  Neuf jamais ouvert !!!! Uniquement sur envoie postale paiement par virement bancaire (iban Suisse) les paiement twint et virement pas compte bancaire étrangers non merci,"Lausanne, VD",2016.0,0,1,3,1,5,2,0,unique,suspiciously-low,older-profile,borderline,acceptable,case_study_sample,1200,0.4166666666666667,0,0,0
1951,Iphone 14 Pro Max 512GB Neu,500,DETECTED,Cave à vins,"Bern, BE",2010.0,0,2,2,1,5,2,0,similar,underpriced,older-profile,borderline,acceptable,case_study_sample,850,0.5882352941176471,0,0,0
1952,iPhone 13 Pro Max 256G Blanc/Miroir,500,DETECTED,Bonjour je souhaiterais vendre mon IPhone 13 Pro Max 256G Le prix comprend  le téléphone  Avec sa boîte dorigine Apple  Chargeur et Notice  1 Four de protection en Cuir Noir avec porte carte intégré  1 Four de protection By MagSafe  Cette appareil na jamais été réparé et vous pourrez venir le vérifier vous même sur place  Le numéro de série ect  Honnêtement cest une belle machine je souhaiterais juste lui donner une seconde vie et faire un heureux au passage,"Lancy, GE",2010.0,0,1,2,1,4,2,0,unique,underpriced,older-profile,borderline,acceptable,case_study_sample,750,0.6666666666666666,0,0,0
1953,iPhone 15,500,DETECTED,iPhone 15 rose 128gb 100% à peine 2 mois jamais utiliser juste déballer   Garantie et reçue compris,"Neuchâtel, NE",2024.0,0,2,3,3,8,2,1,similar,suspiciously-low,new-profile,marked,unfavorable,case_study_sample,1200,0.4166666666666667,0,0,0
1954,iPhone 13 Pro Max Blanc/Miroir,500,DETECTED,Bonjour je souhaiterais vendre mon ancien téléphone cest un superbe appareil  Le Prix Comprend  iPhone 13 Pro Max 256G Blanc/Miroir Comme neuf  Avec  Vitre de protection intégré  Four de protection en Cuir noir avec porte Carte intégré  Four de protection By MagSafe  Boîtier Dorigine Apple avec Notice et chargeur dorigine  Ce téléphone na jamais été réparé et vous pouvez le vérifier vous même en cas de doute sur place,"Lancy, GE",2010.0,0,2,2,1,5,2,0,similar,underpriced,older-profile,borderline,acceptable,case_study_sample,750,0.6666666666666666,0,0,0
1955,Smartphone Apple iPhone 14 PRO MAX 128 Go violet profond débloqué 100 % soutien-,499,DETECTED,Apple iPhone 14 Pro Max - 128 Go - Violet foncé tat neuf comme neuf L'écran est comme neuf quelques marques de lumière Le dos / les ctés sont comme neufs Santé de la batterie 100% Emballé avec tous les accessoires inutilisés Débloqué sur tous les réseaux Livraison Spéciale Gratuite Le Lendemain Ajoutrr moi sur Snapchat : lefrevemonique,"Grossaffoltern, BE",2024.0,0,2,2,3,7,2,1,similar,underpriced,new-profile,marked,unfavorable,case_study_sample,850,0.5870588235294117,0,0,0
1956,Smartphone Apple iPhone 14 PRO MAX 128 Go violet profond débloqué 100 % soutien-,499,DETECTED,Apple iPhone 14 Pro Max - 128 Go - Violet foncé tat neuf comme neuf L'écran est comme neuf quelques marques de lumière Le dos / les ctés sont comme neufs Santé de la batterie 100% Emballé avec tous les accessoires inutilisés Débloqué sur tous les réseaux Livraison Spéciale Gratuite Le Lendemain Ajoutrr moi sur Snapchat : lefrevemonique,"Krauchthal, BE",2024.0,0,2,2,3,7,2,1,similar,underpriced,new-profile,marked,unfavorable,case_study_sample,850,0.5870588235294117,0,0,0
1957,Smartphone Apple iPhone 14 PRO MAX 128 Go violet profond débloqué 100 % soutien-,499,DETECTED,Apple iPhone 14 Pro Max - 128 Go - Violet foncé tat neuf comme neuf L'écran est comme neuf quelques marques de lumière Le dos / les ctés sont comme neufs Santé de la batterie 100% Emballé avec tous les accessoires inutilisés Débloqué sur tous les réseaux Livraison Spéciale Gratuite Le Lendemain Ajoutrr moi sur Snapchat : lefrevemonique,"Toffen, BE",2024.0,0,2,2,3,7,2,1,similar,underpriced,new-profile,marked,unfavorable,case_study_sample,850,0.5870588235294117,0,0,0
1958,Iphone 13 pro max 256gb,499,DETECTED,"Apple iPhone 13 Pro max   - 256gb   - Absolument neuf, pas de rayures ou quoi que ce soit   Signes d'usure   - Facture originale   - Emballage et accessoires d'origine","Genève, GE",2024.0,0,2,2,3,7,2,1,similar,underpriced,new-profile,marked,unfavorable,case_study_sample,750,0.6653333333333333,0,0,0
1959,iphone 13 pro 128GB,490,DETECTED,iphone 13 pro à vendre  - létat de lappareil est comme neuf  - état de la batterie à 100% car changement de la batterie  - garantie de la batterie  - avec coque apple,"Renens, VD",2023.0,0,2,2,2,6,2,1,similar,underpriced,intermediate-or-missing,marked,unfavorable,case_study_sample,750,0.6533333333333333,0,0,0
1960,iPhone 14 128gb rouge,490,DETECTED,Garantie encore 1 ans avec boîte et facture,"Saint-Sulpice, VD",2017.0,0,2,2,1,5,2,0,similar,underpriced,older-profile,borderline,acceptable,case_study_sample,850,0.5764705882352941,0,0,0
1961,Iphone 14 excellent etat,490,DETECTED,"Iphone 14 128gb excellent etat + coque de protection. Toujour protegè avec vitre de protection, batterie 86%","Vevey, VD",2018.0,0,2,2,1,5,2,0,similar,underpriced,older-profile,borderline,acceptable,case_study_sample,850,0.5764705882352941,0,0,0
1962,iPhone 13 128go,480,DETECTED,Bonjour je vend mon iPhone 13 blanc 128go qui na jamais servi car je ne nai pas lutilité,"Proville, HDF",,1,2,2,2,6,2,1,similar,underpriced,intermediate-or-missing,marked,unfavorable,case_study_sample,750,0.64,0,0,0
1963,"iPhone 13 Pro 256 GB, vert",480,DETECTED,"iPhone 13 Pro, 256 GB, état impeccable avec verre & coque de protection, batterie quasi 100% car très peu utilisé   chercher sur place",Marque,2021.0,0,2,2,1,5,2,0,similar,underpriced,older-profile,borderline,acceptable,case_study_sample,750,0.64,0,0,0
1964,iPhone 13 Pro Max 128 Go,450,NEGATIVE,Le produit est d'origine en excellent état de fonctionnement il est vendu avec une garantie et ses accessoires,"Paris, IDF",,1,2,2,2,0,3,0,similar,underpriced,intermediate-or-missing,legitimate,acceptable,case_study_sample,750,0.6,1,0,1
1965,Iphone 13 pro max,450,NEGATIVE,Le produit est d'origine en excellent état de fonctionnement il est vendu avec une garantie et ses accessoires,"Paris, IDF",,1,2,2,2,0,3,0,similar,underpriced,intermediate-or-missing,legitimate,acceptable,case_study_sample,750,0.6,1,0,1
1966,Iphone 14 128 GB,450,DETECTED,tat de la batterie 100% Aucune rayure,"Nice, PAC",,1,2,2,2,6,2,1,similar,underpriced,intermediate-or-missing,marked,unfavorable,case_study_sample,850,0.5294117647058824,0,0,0
1967,iPhone 13 Pro Max / 256 Go,450,NEGATIVE,Le produit est dorigine en excellent état de fonctionnement il est vendu avec une garantie et ses accessoires.,"Paris, IDF",,1,2,2,2,0,3,0,similar,underpriced,intermediate-or-missing,legitimate,acceptable,case_study_sample,750,0.6,1,0,1
1968,IPhone 13 pro max 128 go,450,NEGATIVE,Le produit est d'origine en excellent état de fonctionnement il est vendu avec une garantie et ses accessoires,"Paris, IDF",,1,2,2,2,0,3,0,similar,underpriced,intermediate-or-missing,legitimate,acceptable,case_study_sample,750,0.6,1,0,1
1969,iPhone 13 Pro Max,450,NEGATIVE,Le produit est d'origine en excellent état de fonctionnement il est vendu avec une garantie et ses accessoires,"Paris, IDF",,1,2,2,2,0,3,0,similar,underpriced,intermediate-or-missing,legitimate,acceptable,case_study_sample,750,0.6,1,0,1
1970,iPhone 13 prox max/128go,450,NEGATIVE,Le produit est dorigine en excellent état de fonctionnement est vendu avec une garantie et ses accessoires,"Paris, IDF",,1,2,2,2,0,3,0,similar,underpriced,intermediate-or-missing,legitimate,acceptable,case_study_sample,750,0.6,1,0,1
1971,iPhone 13 Pro max,450,NEGATIVE,Le produit est d'origine en excellent état de fonctionnement il est vendu avec une garantie et ses accessoires,"Paris, IDF",,1,2,2,2,0,3,0,similar,underpriced,intermediate-or-missing,legitimate,acceptable,case_study_sample,750,0.6,1,0,1
1972,Titre : iPhone 13 Pro Max 128 Go,450,NEGATIVE,Le produit est d'origine en excellent état de fonctionnement il est vendu avec une garantie et ses accessoires,"Paris, IDF",,1,2,2,2,0,3,0,similar,underpriced,intermediate-or-missing,legitimate,acceptable,case_study_sample,750,0.6,1,0,1
1973,iPhone 13 Pro Max 128giga,450,NEGATIVE,Le produit est d'origine en excellent état de fonctionnement il est vendu avec une garantie et ses accessoires,"Paris, IDF",,1,2,2,2,0,3,0,similar,underpriced,intermediate-or-missing,legitimate,acceptable,case_study_sample,750,0.6,1,0,1
1974,Iphone 15 pro max,450,DETECTED,Je mets en vente mon iphone 15 pro max 512gb il est toujours dans son état neuf avec les accessoires livraison possible,"Lausanne, VD",2023.0,0,2,3,2,7,2,1,similar,suspiciously-low,intermediate-or-missing,marked,unfavorable,case_study_sample,1200,0.375,0,0,0
1975,iPhone 13 Pro Max 128 Go,450,DETECTED,"Lieu: 75002 , 75003 , 75004 , 75005 , 75006 , 75007 , 75008 , 75009 , 75010 ,  75012 , 75013 , 75014 , 75015 , 75016 , 75017 , 75018 , 75019 , 75020 (au choix)","Paris, IDF",,1,1,2,2,5,2,0,unique,underpriced,intermediate-or-missing,borderline,acceptable,case_study_sample,750,0.6,0,0,0
1976,iPhone 14 jaune 128GB,450,DETECTED,"Bonjour, je vends mon iPhone 14 de couleur jaune 128 giga débloquer tout opérateur.  Il est en parfait état. Il la toujours été protégé par un écran en verre ainsi que dun étui,  je fournis le téléphone ainsi que la boîte + le fil de charge qui est neuf na jamais été utilisé  Je le vends car je change régulièrement mes téléphones. Je viens davoir le 15.  Remise en main propre uniquement","Gratentour, OCC",,1,2,2,2,6,2,1,similar,underpriced,intermediate-or-missing,marked,unfavorable,case_study_sample,850,0.5294117647058824,0,0,0
1977,IPhone 13 Pro Max 128 Go,450,NEGATIVE,Le produit est d'origine en excellent état de fonctionnement il est vendu avec une garantie et ses accessoires,"Paris, IDF",,1,2,2,2,0,3,0,similar,underpriced,intermediate-or-missing,legitimate,acceptable,case_study_sample,750,0.6,1,0,1
1978,iPhone 13 prix max 256 Go,450,NEGATIVE,Le produit est d'origine en excellent état de fonctionnement il est vendu avec une garantie et ses accessoires,"Paris, IDF",,1,2,2,2,0,3,0,similar,underpriced,intermediate-or-missing,legitimate,acceptable,case_study_sample,750,0.6,1,0,1
1979,iPhone 14,450,DETECTED,iPhone 14 128 Giga a vendre  iPhone reconditionné   récupérer à Boulay  Pas Denvoi Pas de réservation,"Boulay-Moselle, GES",,1,2,2,2,6,2,1,similar,underpriced,intermediate-or-missing,marked,unfavorable,case_study_sample,850,0.5294117647058824,0,0,0
1980,iPhone 13 Pro Max 128 Go,450,NEGATIVE,Le produit est d'origine en excellent état de fonctionnement il est vendu avec une garantie et ses accessoires,"Paris, IDF",,1,2,2,2,0,3,0,similar,underpriced,intermediate-or-missing,legitimate,acceptable,case_study_sample,750,0.6,1,0,1
1981,iPhone 13 Pro Max 128go,450,NEGATIVE,Le produit est d'origine en excellent état de fonctionnement il est vendu avec une garantie et ses accessoires,"Paris, IDF",,1,2,2,2,0,3,0,similar,underpriced,intermediate-or-missing,legitimate,acceptable,case_study_sample,750,0.6,1,0,1
1982,Iphone 13 Pro Max 128 Go,450,NEGATIVE,Le produit est d'origine en excellent état de fonctionnement il est vendu avec une garantie et ses accessoires,"Paris, IDF",,1,2,2,2,0,3,0,similar,underpriced,intermediate-or-missing,legitimate,acceptable,case_study_sample,750,0.6,1,0,1
1983,Iphone 14 128 giga,450,DETECTED,Iphone 14 rouge 128giga reconditionné A venir chercher sur place sur boulay-moselle. Pas de reservation  Pas d'envoi.,"Boulay-Moselle, GES",,1,2,2,2,6,2,1,similar,underpriced,intermediate-or-missing,marked,unfavorable,case_study_sample,850,0.5294117647058824,0,0,0
1984,Iphone 14 neuf 128gb,450,DETECTED,"Iphone 14 neuf 128gb , encore dans la boite pas ouvert. 500-","Lausanne, VD",,1,2,2,2,6,2,1,similar,underpriced,intermediate-or-missing,marked,unfavorable,case_study_sample,850,0.5294117647058824,0,0,0
1985,iPhone 13 Pro Max 128 Go,450,NEGATIVE,Le produit est d'origine en excellent état de fonctionnement il est vendu avec une garantie et ses accessoires,"Paris, IDF",,1,2,2,2,0,3,0,similar,underpriced,intermediate-or-missing,legitimate,acceptable,case_study_sample,750,0.6,1,0,1
1986,iPhone 13 Pro Max 128 Gb,450,DETECTED,Bonjour Urgent NON NGOCIABLE   Je vends mon ancien téléphone avec un capacité de batterie 128gb vendu sans chargeur et quelque rayures et marque.,"Châtel-Saint-Denis, FR",2015.0,0,2,2,1,5,2,0,similar,underpriced,older-profile,borderline,acceptable,case_study_sample,750,0.6,0,0,0
1987,Iphone 14,450,DETECTED,Iphone 14  Couleur:Midnight 128 GB Sous garantie encore 1 an Facture d'achat et Boite disponible,"La Chaux-de-Fonds, NE",2019.0,0,2,2,1,5,2,0,similar,underpriced,older-profile,borderline,acceptable,case_study_sample,850,0.5294117647058824,0,0,0
1988,iPhone 14 pro max 256 gb,450,DETECTED,"Bonjour, je vends un Iphone 14 Pro Max 256 Go   Capacité de la batterie : 88%     Couleur : gris sidéral.   Excellent état   Si vous avez des questions, écrivez-nous   Cordialement","Ennetbaden, AG",2024.0,0,2,2,3,7,2,1,similar,underpriced,new-profile,marked,unfavorable,case_study_sample,850,0.5294117647058824,0,0,0
1989,Smartphone Apple iPhone 14 PRO MAX 128 Go violet profond débloqué 100 % soutien-,450,DETECTED,Apple iPhone 14 Pro Max - 128 Go - Violet foncé tat neuf comme neuf L'écran est comme neuf quelques marques de lumière Le dos / les ctés sont comme neufs Santé de la batterie 100% Emballé avec tous les accessoires inutilisés Débloqué sur tous les réseaux Livraison Spéciale Gratuite Le Lendemain Ajoutrr moi sur Snapchat : lefrevemonique,"Bolligen, BE",2024.0,0,2,2,3,7,2,1,similar,underpriced,new-profile,marked,unfavorable,case_study_sample,850,0.5294117647058824,0,0,0
1990,Smartphone Apple iPhone 14 PRO MAX 128 Go violet profond débloqué 100 % soutien-,450,DETECTED,Apple iPhone 14 Pro Max - 128 Go - Violet foncé tat neuf comme neuf L'écran est comme neuf quelques marques de lumière Le dos / les ctés sont comme neufs Santé de la batterie 100% Emballé avec tous les accessoires inutilisés Débloqué sur tous les réseaux Livraison Spéciale Gratuite Le Lendemain Ajoutrr moi sur Snapchat : lefrevemonique,"Köniz, BE",2024.0,0,2,2,3,7,2,1,similar,underpriced,new-profile,marked,unfavorable,case_study_sample,850,0.5294117647058824,0,0,0
1991,IPhone 13 Pro Max 128 Go,450,NEGATIVE,Le produit est d'origine en excellent état de fonctionnement il est vendu avec une garantie  et ses accessoires,"Paris, IDF",2021.0,0,2,2,1,0,3,0,similar,underpriced,older-profile,legitimate,acceptable,case_study_sample,750,0.6,1,0,1
1992,"iPhone 14, 128GB",450,DETECTED,"Bonjour,  Je vends un iPhone 14  avec 128GB et une capacité de batterie à 100%. L'iPhone est à l'état neuf et fonctionne super bien. Les accessoires d'origine incluent.","Sankt Gallen, SG",2024.0,0,2,2,3,7,2,1,similar,underpriced,new-profile,marked,unfavorable,case_study_sample,850,0.5294117647058824,0,0,0
1993,Iphone 14 Pro Max 256GB,450,DETECTED,"Iphone 14 Pro max 256gb en très bon état 10/10 , presque neuf rien à signaler.  Le téléphone est vendu avec tout les accessoires et la boîte d'origine.","Sachseln, OW",2024.0,0,2,2,3,7,2,1,similar,underpriced,new-profile,marked,unfavorable,case_study_sample,850,0.5294117647058824,0,0,0
1994,Iphone 13 noir midnight,450,DETECTED,"A vendre iphone 13 128gb, neuf Garantie LDLC 3 ans","Echallens, VD",2012.0,0,2,2,1,5,2,0,similar,underpriced,older-profile,borderline,acceptable,case_study_sample,750,0.6,0,0,0
1995,iPhone 13 pro max 256gb,450,DETECTED,Trois appartements a vendre WhatsApp  0041772126018,"Biel/Bienne, BE",2013.0,0,1,2,1,4,2,0,unique,underpriced,older-profile,borderline,acceptable,case_study_sample,750,0.6,0,0,0
1996,iPhone 13 pro max 128gb,449,DETECTED,Trois appartements a vendre WhatsApp  0041772126018,"Biel/Bienne, BE",2012.0,0,3,2,1,6,2,1,duplicated,underpriced,older-profile,marked,unfavorable,case_study_sample,750,0.5986666666666667,0,0,0
1997,iPhone 13 pro max 128gb,449,DETECTED,Trois appartements a vendre WhatsApp  0041772126018,"Biel/Bienne, BE",2012.0,0,3,2,1,6,2,1,duplicated,underpriced,older-profile,marked,unfavorable,case_study_sample,750,0.5986666666666667,0,0,0
1998,iPhone 13 pro max 128gb,440,DETECTED,phone 12 pro max 512gb,"Biel/Bienne, BE",2013.0,0,1,2,1,4,2,0,unique,underpriced,older-profile,borderline,acceptable,case_study_sample,750,0.5866666666666667,0,0,0
1999,iPhone 13 Pro Max,420,DETECTED,Le produit est d'origine en excellent état de fonctionnement il est vendu avec une garantie et ses accessoires,"Paris, IDF",,1,2,2,2,6,2,1,similar,underpriced,intermediate-or-missing,marked,unfavorable,case_study_sample,750,0.56,0,0,0
2000,Iphone 13 bleu,420,DETECTED,"Je vends un iphone 13 de couleur bleu avec une batterie à 87%. l'iPhone est en très bon état, seulement des traces d'usure sur les ctés du à la coque. Vendu avec un verre trempé déjà posé, une autre et une coque noir. Vendu avec câble origine Apple.","Montpellier, OCC",,1,2,2,2,6,2,1,similar,underpriced,intermediate-or-missing,marked,unfavorable,case_study_sample,750,0.56,0,0,0
2001,iPhone 13 Pro Max,420,NEGATIVE,Le produit est d'origine en excellent état de fonctionnement il est vendu avec une garantie et ses accessoires,"Paris, IDF",,1,2,2,2,0,3,0,similar,underpriced,intermediate-or-missing,legitimate,acceptable,case_study_sample,750,0.56,1,0,1
2002,IPhone 15 pro max 256GB,420,DETECTED,"Je souhaite vendre mon iPhone 15 Pro Max, ça n'a aucun problème ni rayures et fonctionne bien bactéries 100 %","Gruyères, FR",2024.0,0,2,3,3,8,2,1,similar,suspiciously-low,new-profile,marked,unfavorable,case_study_sample,1200,0.35,0,0,0
2003,iPhone 14 Pro Max,410,DETECTED,"Toutes les fonctions fonctionnent.  Un téléphone portable usagé très propre.  Cosmétiquement, il est également en très bon état.","Basel, BS",2024.0,0,2,3,3,8,2,1,similar,suspiciously-low,new-profile,marked,unfavorable,case_study_sample,850,0.4823529411764706,0,0,0
2004,iPhone 14 pro max.,400,IDENTIFIED,"iPhone 14 pro max encore très propre avec tout ses accessoires sans aucun problème, capacité de batterie 100%","Montreuil-sur-Mer, HDF",,1,3,3,2,8,2,1,duplicated,suspiciously-low,intermediate-or-missing,marked,unfavorable,case_study_sample,850,0.47058823529411764,0,0,0
2005,IPhone 15 pro max 1TB,400,DETECTED,"MERCI DE BIEN LIRE LA DESCRIPTION AVANT DENVOYER UN MESSAGE. ( SI IL EST TOUJOURS EN VENTE CEST QUIL EST TOUJOURS DISPONIBLE MERCI DE VOTRE COMPRHENSION).  Je vends mon iPhone 15 pro max neuf, Létat de la batterie est a 100% avec une capacité de 1Tb. Le téléphone est encore neuf aucune rayure jamais servi vendu avec sa boîte et son chargeur. Encore garanti jusquen Octobre.   Prix négociable dans le raisonnable","Strasbourg, GES",,1,2,3,2,7,2,1,similar,suspiciously-low,intermediate-or-missing,marked,unfavorable,case_study_sample,1200,0.3333333333333333,0,0,0
2006,IPhone 15 pro max 1TB,400,DETECTED,"MERCI DE BIEN LIRE LA DESCRIPTION AVANT DENVOYER UN MESSAGE. ( SI IL EST TOUJOURS EN VENTE CEST QUIL EST TOUJOURS DISPONIBLE MERCI DE VOTRE COMPRHENSION).  Je vends mon iPhone 15 pro max neuf, Létat de la batterie est a 100% avec une capacité de 1Tb. Le téléphone est encore neuf aucune rayure jamais servi vendu avec sa boîte et son chargeur. Encore garanti jusquen Octobre.   Prix négociable dans le raisonnable","Lyon, ARA",,1,2,3,2,7,2,1,similar,suspiciously-low,intermediate-or-missing,marked,unfavorable,case_study_sample,1200,0.3333333333333333,0,0,0
2007,iPhone 13 pro max,400,DETECTED,iPhone 13 Pro Max Bleu iOS 15.1.1 Rare Pour Connaisseur Facture à lappui Aucune Rayure Film Avant officiel Apple covering PSG derrière peut être enlevé état irréprochable toujours avec housse de protection et films de protection Chargeur Neuf officiel Apple sera envoyé en Colissimo avec numéro suivi vendeur et acheteur depuis 2011 évaluation 100% Avec garantie,"Marseille, PAC",,1,2,2,2,6,2,1,similar,underpriced,intermediate-or-missing,marked,unfavorable,case_study_sample,750,0.5333333333333333,0,0,0
2008,IPhone 15 pro max,400,DETECTED,"MERCI DE BIEN LIRE LA DESCRIPTION AVANT DENVOYER UN MESSAGE. ( SI IL EST TOUJOURS EN VENTE CEST QUIL EST TOUJOURS DISPONIBLE MERCI DE VOTRE COMPRHENSION).  Je vends mon iPhone 15 pro max neuf, Létat de la batterie est a 100% avec une capacité de 1Tb. Le téléphone est encore neuf aucune rayure jamais servi vendu avec sa boîte et son chargeur. Encore garanti jusquen Octobre.   Prix négociable dans le raisonnable","Aix-en-Provence, PAC",,1,2,3,2,7,2,1,similar,suspiciously-low,intermediate-or-missing,marked,unfavorable,case_study_sample,1200,0.3333333333333333,0,0,0
2009,IPhone 15 pro max 1TB,400,IDENTIFIED,"Bonjour je vends mn iPhone jamais utiliser encore neuf, 1 tb de capacité le prix est a négocié dans la limites du raisonnable, il est possible de le faire sur envoi aussi mais contre un acompte pour éviter toutes arnaque.","Montpellier, OCC",,1,2,3,2,7,2,1,similar,suspiciously-low,intermediate-or-missing,marked,unfavorable,case_study_sample,1200,0.3333333333333333,0,0,0
2010,iPhone 13,400,DETECTED,iPhone 13 125 gb en très bonne état batterie 79% aucun usure ni rayures,"Villefranche-sur-Sane, ARA",,1,2,2,2,6,2,1,similar,underpriced,intermediate-or-missing,marked,unfavorable,case_study_sample,750,0.5333333333333333,0,0,0
2011,iPhone 13 mini Rose 128go,400,DETECTED,iPhone 13 mini état impeccable Aucune rayure toujours protégé avec une coque et film jamais de choque . Batterie 89%  Acheter en aot 2022  Je le fourni avec 5 coques  Remise en main propre  Pour le paiement je préfère par virement  Nhésitez pas à me contacter pour plus de renseignements  Cordialement,"Saint-Prix, ARA",,1,2,2,2,6,2,1,similar,underpriced,intermediate-or-missing,marked,unfavorable,case_study_sample,750,0.5333333333333333,0,0,0
2012,IPhone 15 pro max 1TB,400,IDENTIFIED,"Bonjour je vends mn iPhone jamais utiliser encore neuf, 1 tb de capacité le prix est a négocié dans la limites du raisonnable, il est possible de le faire sur envoi aussi mais contre un acompte pour éviter toutes arnaque.","Paris, IDF",,1,2,3,2,7,2,1,similar,suspiciously-low,intermediate-or-missing,marked,unfavorable,case_study_sample,1200,0.3333333333333333,0,0,0
2013,Iphone 13 128G,400,DETECTED,Vend IPhone 13 vert avec 128 gigas de mémoire. Aucunes rayures sur la vitre avant et arrière (téléphone toujours protégé).  Rayures sur le verre de protection sur la photo. 1 seul impacte situé sur le haut du téléphone mais il n'est pas visible (voir photo)  400 euros (possibilité d'avoir des coques téléphones avec),"Carignan, GES",,1,2,2,2,6,2,1,similar,underpriced,intermediate-or-missing,marked,unfavorable,case_study_sample,750,0.5333333333333333,0,0,0
2014,IPHONE 13 PRO MAX 256 GB,400,DETECTED,iPhone 13 PRO MAX encore neuf sans rayures de capacité 256 GB. Fonctionne parfaitement et toujours sous garantie. Batterie  100%. Livraison possible avec tous les accessoires et reçu d'achat. Pas de paiement à la livraison.,Marque,2024.0,0,2,2,3,7,2,1,similar,underpriced,new-profile,marked,unfavorable,case_study_sample,750,0.5333333333333333,0,0,0
2015,IPhone 15 pro max 1TB,400,DETECTED,"MERCI DE BIEN LIRE LA DESCRIPTION AVANT DENVOYER UN MESSAGE. ( SI IL EST TOUJOURS EN VENTE CEST QUIL EST TOUJOURS DISPONIBLE MERCI DE VOTRE COMPRHENSION).  Je vends mon iPhone 15 pro max neuf, Létat de la batterie est a 100% avec une capacité de 1Tb. Le téléphone est encore neuf aucune rayure jamais servi vendu avec sa boîte et son chargeur. Encore garanti jusquen Octobre.   Prix négociable dans le raisonnable","Montpellier, OCC",,1,2,3,2,7,2,1,similar,suspiciously-low,intermediate-or-missing,marked,unfavorable,case_study_sample,1200,0.3333333333333333,0,0,0
2016,IPhone 15 pro max 1TB,400,DETECTED,"MERCI DE BIEN LIRE LA DESCRIPTION AVANT DENVOYER UN MESSAGE. ( SI IL EST TOUJOURS EN VENTE CEST QUIL EST TOUJOURS DISPONIBLE MERCI DE VOTRE COMPRHENSION).  Je vends mon iPhone 15 pro max neuf, Létat de la batterie est a 100% avec une capacité de 1Tb. Le téléphone est encore neuf aucune rayure jamais servi vendu avec sa boîte et son chargeur. Encore garanti jusquen Octobre.   Prix négociable dans le raisonnable","Clermont-Ferrand, ARA",,1,2,3,2,7,2,1,similar,suspiciously-low,intermediate-or-missing,marked,unfavorable,case_study_sample,1200,0.3333333333333333,0,0,0
2017,IPhone 15 pro max 1TB,400,DETECTED,"MERCI DE BIEN LIRE LA DESCRIPTION AVANT DENVOYER UN MESSAGE. ( SI IL EST TOUJOURS EN VENTE CEST QUIL EST TOUJOURS DISPONIBLE MERCI DE VOTRE COMPRHENSION).  Je vends mon iPhone 15 pro max neuf, Létat de la batterie est a 100% avec une capacité de 1Tb. Le téléphone est encore neuf aucune rayure jamais servi vendu avec sa boîte et son chargeur. Encore garanti jusquen Octobre.   Prix négociable dans le raisonnable","Clermont-Ferrand, ARA",,1,2,3,2,7,2,1,similar,suspiciously-low,intermediate-or-missing,marked,unfavorable,case_study_sample,1200,0.3333333333333333,0,0,0
2018,IPhone 15 pro max 1TB,400,IDENTIFIED,"Bonjour je vends mn iPhone jamais utiliser encore neuf, 1 tb de capacité le prix est a négocié dans la limites du raisonnable, il est possible de le faire sur envoi aussi mais contre un acompte pour éviter toutes arnaque.","Lyon, ARA",,1,2,3,2,7,2,1,similar,suspiciously-low,intermediate-or-missing,marked,unfavorable,case_study_sample,1200,0.3333333333333333,0,0,0
2019,IPhone 15 pro max 1TB,400,DETECTED,"MERCI DE BIEN LIRE LA DESCRIPTION AVANT DENVOYER UN MESSAGE. ( SI IL EST TOUJOURS EN VENTE CEST QUIL EST TOUJOURS DISPONIBLE MERCI DE VOTRE COMPRHENSION).  Je vends mon iPhone 15 pro max neuf, Létat de la batterie est a 100% avec une capacité de 1Tb. Le téléphone est encore neuf aucune rayure jamais servi vendu avec sa boîte et son chargeur. Encore garanti jusquen Octobre.   Prix négociable dans le raisonnable","Lille, HDF",,1,2,3,2,7,2,1,similar,suspiciously-low,intermediate-or-missing,marked,unfavorable,case_study_sample,1200,0.3333333333333333,0,0,0
2020,iPhone 13,400,DETECTED,"Vends iPhone 13, 128 giga avec la boîte dorigine Un léger coup dans langle du téléphone, mais Autrement, état irréprochable négociable","Les Mées, PAC",,1,2,2,2,6,2,1,similar,underpriced,intermediate-or-missing,marked,unfavorable,case_study_sample,750,0.5333333333333333,0,0,0
2021,IPhone 15 pro max 1TB,400,DETECTED,"MERCI DE BIEN LIRE LA DESCRIPTION AVANT DENVOYER UN MESSAGE. ( SI IL EST TOUJOURS EN VENTE CEST QUIL EST TOUJOURS DISPONIBLE MERCI DE VOTRE COMPRHENSION).  Je vends mon iPhone 15 pro max neuf, Létat de la batterie est a 100% avec une capacité de 1Tb. Le téléphone est encore neuf aucune rayure jamais servi vendu avec sa boîte et son chargeur. Encore garanti jusquen Octobre.   Prix négociable dans le raisonnable","Le Havre, NOR",,1,2,3,2,7,2,1,similar,suspiciously-low,intermediate-or-missing,marked,unfavorable,case_study_sample,1200,0.3333333333333333,0,0,0
2022,IPhone 15 pro max 1TB,400,DETECTED,"MERCI DE BIEN LIRE LA DESCRIPTION AVANT DENVOYER UN MESSAGE. ( SI IL EST TOUJOURS EN VENTE CEST QUIL EST TOUJOURS DISPONIBLE MERCI DE VOTRE COMPRHENSION).  Je vends mon iPhone 15 pro max neuf, Létat de la batterie est a 100% avec une capacité de 1Tb. Le téléphone est encore neuf aucune rayure jamais servi vendu avec sa boîte et son chargeur. Encore garanti jusquen Octobre.   Prix négociable dans le raisonnable","Paris, IDF",,1,2,3,2,7,2,1,similar,suspiciously-low,intermediate-or-missing,marked,unfavorable,case_study_sample,1200,0.3333333333333333,0,0,0
2023,IPhone 15 pro max 1TB,400,DETECTED,"MERCI DE BIEN LIRE LA DESCRIPTION AVANT DENVOYER UN MESSAGE. ( SI IL EST TOUJOURS EN VENTE CEST QUIL EST TOUJOURS DISPONIBLE MERCI DE VOTRE COMPRHENSION).  Je vends mon iPhone 15 pro max neuf, Létat de la batterie est a 100% avec une capacité de 1Tb. Le téléphone est encore neuf aucune rayure jamais servi vendu avec sa boîte et son chargeur. Encore garanti jusquen Octobre.   Prix négociable dans le raisonnable","Toulouse, OCC",,1,2,3,2,7,2,1,similar,suspiciously-low,intermediate-or-missing,marked,unfavorable,case_study_sample,1200,0.3333333333333333,0,0,0
2024,IPhone 14 pro max 512gb,400,DETECTED,Vend IPhone 14 Pro Max - 512GB  tat de recharge de la batterie = 100% Excellent état général Vendu avec boîte origine et câble de chargement dorigine,"Marseille, PAC",,1,2,3,2,7,2,1,similar,suspiciously-low,intermediate-or-missing,marked,unfavorable,case_study_sample,850,0.47058823529411764,0,0,0
2025,IPhone 15 pro max 1TB,400,DETECTED,"MERCI DE BIEN LIRE LA DESCRIPTION AVANT DENVOYER UN MESSAGE. ( SI IL EST TOUJOURS EN VENTE CEST QUIL EST TOUJOURS DISPONIBLE MERCI DE VOTRE COMPRHENSION).  Je vends mon iPhone 15 pro max neuf, Létat de la batterie est a 100% avec une capacité de 1Tb. Le téléphone est encore neuf aucune rayure jamais servi vendu avec sa boîte et son chargeur. Encore garanti jusquen Octobre.   Prix négociable dans le raisonnable","Reims, GES",,1,2,3,2,7,2,1,similar,suspiciously-low,intermediate-or-missing,marked,unfavorable,case_study_sample,1200,0.3333333333333333,0,0,0
2026,iPhone 14,400,DETECTED,"Bonjour, je souhaite vendre  mon iPhone 14 proche du neuf téléphone compatible uniquement eSIM","Le Mans, PDL",,1,2,3,2,7,2,1,similar,suspiciously-low,intermediate-or-missing,marked,unfavorable,case_study_sample,850,0.47058823529411764,0,0,0
2027,iPhone 14 bleu 256 giga,400,DETECTED,"Je possède 2 iPhones 14 bleus, 256 giga je cherche à en vendre 1 des 2, le premier (photos) date de février - mars, état de batterie 98% marche parfaitement bien, comme neuf, aucune rayure ni dommage je le vends pour 600.-. Le 2e est beaucoup plus récent, état de batterie à 100% en revanche il a 2-3 petites fissures sur lécran, je le vends 470.- avec possibilité de négocier","Lausanne, VD",2024.0,0,1,3,3,7,2,1,unique,suspiciously-low,new-profile,marked,unfavorable,case_study_sample,850,0.47058823529411764,0,0,0
2028,IPhone 15 pro max 1TB,400,DETECTED,"MERCI DE BIEN LIRE LA DESCRIPTION AVANT DENVOYER UN MESSAGE. ( SI IL EST TOUJOURS EN VENTE CEST QUIL EST TOUJOURS DISPONIBLE MERCI DE VOTRE COMPRHENSION).  Je vends mon iPhone 15 pro max neuf, Létat de la batterie est a 100% avec une capacité de 1Tb. Le téléphone est encore neuf aucune rayure jamais servi vendu avec sa boîte et son chargeur. Encore garanti jusquen Octobre.   Prix négociable dans le raisonnable","Marseille, PAC",,1,2,3,2,7,2,1,similar,suspiciously-low,intermediate-or-missing,marked,unfavorable,case_study_sample,1200,0.3333333333333333,0,0,0
2029,iphone 14 90% batterie quyelque coups mais ecran  comme neuf,400,DETECTED,90% batterie quyelque coups mais ecran  comme neuf,"Liège, WAL",,1,1,3,2,6,2,1,unique,suspiciously-low,intermediate-or-missing,marked,unfavorable,case_study_sample,850,0.47058823529411764,0,0,0
2030,iPhone 13 mini 128 go,400,DETECTED,iPhone 13 mini état impeccable fonctionne très bien toujours protégé aucune rayures  tat de la batterie 89% Je le fournis avec 5 coques  Venir chercher sur place  Paiement : virement  Cordialement,"Saint-Prix, ARA",,1,2,2,2,6,2,1,similar,underpriced,intermediate-or-missing,marked,unfavorable,case_study_sample,750,0.5333333333333333,0,0,0
2031,iPhone 14 pro max,400,IDENTIFIED,"iPhone 14 pro max encore très propre avec tout ses accessoires sans aucun problème, capacité de batterie 100%","Montreuil, IDF",,1,3,3,2,8,2,1,duplicated,suspiciously-low,intermediate-or-missing,marked,unfavorable,case_study_sample,850,0.47058823529411764,0,0,0
2032,IPhone 15 pro max 1TB,400,IDENTIFIED,"Bonjour je vends mn iPhone jamais utiliser encore neuf, 1 tb de capacité le prix est a négocié dans la limites du raisonnable, il est possible de le faire sur envoi aussi mais contre un acompte pour éviter toutes arnaque.","Strasbourg, GES",,1,2,3,2,7,2,1,similar,suspiciously-low,intermediate-or-missing,marked,unfavorable,case_study_sample,1200,0.3333333333333333,0,0,0
2033,IPhone 15 pro max 1TB,400,IDENTIFIED,"Bonjour je vends mn iPhone jamais utiliser encore neuf, 1 tb de capacité le prix est a négocié dans la limites du raisonnable, il est possible de le faire sur envoi aussi mais contre un acompte pour éviter toutes arnaque.","Marseille, PAC",,1,2,3,2,7,2,1,similar,suspiciously-low,intermediate-or-missing,marked,unfavorable,case_study_sample,1200,0.3333333333333333,0,0,0
2034,iPhone 14 pro max...,400,IDENTIFIED,"iPhone 14 pro max encore très propre avec tout ses accessoires sans aucun problème, capacité de batterie 100%","Montreuil, IDF",,1,3,3,2,8,2,1,duplicated,suspiciously-low,intermediate-or-missing,marked,unfavorable,case_study_sample,850,0.47058823529411764,0,0,0
2035,IPhone 15 pro max 1TB,400,IDENTIFIED,"Bonjour je vends mn iPhone jamais utiliser encore neuf, 1 tb de capacité le prix est a négocié dans la limites du raisonnable, il est possible de le faire sur envoi aussi mais contre un acompte pour éviter toutes arnaque.","Nice, PAC",,1,2,3,2,7,2,1,similar,suspiciously-low,intermediate-or-missing,marked,unfavorable,case_study_sample,1200,0.3333333333333333,0,0,0
2036,IPhone 15 pro max 1TB,400,DETECTED,"MERCI DE BIEN LIRE LA DESCRIPTION AVANT DENVOYER UN MESSAGE. ( SI IL EST TOUJOURS EN VENTE CEST QUIL EST TOUJOURS DISPONIBLE MERCI DE VOTRE COMPRHENSION).  Je vends mon iPhone 15 pro max neuf, Létat de la batterie est a 100% avec une capacité de 1Tb. Le téléphone est encore neuf aucune rayure jamais servi vendu avec sa boîte et son chargeur. Encore garanti jusquen Octobre.   Prix négociable dans le raisonnable","Paris, IDF",,1,2,3,2,7,2,1,similar,suspiciously-low,intermediate-or-missing,marked,unfavorable,case_study_sample,1200,0.3333333333333333,0,0,0
2037,IPhone 15 pro max 1TB,400,DETECTED,"MERCI DE BIEN LIRE LA DESCRIPTION AVANT DENVOYER UN MESSAGE. ( SI IL EST TOUJOURS EN VENTE CEST QUIL EST TOUJOURS DISPONIBLE MERCI DE VOTRE COMPRHENSION).  Je vends mon iPhone 15 pro max neuf, Létat de la batterie est a 100% avec une capacité de 1Tb. Le téléphone est encore neuf aucune rayure jamais servi vendu avec sa boîte et son chargeur. Encore garanti jusquen Octobre.   Prix négociable dans le raisonnable","Nîmes, OCC",,1,2,3,2,7,2,1,similar,suspiciously-low,intermediate-or-missing,marked,unfavorable,case_study_sample,1200,0.3333333333333333,0,0,0
2038,Iphone 13 blanc,400,DETECTED,"encore sous garantie 1,5 ans à venir chercher sur place à vevey puce A15 bionic 128 gb batterie 100% vendu avec coque de protection aimantée et vitre de protection écran","Vevey, VD",2021.0,0,2,2,1,5,2,0,similar,underpriced,older-profile,borderline,acceptable,case_study_sample,750,0.5333333333333333,0,0,0
2039,IPhone 15 pro max 1TB,400,IDENTIFIED,"Bonjour je vends mn iPhone jamais utiliser encore neuf, 1 tb de capacité le prix est a négocié dans la limites du raisonnable, il est possible de le faire sur envoi aussi mais contre un acompte pour éviter toutes arnaque.","Toulouse, OCC",,1,2,3,2,7,2,1,similar,suspiciously-low,intermediate-or-missing,marked,unfavorable,case_study_sample,1200,0.3333333333333333,0,0,0
2040,iphone 14 128g,400,DETECTED,je vend mon iphone 14 en bon état avec sa boîte des coques avec ! état batterie 88%,"Oraison, PAC",,1,2,3,2,7,2,1,similar,suspiciously-low,intermediate-or-missing,marked,unfavorable,case_study_sample,850,0.47058823529411764,0,0,0
2041,iPhone 13,400,DETECTED, vendre iPhone 13 128 / Très bonne état.,"Lillebonne, NOR",,1,2,2,2,6,2,1,similar,underpriced,intermediate-or-missing,marked,unfavorable,case_study_sample,750,0.5333333333333333,0,0,0
2042,iPhone 13,400,DETECTED,Je vends un téléphone IPhone 13 en un très bon état avec chargeur.,"Payerne, VD",2010.0,0,2,2,1,5,2,0,similar,underpriced,older-profile,borderline,acceptable,case_study_sample,750,0.5333333333333333,0,0,0
2043,IPHONE 13 PRO MAX 256 GB,400,DETECTED,iPhone 13 PRO MAX encore neuf sans rayures de capacité 256 GB. Couleur sierrablue. Fonctionne parfaitement et toujours sous garantie. Batterie  100%. Livraison possible avec tous les accessoires et reçu d'achat. Pas de paiement à la livraison.,Marque,2024.0,0,2,2,3,7,2,1,similar,underpriced,new-profile,marked,unfavorable,case_study_sample,750,0.5333333333333333,0,0,0
2044,iPhone 13 128go,390,DETECTED,iPhone 13 128go + coque de protection  Très bon état il est juste un peu abîmé sur un cté comme sur la photo  Vitre de protection  Fonctionne très bien,"Mèze, OCC",,1,2,2,2,6,2,1,similar,underpriced,intermediate-or-missing,marked,unfavorable,case_study_sample,750,0.52,0,0,0
2045,iphone 15 débloquer,380,DETECTED,iphone 15 débloquer  Très bonne état,"Paris, IDF",,1,2,3,2,7,2,1,similar,suspiciously-low,intermediate-or-missing,marked,unfavorable,case_study_sample,1200,0.31666666666666665,0,0,0
2046,iPhone 14 pro max,380,DETECTED,Je revends mon iphone 14 pro max juste déballé encore très neuf sans égratinures à un bon prix.,"Genève, GE",2023.0,0,2,3,2,7,2,1,similar,suspiciously-low,intermediate-or-missing,marked,unfavorable,case_study_sample,850,0.4470588235294118,0,0,0
2047,Aplle iPhone 13 pro max 512gb,379,DETECTED,Disponible tout neuf avec le carton d'emballage,"Zermatt, VS",2024.0,0,2,2,3,7,2,1,similar,underpriced,new-profile,marked,unfavorable,case_study_sample,750,0.5053333333333333,0,0,0
2048,Iphone 13 128gb,370,DETECTED,Appartement / condominium de 1 chambre et 1 salle de bain,"Bern, BE",2010.0,0,1,3,1,5,2,0,unique,suspiciously-low,older-profile,borderline,acceptable,case_study_sample,750,0.49333333333333335,0,0,0
2049,iPhone 14 Pro Max,370,DETECTED,"iPhone 14 Pro Max 128 Go, en très bon état.   S'il vous plaît, ne posez pas de questions  encore là , tant qu'il est annoncé qu'il est disponible.","Iseltwald, BE",2024.0,0,2,3,3,8,2,1,similar,suspiciously-low,new-profile,marked,unfavorable,case_study_sample,850,0.43529411764705883,0,0,0
2050,iPhone 15 Plus 256 gb (Garantie Septembre 2024),360,DETECTED,Modèle iPhone 15 Plus conomisé 50 kg de CO Garantie Jusqu'à 12 mois Capacité de stockage 256 GB Avec boîte originale Batterie 99% 169 Cycle,"Zürich, ZH",2024.0,0,2,3,3,8,2,1,similar,suspiciously-low,new-profile,marked,unfavorable,case_study_sample,1200,0.3,0,0,0
2051,iPhone 14 pro max 256gb,350,IDENTIFIED,iPhone 14 pro max couleur gold disponible a vendre urgent a 350 pour des raisons personnelles état nickel jamais devisé  batterie 100% tat nickel 10/10 Mémoire 256gb Tout d'origine a vérifier avant l'achat  veuillez me contacter pour plus d'informations,"Melun, IDF",,1,3,3,2,8,2,1,duplicated,suspiciously-low,intermediate-or-missing,marked,unfavorable,case_study_sample,850,0.4117647058823529,0,0,0
2052,iPhone 14 pro max 256gb,350,IDENTIFIED,iPhone 14 pro max couleur gold disponible a vendre urgent a 350 pour des raisons personnelles état nickel jamais devisé  batterie 100% tat nickel 10/10 Mémoire 256gb Tout d'origine a vérifier avant l'achat  veuillez me contacter pour plus d'informations,"Rochefort, WAL",,1,3,3,2,8,2,1,duplicated,suspiciously-low,intermediate-or-missing,marked,unfavorable,case_study_sample,850,0.4117647058823529,0,0,0
2054,iPhone 13,350,DETECTED,iPhone 13 noir en bon état  Batterie: capacité maximum 87%,"Bardonnex, GE",2017.0,0,2,3,1,6,2,1,similar,suspiciously-low,older-profile,marked,unfavorable,case_study_sample,750,0.4666666666666667,0,0,0
2055,Iphone 14 pro,350,DETECTED,Apple iPhone 14 Pro - 128Go - Noir Sidéral (Déverrouillé).  LiPhone ne fonctionne plus suite à un changement décran  La batterie est neuve  Larrière du téléphone est comme neuf sans aucun défaut  Il est débloqué iCloud (aucun compte)  Appareil photo qui ne fonctionne pas correctement depuis le changement décran   Le téléphone a cessé de fonctionner il y a quelques temps il ne sallume plus à ce jour   Il est vendu avec sa boîte et sa facture dachat   Vendu pour pièces ou pour réparateur   Aucun retour possible acheté en connaissance de cause.,"Schlieren, ZH",2024.0,0,2,3,3,8,2,1,similar,suspiciously-low,new-profile,marked,unfavorable,case_study_sample,850,0.4117647058823529,0,0,0
2056,iPhone 14 pro Max 128 gbneuf original,350,DETECTED,Tout fonctionne parfaitement . Sans aucun problème ! Juste changer pour acheter iPhone 15 pro Max . Garantie un ans avec  la boite et tout,Couleur,2024.0,0,2,3,3,8,2,1,similar,suspiciously-low,new-profile,marked,unfavorable,case_study_sample,850,0.4117647058823529,0,0,0
2057,iPhone 13 pro max,350,DETECTED,Je mets en vente mon iphone 13 pro max en raison de nourrir mes enfants état 100%,"Sankt Gallen, SG",2024.0,0,2,3,3,8,2,1,similar,suspiciously-low,new-profile,marked,unfavorable,case_study_sample,750,0.4666666666666667,0,0,0
2058,iPhone 14 pro max 256gb,350,IDENTIFIED,iPhone 14 pro max couleur gold disponible a vendre urgent a 350 pour des raisons personnelles état nickel jamais devisé  batterie 100% tat nickel 10/10 Mémoire 256gb Tout d'origine a vérifier avant l'achat  veuillez me contacter pour plus d'informations,"Colmar, GES",,1,3,3,2,8,2,1,duplicated,suspiciously-low,intermediate-or-missing,marked,unfavorable,case_study_sample,850,0.4117647058823529,0,0,0
2059,iPhone 14 pro max 256gb,350,IDENTIFIED,iPhone 14 pro max couleur gold disponible a vendre urgent a 350 pour des raisons personnelles état nickel jamais devisé  batterie 100% tat nickel 10/10 Mémoire 256gb Tout d'origine a vérifier avant l'achat  veuillez me contacter pour plus d'informations,"Castres, OCC",,1,3,3,2,8,2,1,duplicated,suspiciously-low,intermediate-or-missing,marked,unfavorable,case_study_sample,850,0.4117647058823529,0,0,0
2060,Apple iPhone 14 Pro Max - 256 Go - Noir (Débloqué) (eSIM,350,DETECTED,Apple iPhone 14 Pro Max - 256 Go - Noir (Débloqué) (eSIM,Marque,2024.0,0,2,3,3,8,2,1,similar,suspiciously-low,new-profile,marked,unfavorable,case_study_sample,850,0.4117647058823529,0,0,0
2061,iphone 13 vert,350,DETECTED,accessoire et facture pour plus de renseignements veuillez menvoyer un message en privé.,"Vitry-sur-Seine, IDF",2019.0,0,2,3,1,6,2,1,similar,suspiciously-low,older-profile,marked,unfavorable,case_study_sample,750,0.4666666666666667,0,0,0
2062,iphone 13 rose,350,DETECTED,on peut plus en parler en privé .,"Aulnay-sous-Bois, IDF",2019.0,0,2,3,1,6,2,1,similar,suspiciously-low,older-profile,marked,unfavorable,case_study_sample,750,0.4666666666666667,0,0,0
2063,iphone 13 vert,350,DETECTED,vendu avec accessoires neuf + garantie + facture,"Saint-Denis, IDF",2019.0,0,2,3,1,6,2,1,similar,suspiciously-low,older-profile,marked,unfavorable,case_study_sample,750,0.4666666666666667,0,0,0
2064,iPhone 14 pro max 256 GB,350,IDENTIFIED,Apple iPhone 14 pro max 256gb n'a aucun défaut et fonctionne parfaitement très bien et la facture d'achat est incluse dans l'emballage d'origine avec une garantie,"Le Mans, PDL",,1,2,3,2,7,2,1,similar,suspiciously-low,intermediate-or-missing,marked,unfavorable,case_study_sample,850,0.4117647058823529,0,0,0
2065,iPhone 14 pro max 256gb,350,IDENTIFIED,iPhone 14 pro max couleur gold disponible a vendre urgent a 350 pour des raisons personnelles état nickel jamais devisé  batterie 100% tat nickel 10/10 Mémoire 256gb Tout d'origine a vérifier avant l'achat  veuillez me contacter pour plus d'informations,"Toulouse, OCC",,1,3,3,2,8,2,1,duplicated,suspiciously-low,intermediate-or-missing,marked,unfavorable,case_study_sample,850,0.4117647058823529,0,0,0
2066,iPhone 13 pro 128gb,350,DETECTED,iPhone 13 pro 128 gb  Vitre arrière cassée (voir photo)  Batterie : 84%  Coque comprise  Vente Genève et France voisine,"Saint-Genis-Pouilly, ARA",2024.0,0,2,3,3,8,2,1,similar,suspiciously-low,new-profile,marked,unfavorable,case_study_sample,750,0.4666666666666667,0,0,0
2067,iPhone 14 pro 128 gb ne fonctionne pas quand il sallume lécran tout blanc,320,DETECTED,iPhone 14 pro 128 gb ne fonctionne pas quand il sallume le écran tout blanc,"Villeneuve, VD",2013.0,0,2,3,1,6,2,1,similar,suspiciously-low,older-profile,marked,unfavorable,case_study_sample,850,0.3764705882352941,0,0,0
2068,iPhone 15 Pro Max,320,DETECTED,"Vente de tout sortes de iPhone, on fait aussi des livraisons à domicile",Marque,2024.0,0,1,3,3,7,2,1,unique,suspiciously-low,new-profile,marked,unfavorable,case_study_sample,1200,0.26666666666666666,0,0,0
2069,iPhone 14 pro max 256 GB,350,IDENTIFIED,Apple iPhone 14 pro max 256gb n'a aucun défaut et fonctionne parfaitement très bien et la facture d'achat est incluse dans l'emballage d'origine avec une garantie,"Carcassonne, OCC",,1,2,3,2,7,2,1,similar,suspiciously-low,intermediate-or-missing,marked,unfavorable,case_study_sample,850,0.4117647058823529,0,0,0
2070,iPhone 14 pro max 256 GB,350,IDENTIFIED,Apple iPhone 14 pro max 256gb n'a aucun défaut et fonctionne parfaitement très bien et la facture d'achat est incluse dans l'emballage d'origine avec une garantie,"Paris, IDF",,1,2,3,2,7,2,1,similar,suspiciously-low,intermediate-or-missing,marked,unfavorable,case_study_sample,850,0.4117647058823529,0,0,0
2071,iPhone 14 pro max 256gb,350,IDENTIFIED,iPhone 14 pro max couleur gold disponible a vendre urgent a 350 pour des raisons personnelles état nickel jamais devisé  batterie 100% tat nickel 10/10 Mémoire 256gb Tout d'origine a vérifier avant l'achat  veuillez me contacter pour plus d'informations,"Clermont-Ferrand, ARA",,1,3,3,2,8,2,1,duplicated,suspiciously-low,intermediate-or-missing,marked,unfavorable,case_study_sample,850,0.4117647058823529,0,0,0
2072,iPhone 14 pro max 256gb,350,IDENTIFIED,iPhone 14 pro max couleur gold disponible a vendre urgent a 350 pour des raisons personnelles état nickel jamais devisé  batterie 100% tat nickel 10/10 Mémoire 256gb Tout d'origine a vérifier avant l'achat  veuillez me contacter pour plus d'informations,"Chaumont, GES",,1,3,3,2,8,2,1,duplicated,suspiciously-low,intermediate-or-missing,marked,unfavorable,case_study_sample,850,0.4117647058823529,0,0,0
2073,iPhone 14 pro max 256gb,350,POSITIVE,iPhone 14 pro max couleur gold disponible a vendre urgent a 350 pour des raisons personnelles état nickel jamais devisé  batterie 100% tat nickel 10/10 Mémoire 256gb Tout d'origine a vérifier avant l'achat  veuillez me contacter pour plus d'informations,"Carcassonne, OCC",,1,3,3,2,10,3,1,duplicated,suspiciously-low,intermediate-or-missing,fraud-confirmed,unfavorable,case_study_sample,850,0.4117647058823529,1,1,0
2074,Iphone 14 pro max,300,DETECTED,"iPhone 14 pro max 512 Go    -8 mois de garantie Apple !   -Utilisé depuis 1 mois !   -Batterie 100%   -Facture disponible !   -Film de protection déjà sur le devant !   -Protection de la caméra déjà au dos !   -2 étuis pour téléphones portables sont inclus !   -Seulement le ramassage !!!!   -Prix fixe !!!!!   - s'il vous plaît, pas de dernière pr   en vente","Genève, GE",2024.0,0,1,3,3,7,2,1,unique,suspiciously-low,new-profile,marked,unfavorable,case_study_sample,850,0.35294117647058826,0,0,0
2075,iPhone 14 pro max 256 GB,350,IDENTIFIED,Apple iPhone 14 pro max 256gb n'a aucun défaut et fonctionne parfaitement très bien et la facture d'achat est incluse dans l'emballage d'origine avec une garantie,"Alès, OCC",,1,2,3,2,7,2,1,similar,suspiciously-low,intermediate-or-missing,marked,unfavorable,case_study_sample,850,0.4117647058823529,0,0,0
2076,iPhone 14 pro max 256 GB,350,IDENTIFIED,Apple iPhone 14 pro max 256gb n'a aucun défaut et fonctionne parfaitement très bien et la facture d'achat est incluse dans l'emballage d'origine avec une garantie,"Brioude, ARA",,1,2,3,2,7,2,1,similar,suspiciously-low,intermediate-or-missing,marked,unfavorable,case_study_sample,850,0.4117647058823529,0,0,0
2077,iPhone 14 pro max 256gb,350,POSITIVE,iPhone 14 pro max couleur gold disponible a vendre urgent a 350 pour des raisons personnelles état nickel jamais devisé  batterie 100% tat nickel 10/10 Mémoire 256gb Tout d'origine a vérifier avant l'achat  veuillez me contacter pour plus d'informations,"Dainville, HDF",,1,3,3,2,10,3,1,duplicated,suspiciously-low,intermediate-or-missing,fraud-confirmed,unfavorable,case_study_sample,850,0.4117647058823529,1,1,0
2078,iPhone 14 pro max 256gb,350,POSITIVE,iPhone 14 pro max couleur gold disponible a vendre urgent a 350 pour des raisons personnelles état nickel jamais devisé  batterie 100% tat nickel 10/10 Mémoire 256gb Tout d'origine a vérifier avant l'achat  veuillez me contacter pour plus d'informations,"Lons-le-Saunier, BFC",,1,3,3,2,10,3,1,duplicated,suspiciously-low,intermediate-or-missing,fraud-confirmed,unfavorable,case_study_sample,850,0.4117647058823529,1,1,0
2079,iPhone 14 pro max 256 GB,350,IDENTIFIED,Apple iPhone 14 pro max 256gb n'a aucun défaut et fonctionne parfaitement très bien et la facture d'achat est incluse dans l'emballage d'origine avec une garantie,"Nîmes, OCC",,1,2,3,2,7,2,1,similar,suspiciously-low,intermediate-or-missing,marked,unfavorable,case_study_sample,850,0.4117647058823529,0,0,0
2080,Iphone 13 pro max Neu,300,DETECTED,Iphone 13 pro max Neu,"Basel, BS",2024.0,0,2,3,3,8,2,1,similar,suspiciously-low,new-profile,marked,unfavorable,case_study_sample,750,0.4,0,0,0
2081,Apple iPhone 14 Pro Max -256 GB neu,300,DETECTED,Apple iPhone 14 Pro Max -256 GB neu,"Cham, ZG",2024.0,0,2,3,3,8,2,1,similar,suspiciously-low,new-profile,marked,unfavorable,case_study_sample,850,0.35294117647058826,0,0,0
2082,IPhone 14 pro,300,DETECTED,Iphone 14 pro à livrée par post paiement par virement bancaire (iban suisse ) pas d'autres accepter les twint arnaque non merci,"Lausanne, VD",2016.0,0,2,3,1,6,2,1,similar,suspiciously-low,older-profile,marked,unfavorable,case_study_sample,850,0.35294117647058826,0,0,0
2083,iPhone 14 pro max 256GB,350,IDENTIFIED,"iPhone 14 pro max 256gb batterie 100% état nickel sans aucun problème avec son chargeur et sa boîte, accompagné de sa facture d'achat juste quelques mois d'utilisation a vendre pour des raisons avec garantie... Contacter moi si vous êtes intéressé",Schifflange,,1,2,3,2,7,2,1,similar,suspiciously-low,intermediate-or-missing,marked,unfavorable,case_study_sample,850,0.4117647058823529,0,0,0
2084,iPhone 14 pro max 256gb,350,POSITIVE,iPhone 14 pro max couleur or  disponible a vendre urgent le prix à 350 pour des raisons personnelles état nickel jamais devisé  batterie 100% tat nickel 10/10 Mémoire 256gb Tout d'origine a vérifier avant l'achat  veuillez me contacter pour plus d'informations,"Genk, VLG",,1,3,3,2,10,3,1,duplicated,suspiciously-low,intermediate-or-missing,fraud-confirmed,unfavorable,case_study_sample,850,0.4117647058823529,1,1,0
2085,iPhone 14 pro max 256gb,350,POSITIVE,iPhone 14 pro max couleur gold disponible a vendre urgent a 350 pour des raisons personnelles état nickel jamais devisé  batterie 100% tat nickel 10/10 Mémoire 256gb Tout d'origine a vérifier avant l'achat  veuillez me contacter pour plus d'informations,"Annecy, ARA",,1,3,3,2,10,3,1,duplicated,suspiciously-low,intermediate-or-missing,fraud-confirmed,unfavorable,case_study_sample,850,0.4117647058823529,1,1,0
2086,iPhone 14 pro max 256gb,350,IDENTIFIED,"Vente de iPhone 14 pro max à 350 l'iPhone 14 Pro Max 256GB original , Batterie  100% avec ça facture","Champigny-sur-Marne, IDF",,1,2,3,2,7,2,1,similar,suspiciously-low,intermediate-or-missing,marked,unfavorable,case_study_sample,850,0.4117647058823529,0,0,0
2087,iPhone 14 pro max 256gb,350,IDENTIFIED,"Vente de iPhone 14 pro max à 350 l'iPhone 14 Pro Max 256GB original , Batterie  100% avec ça facture","Béligneux, ARA",,1,2,3,2,7,2,1,similar,suspiciously-low,intermediate-or-missing,marked,unfavorable,case_study_sample,850,0.4117647058823529,0,0,0
2088,iPhone 14 pro max 256gb,350,IDENTIFIED,"Vente de iPhone 14 pro max à 350 l'iPhone 14 Pro Max 256GB original , Batterie  100% avec ça facture","Montreuil, IDF",,1,2,3,2,7,2,1,similar,suspiciously-low,intermediate-or-missing,marked,unfavorable,case_study_sample,850,0.4117647058823529,0,0,0
2089,iPhone 14 pro max**,350,IDENTIFIED,"iPhone 14 pro max encore très propre avec tout ses accessoires sans aucun problème, capacité de batterie 100%","Montreuil-aux-Lions, HDF",,1,3,3,2,8,2,1,duplicated,suspiciously-low,intermediate-or-missing,marked,unfavorable,case_study_sample,850,0.4117647058823529,0,0,0
2090,iPhone 14 pro max 256 GB,350,IDENTIFIED,Apple iPhone 14 pro max 256gb n'a aucun défaut et fonctionne parfaitement très bien et la facture d'achat est incluse dans l'emballage d'origine avec une bonne garantie contacter moi en privé pour plus d'information  Merci !,"Limoges, NAQ",,1,2,3,2,7,2,1,similar,suspiciously-low,intermediate-or-missing,marked,unfavorable,case_study_sample,850,0.4117647058823529,0,0,0
2091,iPhone 14 pro max 256gb,350,IDENTIFIED,"Vente de iPhone 14 pro max à 350 l'iPhone 14 Pro Max 256GB original , Batterie  100% avec ça facture","Metz, GES",,1,2,3,2,7,2,1,similar,suspiciously-low,intermediate-or-missing,marked,unfavorable,case_study_sample,850,0.4117647058823529,0,0,0
2092,iPhone 14 pro max 256gb,350,IDENTIFIED,"Vente de iPhone 14 pro max à 350 l'iPhone 14 Pro Max 256GB original , Batterie  100% avec ça facture","Nîmes, OCC",,1,2,3,2,7,2,1,similar,suspiciously-low,intermediate-or-missing,marked,unfavorable,case_study_sample,850,0.4117647058823529,0,0,0
2093,iPhone 14 pro max 256gb,350,IDENTIFIED,"Vente de iPhone 14 pro max à 350 l'iPhone 14 Pro Max 256GB original , Batterie  100% avec ça facture","Antibes, PAC",,1,2,3,2,7,2,1,similar,suspiciously-low,intermediate-or-missing,marked,unfavorable,case_study_sample,850,0.4117647058823529,0,0,0
2094,iPhone 14 pro max 256. GO,350,IDENTIFIED,Apple iPhone 14 pro max 256gb n'a aucun défaut et fonctionne parfaitement très bien et la facture d'achat est incluse dans l'emballage d'origine avec une bonne garantie contacter moi en privé pour plus d'information  Merci !,"Limoges, NAQ",,1,2,3,2,7,2,1,similar,suspiciously-low,intermediate-or-missing,marked,unfavorable,case_study_sample,850,0.4117647058823529,0,0,0
2095,iPhone 14 pro max'',350,IDENTIFIED,"iPhone 14 pro max encore très propre avec tout ses accessoires sans aucun problème, capacité de batterie 100%","Montreuil, IDF",,1,3,3,2,8,2,1,duplicated,suspiciously-low,intermediate-or-missing,marked,unfavorable,case_study_sample,850,0.4117647058823529,0,0,0
2096,iPhone 14 pro max 256gb,350,IDENTIFIED,"Vente de iPhone 14 pro max à 350 l'iPhone 14 Pro Max 256GB original , Batterie  100% avec ça facture","Dunkerque, HDF",,1,2,3,2,7,2,1,similar,suspiciously-low,intermediate-or-missing,marked,unfavorable,case_study_sample,850,0.4117647058823529,0,0,0
2097,iPhone 14 pro max 256gb,350,IDENTIFIED,"Vente de iPhone 14 pro max à 350 l'iPhone 14 Pro Max 256GB original , Batterie  100% avec ça facture","Clichy, IDF",,1,2,3,2,7,2,1,similar,suspiciously-low,intermediate-or-missing,marked,unfavorable,case_study_sample,850,0.4117647058823529,0,0,0
2098,iPhone 14 pro max 256gb,350,POSITIVE,iPhone 14 pro max couleur or  disponible a vendre urgent le prix à 350 pour des raisons personnelles état nickel jamais devisé  batterie 100% tat nickel 10/10 Mémoire 256gb Tout d'origine a vérifier avant l'achat  veuillez me contacter pour plus d'informations,"Montpellier, OCC",,1,3,3,2,10,3,1,duplicated,suspiciously-low,intermediate-or-missing,fraud-confirmed,unfavorable,case_study_sample,850,0.4117647058823529,1,1,0
2099,iPhone 14 pro max 256 GB,350,IDENTIFIED,En Vente un iphone 14 pro max état neuf disponible avec garantie état batterie 100% capacité 256 GB,"Perpignan, OCC",,1,2,3,2,7,2,1,similar,suspiciously-low,intermediate-or-missing,marked,unfavorable,case_study_sample,850,0.4117647058823529,0,0,0
2100,Tres bel iphone 13 pro max 256 gb bacterie 91%,298,DETECTED,"Très bel iphone 13 pro max soigneusement utilisé  Utilisez toujours le protecteur d'écran et le couvercle récemment retirés du protecteur d'écran (voir photo).      Zéro rayures ou dommages, semble comme neuf   Vente en raison de la transition vers un téléphone professionnel.   tat de la batterie : 91 %  256 Go  Couleur noire     Livré avec :   Boîte d'origine  Couvrir avec un coffre-fort pour chargeur  Fiche d'information  (Câble de chargement , facture dachat , garantie. inclus)      Prix fixe, aucune offre acceptée.  Vendu tel quel. Expedition possible","Fribourg, FR",2024.0,0,2,3,3,8,2,1,similar,suspiciously-low,new-profile,marked,unfavorable,case_study_sample,750,0.3973333333333333,0,0,0
2101,iPhone 14 pro max 256 GB batterie à 98,295,DETECTED,Je vends mon iPhone très bon état. Pas de plaisanterie. Capacité 256 batterie à 98%,"Sankt Gallen, SG",2024.0,0,2,3,3,8,2,1,similar,suspiciously-low,new-profile,marked,unfavorable,case_study_sample,850,0.34705882352941175,0,0,0
2102,iPhone 14 pro Max 128 Go original,295,DETECTED,"Excellent , aucun problème . Juste chercher à un autre iPhone 15 pro Max  , garantie un ans . Tout fonctionne parfaitement","Zürich, ZH",2024.0,0,2,3,3,8,2,1,similar,suspiciously-low,new-profile,marked,unfavorable,case_study_sample,850,0.34705882352941175,0,0,0
2103,iPhone 13 pro max blanche,290,DETECTED,iPhone 13 pro max blanche d'occasion comme neuf sans aucun problème avec les accessoires.,"Yverdon-les-Bains, VD",2024.0,0,2,3,3,8,2,1,similar,suspiciously-low,new-profile,marked,unfavorable,case_study_sample,750,0.38666666666666666,0,0,0
2104,iPhone 15 pro max,1150,DETECTED,"Je mets en vente un iPhone 15pro max blanc 246GB 1ere main avec 1mois dutilisation, le telephone il est encore neuf juste un petite rayure en haut a droite sur le coté 100% état de batterieet avec son chargeur original et sa boite  PRIX NON NGOCIABLE VU LTAT DU TELEPHONE","Saint-Genis-Pouilly, ARA",,1,2,1,2,5,2,0,similar,market-consistent,intermediate-or-missing,borderline,acceptable,case_study_sample,1200,0.9583333333333334,0,0,0
2105,Iphone 15 Pro Max,1150,DETECTED,iPhone 15 pro Max 256Gb Black Encore neuf Garanti 2025 3 pochettes  4 protection décran  Cordon Boitier Apple Facture AirPods Pro 190 + Cordon + Carton   Retrait à la porte ,"Mons, WAL",,1,2,1,2,5,2,0,similar,market-consistent,intermediate-or-missing,borderline,acceptable,case_study_sample,1200,0.9583333333333334,0,0,0
2106,iPhone 15 pro Max 256GB,1150,DETECTED,Facture et garantie !,"Brussel, BRU",,1,2,1,2,5,2,0,similar,market-consistent,intermediate-or-missing,borderline,acceptable,case_study_sample,1200,0.9583333333333334,0,0,0
2107,Iphone 15 pro max 1TB,1100,DETECTED,"Iphone 15 Pro Max de 1To Titane naturel  Occasion de 3 mois   +++++++++++++++++. ATTENTION. +++++++++++++++++  **********. Une légère trace de griffe sur l'écran ****************** ********** Une Mini marque sur la carrosserie en bas a droite ************  ____________ Ces 2 traces ne se voient que si l'on cherche a les voir ...._______________ Memoire de 1 To , Date d'achat : 09.05.24 . Garantie Apple . Facture d'achat fournie . Emballage Apple .","Misery-Courtion, FR",2022.0,0,1,1,1,3,2,0,unique,market-consistent,older-profile,low,acceptable,case_study_sample,1200,0.9166666666666666,0,0,0
2108,Iphone 14 Pro Max Violet - 256 Go,1050,DETECTED,"Iphone 14 Pro Max violet en 256 Go, en parfait état comme neuf, toujours avec le chargeur dorigine non sortit de la boîte. Protégé par un film décran effet mat garanti à vie avec des lentilles sur les caméras arrière. Verre arrière protégé et livré avec deux coques :  Une Apple violette  Une blanche anti-jaunissement.  Prix ajustable pour acheteur sérieux.","Chalon-sur-Sane, BFC",,1,2,1,2,5,2,0,similar,market-consistent,intermediate-or-missing,borderline,acceptable,case_study_sample,850,1.2352941176470589,0,0,0
2109,iphone 15 pro max,1000,DETECTED,je vend un iphone 15 pro max nhésiter pas a venir en pv ,"Bobigny, IDF",,1,2,2,2,6,2,1,similar,underpriced,intermediate-or-missing,marked,unfavorable,case_study_sample,1200,0.8333333333333334,0,0,0
2110,iPhone 15 Pro Max seller,1000,DETECTED,"Notre magasin, vend des téléphones apple neuf. Cet iPhone 15 Pro Max neuf jamais utilisé ni déballé tout d'origine directement de la maison apple. Capacité de stockage 512GB disponible sous différentes couleurs. Livraison gratuite  contactez nous pour plus d'informations","Paris, IDF",,1,2,2,2,6,2,1,similar,underpriced,intermediate-or-missing,marked,unfavorable,case_study_sample,1200,0.8333333333333334,0,0,0
2111,iPhone 15 pro Max noir titane,1000,DETECTED,"Bonjour , je vend mon iPhone 15 pro Max noir titane 1to de stockage tout neuf boîte fermé jamais ouverte . Prix ferme je suis très stricte concernant la négociation car il est neuf","Paris, IDF",,1,2,2,2,6,2,1,similar,underpriced,intermediate-or-missing,marked,unfavorable,case_study_sample,1200,0.8333333333333334,0,0,0
2112,iPhone 15 Pro Max (256GB),1000,DETECTED,"Bleu Foncé , tout neuf avec facture","Genève, GE",,1,2,2,2,6,2,1,similar,underpriced,intermediate-or-missing,marked,unfavorable,case_study_sample,1200,0.8333333333333334,0,0,0
2113,Apple iPhone 15 Pro Max neuf - scellé,1000,DETECTED,"Je propose à la vente un Apple iPhone 15 Pro Max en capacité de 512 Go, encore scellé dans son emballage d'origine. Ce modèle haut de gamme est parfait pour ceux qui recherchent une performance inégalée, une caméra de qualité exceptionnelle et une expérience utilisateur fluide.  Détails du produit : - Modèle: iPhone 15 Pro Max - Capacité: 512 Go - tat: Neuf, scellé - Couleur: Bleue, blanc, noire, ... - Garantie: Couvert par la garantie Apple  Points forts : - Processeur A17 Bionic pour des performances optimales - Caméra Pro avec capteur amélioré pour des photos et vidéos époustouflantes - cran Super Retina XDR pour une qualité daffichage exceptionnelle - Design élégant et résistant avec le nouveau châssis en titane  Prix : 1000  Nhésitez pas à me contacter pour plus dinformations ou pour organiser une visite. Premier arrivé, premier servi !  Merci de votre intérêt.  Davies Luc Mail: daviesluc6gmail.com","Paris, IDF",,1,2,2,2,6,2,1,similar,underpriced,intermediate-or-missing,marked,unfavorable,case_study_sample,1200,0.8333333333333334,0,0,0
2114,iphone 15 Pro Max,1000,DETECTED,256 gb black titanium  No details est neuf Bulle,"Bulle, FR",2017.0,0,1,2,1,4,2,0,unique,underpriced,older-profile,borderline,acceptable,case_study_sample,1200,0.8333333333333334,0,0,0
2115,iPhone 15 Pro jamais ouvert à vendre,1000,DETECTED,"Bonjour à tous, jai eu ce cadeau de la part de ma marraine le problème est que jai acheté exactement le même il y a quelques mois donc je préfère le vendre, je nai pas ouvert la boîte il est intacte et na absolument jamais été utilisé il est neuf comme sorti du magasin","Prilly, VD",2024.0,0,1,2,3,6,2,1,unique,underpriced,new-profile,marked,unfavorable,case_study_sample,1200,0.8333333333333334,0,0,0
2116,iPhone 15 ProMax ( 256GB),1000,DETECTED,"iPhone tout Neuf avec tout, prix négociable","Genève, GE",,1,2,2,2,6,2,1,similar,underpriced,intermediate-or-missing,marked,unfavorable,case_study_sample,1200,0.8333333333333334,0,0,0
2117,Iphone 15 pro max 512gb,1150,DETECTED,Iphone 15pro max 512 gb blanc tout neuf dans son emballage avec garantie,"Montreux, VD",2010.0,0,2,1,1,4,2,0,similar,market-consistent,older-profile,borderline,acceptable,case_study_sample,1200,0.9583333333333334,0,0,0
2118,iPhone 15 pro,980,DETECTED,2x phone 15 pro 128 gb  Neuf pas ouvert  1x bleu  1x gris  Le prix et par pièce possibilité davoir les deux,"Nods, BE",2016.0,0,2,2,1,5,2,0,similar,underpriced,older-profile,borderline,acceptable,case_study_sample,1200,0.8166666666666667,0,0,0
2119,iPhone 15 Pro Max 256GB Noir Titane Neuf,970,DETECTED,Compatible avec tous les réseaux. Boite scellée garantie Salt a partir du 05/08/2024. Pour tout information nhésitez pas a me contacter au 076/6691033,"Lausanne, VD",2013.0,0,1,2,1,4,2,0,unique,underpriced,older-profile,borderline,acceptable,case_study_sample,1200,0.8083333333333333,0,0,0
2120,iPhone 15 Pro Max 256GB Nature Titane Neuf,970,DETECTED,Compatible avec tous les réseaux. Boite scellée garantie Salt a partir du 30/07/2024. Pour tout renseignement nhésitez pas à me contacter au 076/6691033,"Lausanne, VD",2013.0,0,2,2,1,5,2,0,similar,underpriced,older-profile,borderline,acceptable,case_study_sample,1200,0.8083333333333333,0,0,0
2121,iPhone 15 pro Max,950,DETECTED,"Bonjour, jai acheter cette iPhone il ya un peu plus dun mois je souhaiterais le vendre car je naime pas du tout iPhone je vais passer a autre chose   Cest un 15 pro max noir il est comme neuf dès que je lai sortie de lemballage jai mis directement un verre trempé et une coque jai encore un verre trempé de disponible un coque chargeur il fait 256go   Le prix est légèrement négociable   Si vous voulez des photo du téléphone demander moi je met une photo trouver sur Google car je nai pas dautre téléphone pour le prendre en photo actuellement","Val-de-Travers, NE",2024.0,0,2,2,3,7,2,1,similar,underpriced,new-profile,marked,unfavorable,case_study_sample,1200,0.7916666666666666,0,0,0
2122,Iphone 15 pro Max 256GO (black titanium),950,DETECTED,"Je mets en vente un iPhone 15 Pro Max, modèle 256 Go, dans la couleur élégante Black Titan. Le téléphone a été acheté en avril dernier et est en excellent état, comme neuf, sans aucune rayure.  Caractéristiques de l'offre :  Modèle : iPhone 15 Pro Max Capacité : 256 Go Couleur : Black Titan tat : Comme neuf, aucune rayure Accessoires inclus : Câble de chargement Boîte d'origine Coque de protection officielle Apple couleur pêche Garantie : 2 ans L'appareil vous sera livré avec tous ses accessoires d'origine, garantissant une expérience utilisateur optimale et sécurisée.  Remarque : L'acheteur devra venir chercher le téléphone sur place à mon domicile, situé à Aigle.  Si vous êtes intéressé(e) ou si vous avez des questions, n'hésitez pas à me contacter pour plus d'informations. Ne manquez pas cette occasion d'acquérir un téléphone haut de gamme à un prix compétitif !",Couleur,2008.0,0,2,2,1,5,2,0,similar,underpriced,older-profile,borderline,acceptable,case_study_sample,1200,0.7916666666666666,0,0,0
2123,iPhone 15 pro 256GB,950,DETECTED, vendre iPhone 15 pro 256 GB neuf jamais utiliser avec garantie  Le prix 950frs,"Sierre, VS",2013.0,0,2,2,1,5,2,0,similar,underpriced,older-profile,borderline,acceptable,case_study_sample,1200,0.7916666666666666,0,0,0
2124,"iPhone 15 pro max 256 GB Blue Titanium, Neuf Jamais ouvert",950,DETECTED,Neuf Jamais ouvert,"Nidau, BE",2021.0,0,2,2,1,5,2,0,similar,underpriced,older-profile,borderline,acceptable,case_study_sample,1200,0.7916666666666666,0,0,0
2125,iPhone 14 Pro Max 256gb,950,DETECTED,J'ai un nouveau téléphone et je vends le iPhone 14 Pro Max Purple 256gb Fix price: 950fr Cash Chercher sur place,"Genève, GE",2008.0,0,2,1,1,4,2,0,similar,market-consistent,older-profile,borderline,acceptable,case_study_sample,850,1.1176470588235294,0,0,0
2126,iPhone 14 promax,950,DETECTED,Utilisé avec protection  hidden information,"Bex, VD",2009.0,0,2,1,1,4,2,0,similar,market-consistent,older-profile,borderline,acceptable,case_study_sample,850,1.1176470588235294,0,0,0
2127,"iPhone 15 Pro neuf sous scellé, 2 ans de garantie",920,DETECTED,"iPhone 15 Pro Bonjour, je vends mon iPhone 15 Pro neuf. Il na jamais été ouvert et est sous scellé, donc quand vous louvrirez cest comme si vous veniez de lacheter chez Apple )Pour CHF160.- de moins :) ) Il a 2 ans de garantie.  Contactez-moi pour + dinformations !","Lausanne, VD",2022.0,0,2,2,1,5,2,0,similar,underpriced,older-profile,borderline,acceptable,case_study_sample,1200,0.7666666666666667,0,0,0
2128,iPhone 15 pro max 256,900,DETECTED,",  vendre iPhone 15pro Max natural titane 256gb Sans accessoires et sans boîte Avec écran de protection.","Finhaut, VS",2013.0,0,2,2,1,5,2,0,similar,underpriced,older-profile,borderline,acceptable,case_study_sample,1200,0.75,0,0,0
2129,iPhone 15 noir 512go,900,DETECTED,"iPhone 15 noir de 512go, vendu neuf","Lausanne, VD",2024.0,0,2,2,3,7,2,1,similar,underpriced,new-profile,marked,unfavorable,case_study_sample,1200,0.75,0,0,0
2130,iPhone 15 neuf,900,DETECTED,Je vends iPhone 15 neuf sans ouvrir la boîte,"Martigny, VS",2017.0,0,2,2,1,5,2,0,similar,underpriced,older-profile,borderline,acceptable,case_study_sample,1200,0.75,0,0,0
2131,iPhone 15 pro Max,900,DETECTED, récupérer à la maison Payable cash ou twint,"Romont, FR",2014.0,0,2,2,1,5,2,0,similar,underpriced,older-profile,borderline,acceptable,case_study_sample,1200,0.75,0,0,0
2132,Aiphone 15 plus,900,DETECTED,Je le vends car j'en ai déjà un. L'iPhone est neuf dans la boîte.,"Lausanne, VD",2021.0,0,2,2,1,5,2,0,similar,underpriced,older-profile,borderline,acceptable,case_study_sample,1200,0.75,0,0,0
2133,iPhone 15 256GB,890,DETECTED,"Couleur Bleu, neuf jamais ouvert","Genève, GE",2011.0,0,2,2,1,5,2,0,similar,underpriced,older-profile,borderline,acceptable,case_study_sample,1200,0.7416666666666667,0,0,0
2134,iPhone 13 Pro Max,890,DETECTED,Je le vend pour me faire de largent,"Pully, VD",2013.0,0,2,1,1,4,2,0,similar,market-consistent,older-profile,borderline,acceptable,case_study_sample,750,1.1866666666666668,0,0,0
2135,Iphone 15 Pro   256GB Titanium  Neuf,880,DETECTED,Iphone 15 Pro   256GB   NEUF SOUS BLSTER   Couleur Titanium   24 mois de garantie   Prix en magasin: 1000CHF,"Lausanne, VD",2024.0,0,2,2,3,7,2,1,similar,underpriced,new-profile,marked,unfavorable,case_study_sample,1200,0.7333333333333333,0,0,0
2136, vendre iPhone iPhone 15 pro max 256gb,880,DETECTED,Il est en très bon état comme neuf tous jours protégé devant et arrière  Je le vends avec facture dachat et garantie sans boîte,"Genève, GE",2016.0,0,2,2,1,5,2,0,similar,underpriced,older-profile,borderline,acceptable,case_study_sample,1200,0.7333333333333333,0,0,0
2137,iPhone 14 Pro Max 256 93%,870,DETECTED,"Le téléphone est en bon état, il a été utilisé avec une verre de protection dès le premier jour, il n'est pas tombé, donc il n'y a pas de rayures, le téléphone est toujours sous garantie officielle jusquau 19 septembre. Tout fonctionne parfaitement, il n'y a eu aucune réparation),il y a aussi des coques de téléphone en cadeau.","Genève, GE",2015.0,0,2,1,1,4,2,0,similar,market-consistent,older-profile,borderline,acceptable,case_study_sample,850,1.0235294117647058,0,0,0
2138,iPhone 15 plus,850,DETECTED,Bonjour je vend mon iPhone 15plus rose 256gb le téléphone es dans un état irréprochable toujours protéger par coque et verre tremper aucun coups aucune griffes vendu avec plusieurs coques . Toujours sous garantie achat du téléphone en décembre 2023 . les arnaques me faites pas perdre de temps !,"Mons, WAL",,1,2,2,2,6,2,1,similar,underpriced,intermediate-or-missing,marked,unfavorable,case_study_sample,1200,0.7083333333333334,0,0,0
2139,iPhone 15,850,DETECTED,Reprise de bail 1 Septembre 2024,"Annecy, ARA",2020.0,0,2,2,1,5,2,0,similar,underpriced,older-profile,borderline,acceptable,case_study_sample,1200,0.7083333333333334,0,0,0
2140,Iphone 15 128 Gg Neuf avec garantie,850,DETECTED,Couleur bleu clair,"Avenches, VD",2011.0,0,1,2,1,4,2,0,unique,underpriced,older-profile,borderline,acceptable,case_study_sample,1200,0.7083333333333334,0,0,0
2141,iPhone 15 pro max 521GB,850,DETECTED,Prise 35w iPhone 15 pour les nouveaux modèles d'iPhone et câble usb-c à type-c 1m neuf ou lighting,"Neckertal, SG",2024.0,0,1,2,3,6,2,1,unique,underpriced,new-profile,marked,unfavorable,case_study_sample,1200,0.7083333333333334,0,0,0
2142,iPhone 15 pro max -512GB,850,DETECTED,Prise 35w iPhone 15 pour les nouveaux modèles d'iPhone et câble usb-c à type-c 1m neuf ou lighting,"Genève, GE",2024.0,0,3,2,3,8,2,1,duplicated,underpriced,new-profile,marked,unfavorable,case_study_sample,1200,0.7083333333333334,0,0,0
2143,iPhone 15 pro max 512GB,850,DETECTED,Prise 35w iPhone 15 pour les nouveaux modèles d'iPhone et câble usb-c à type-c 1m neuf ou lighting,"Lausanne, VD",2024.0,0,3,2,3,8,2,1,duplicated,underpriced,new-profile,marked,unfavorable,case_study_sample,1200,0.7083333333333334,0,0,0
2144,iPhone 15 pro max 256GB avec garantie,850,DETECTED,Prise 35w iPhone 15 pour les nouveaux modèles d'iPhone et câble usb-c à type-c 1m neuf ou lighting,"Luzern, LU",2024.0,0,3,2,3,8,2,1,duplicated,underpriced,new-profile,marked,unfavorable,case_study_sample,1200,0.7083333333333334,0,0,0
2145,iPhone 14 pro max 256GB NGOCIABLE,850,DETECTED,Téléphone comme Neuf aucune rayures Etat de la Batterie 100% fourni avec son chargeur et une coque,"Val-de-Travers, NE",2014.0,0,2,1,1,4,2,0,similar,market-consistent,older-profile,borderline,acceptable,case_study_sample,850,1.0,0,0,0
2146,IPhone 15 Pro,850,DETECTED, vendre IPhone 15 Pro 256 Gb avec protection écran mise à l'achat avec coque,"Ollon, VD",2022.0,0,2,2,1,5,2,0,similar,underpriced,older-profile,borderline,acceptable,case_study_sample,1200,0.7083333333333334,0,0,0
2147,Iphone 14 pro max,850,DETECTED,Iphone 14 pro max 128GB état comme neuf servis seulement 1an Les week-ends la batterie est encore à 92% de ça capacité je vends en plus la chargeur rapide Apple avec la câble vitre de protection rinoshield encore sur le téléphone et en très bonne état.,"Alle, JU",2012.0,0,2,1,1,4,2,0,similar,market-consistent,older-profile,borderline,acceptable,case_study_sample,850,1.0,0,0,0
2148,iPhone 14 pro 256GB sous garantie,850,DETECTED,"iPhone 14 pro 256 GO sous garantie Apple care + (version la plus complète). Prix à débattre.  Le téléphone est nickel, toujours protégé dans une coque Apple officielle que je laisse également. La batterie est à 85% et l'écran a des micro traces d'usure. La garantie Apple care + courant jusqu'en novembre permet de changer batterie ou écran si vous le souhaitez.","Genève, GE",2007.0,0,2,1,1,4,2,0,similar,market-consistent,older-profile,borderline,acceptable,case_study_sample,850,1.0,0,0,0
2149,Apple iPhone 15 Pro Max (256 Go) - Titane Naturel NEUF Jamais ouvert,850,DETECTED,Apple iPhone 15 Pro Max (256 Go) - Titane Naturel NEUF Jamais ouvert  Facture Amazon.de   Remise en main propre ou envoie postale contre acompte et échange pièce identité.,Est déverrouillé (O/N),2024.0,0,2,2,3,7,2,1,similar,underpriced,new-profile,marked,unfavorable,case_study_sample,1200,0.7083333333333334,0,0,0
2150,iPhone 15 256G,850,DETECTED,iPhone 15 256G utiliser pendant 3 mois en parfait état comme neuf batterie  93%,"Brügg, BE",2012.0,0,2,2,1,5,2,0,similar,underpriced,older-profile,borderline,acceptable,case_study_sample,1200,0.7083333333333334,0,0,0
2151,iPhone 15 Pro Max 256GO,849,DETECTED,A vendre iPhone 15 Pro Max 256GO Natural Titanium. Avec boîte et câble de charge.  Remise en main propre uniquement.,"La Chaux-de-Fonds, NE",2022.0,0,2,2,1,5,2,0,similar,underpriced,older-profile,borderline,acceptable,case_study_sample,1200,0.7075,0,0,0
2152,iPhone 15 plus  128gb noir,800,DETECTED,"iPhone 15 plus noir 128gb noir en parfait état. tat de la batterie encore à 100% acheté il ya quelque mois neuf ,fournis avec boîtie dorigine + facture. Négociable dans la limite du raisonnable.  venir récupérer sur place pas denvoie.","Marnaz, ARA",,1,2,2,2,6,2,1,similar,underpriced,intermediate-or-missing,marked,unfavorable,case_study_sample,1200,0.6666666666666666,0,0,0
2153,iPhone 14 pro Max,800,DETECTED,"Téléphone acheter il y a un an légère, traces dutilisation sur les ctés écran, nickel, qui a été toujours protégé par une vitre de protection","Meyrin, GE",2016.0,0,2,1,1,4,2,0,similar,market-consistent,older-profile,borderline,acceptable,case_study_sample,850,0.9411764705882353,0,0,0
2154,Apple iPhone 14 Pro Max - 128Go - Or (Déverrouillé),800,POSITIVE,A vendre un Apple iPhone 14 Pro Max - 128Go - Or (Déverrouillé).   l'iPhone est littéralement comme neuf   Toujours protégé par une coque et verre de protection spigen.   Je vends cet iPhone Avec l'ensemble de ses accessoires dans son boitier apple d'origine.   Le câble d'alimentation est neuf et jamais utilisé.   Vendu avec un chargeur usb-c d'origine apple et jamais utilisé.   Je donne la coque de protection spigen ainsi qu'un verre de protection spigen neuf que vous pourrez installer vous même.   La batterie est à 90%.   Envoi de l'iPhone le lendemain du paiement en Colissimo recommandé avec assurance à hauteur du montant de l'achat,"Zürich, ZH",2024.0,0,2,1,3,10,3,1,similar,market-consistent,new-profile,fraud-confirmed,unfavorable,case_study_sample,850,0.9411764705882353,1,1,0
2155,Apple iPhone 14 Pro Max - 128Go - Or (Déverrouillé),800,POSITIVE,A vendre un Apple iPhone 14 Pro Max - 128Go - Or (Déverrouillé).   l'iPhone est littéralement comme neuf   Toujours protégé par une coque et verre de protection spigen.   Je vends cet iPhone Avec l'ensemble de ses accessoires dans son boitier apple d'origine.   Le câble d'alimentation est neuf et jamais utilisé.   Vendu avec un chargeur usb-c d'origine apple et jamais utilisé.   Je donne la coque de protection spigen ainsi qu'un verre de protection spigen neuf que vous pourrez installer vous même.   La batterie est à 90%.   Envoi de l'iPhone le lendemain du paiement en Colissimo recommandé avec assurance à hauteur du montant de l'achat,"Zürich, ZH",2024.0,0,2,1,3,10,3,1,similar,market-consistent,new-profile,fraud-confirmed,unfavorable,case_study_sample,850,0.9411764705882353,1,1,0
2156,iPhone 15 pro max 256gb,800,DETECTED,"Bonjour !! Je mets en vente mon iphone 15 pro max 256gb. Il est en parfait état et fonctionne normalement avec tout les accessoires d'origine la couleur grise . La raison de la vente est personnelle,  veuillez m'envoyer des messages en privé merci","Basel, BS",2024.0,0,2,2,3,7,2,1,similar,underpriced,new-profile,marked,unfavorable,case_study_sample,1200,0.6666666666666666,0,0,0
2157,Apple iPhone 15 Pro Max  256 GB  Titanblau (entsperrt,800,DETECTED,Apple iPhone 15 Pro Max  256 GB  Titanblau (entsperrt).    Batteriestatus 99 %,"Genève, GE",2024.0,0,2,2,3,7,2,1,similar,underpriced,new-profile,marked,unfavorable,case_study_sample,1200,0.6666666666666666,0,0,0
2158,Iphone 15 pro max 256gb,800,DETECTED,"iPhone 15 promax, 256 Go.     L'iPhone est en bon état et neuf objet dans mes cadeaux d'anniversaires.      La capacité maximale de la batterie est de 100 %      Expédition assurée possible par FedEx Express","Zürich, ZH",2024.0,0,2,2,3,7,2,1,similar,underpriced,new-profile,marked,unfavorable,case_study_sample,1200,0.6666666666666666,0,0,0
2159,iphone 15 pro jamais utilisé avec la facture et la garantie,950,DETECTED,iphone 15 pro jamais utilisé avec la facture et la garantie,"Lyaud, ARA",,1,2,2,2,6,2,1,similar,underpriced,intermediate-or-missing,marked,unfavorable,case_study_sample,1200,0.7916666666666666,0,0,0
2160,iPhone 15 plus rose 128 giga il a 4 mois aucun coup ni de griffe,950,DETECTED,iPhone 15 plus rose 128 giga il a 4 mois aucun coup aucune griffe,"Liège, WAL",,1,2,2,2,6,2,1,similar,underpriced,intermediate-or-missing,marked,unfavorable,case_study_sample,1200,0.7916666666666666,0,0,0
2161,Iphone 15 pro max,900,DETECTED,"**Modèle :** iPhone 15 Pro Max   **Version iOS :** 17.5.1   **Numéro de Modèle :** MU683LL/A   **Numéro de Série :** DTQ4G6PYVJ   **Couleur :** Gris    Je vends mon iPhone 15 Pro Max en excellent état. Voici ses caractéristiques principales :  - **cran :** Super Retina XDR de 6,7 pouces - **Stockage :** 256 Go  - **Appareil Photo :** Triple caméra 48 MP avec LiDAR pour des photos et vidéos de qualité professionnelle - **Processeur :** A17 Bionic pour des performances ultra-rapides - **Autonomie :** Batterie longue durée avec recharge rapide et compatibilité MagSafe - **Connectivité :** 5G, Wi-Fi 6E, Bluetooth 5.3  L'iPhone est en parfait état de fonctionnement et a toujours été utilisé avec une coque et un protège-écran. Aucune rayure ni dommage. Vendu avec boîte d'origine, câble de charge, et adaptateur secteur.  Prix: 900   N'hésitez pas à me contacter pour plus d'informations","Paris, IDF",,1,2,2,2,6,2,1,similar,underpriced,intermediate-or-missing,marked,unfavorable,case_study_sample,1200,0.75,0,0,0
2162,IPhone 15 pro 128 go (sous blister),900,DETECTED,Bonjour je vends iPhone 15 pro blanc titane sous blister jamais ouvert avec facture à lappui   Remise en main propre,"Besançon, BFC",,1,2,2,2,6,2,1,similar,underpriced,intermediate-or-missing,marked,unfavorable,case_study_sample,1200,0.75,0,0,0
2163,iPhone 15 pro,800,DETECTED,iPhone 15 pro garantie deux ans digitec prix ferme,"Lausanne, VD",2024.0,0,2,2,3,7,2,1,similar,underpriced,new-profile,marked,unfavorable,case_study_sample,1200,0.6666666666666666,0,0,0
2164,Iphone 14 pro max 256gb Deep Purple,800,DETECTED,"!.-Le prix est fixe-.!  iPhone 14 pro max 256 gb Comme neuf Utilisé depuis 1 an, la garantie vient d'expirer. Il y a un reçu d'achat Je n'envoie pas mon téléphone par la poste. Rencontre et paiement en espèces ou TWINT Batterie 89%",Couleur,2016.0,0,2,1,1,4,2,0,similar,market-consistent,older-profile,borderline,acceptable,case_study_sample,850,0.9411764705882353,0,0,0
2165,iPhone 14 pro 256gb,790,DETECTED,Je vends mon IPhone noir sidéral 256 giga acheté avec facture.  Négociable raisonnablement merci,"Genève, GE",2008.0,0,2,1,1,4,2,0,similar,market-consistent,older-profile,borderline,acceptable,case_study_sample,850,0.9294117647058824,0,0,0
2166,iPhone 14 Pro Max 128 GB,750,DETECTED,"Bonjour, je vends mon ancien téléphone car je nen vois plus lutilité. Il est en parfait état limite comme neuf. Létat de batterie est à 89%. Il est toujours garanti (voir facture sur photo). Si toute fois vous avez des questions hésitez pas ! ARNAQUE SABSTENIR !","Courcelles, WAL",,1,2,2,2,6,2,1,similar,underpriced,intermediate-or-missing,marked,unfavorable,case_study_sample,850,0.8823529411764706,0,0,0
2167,iPhone 15,750,DETECTED,Vend iPhone 15 neuf 4 mois toujours protégé aucune rayure,"Hesdin, HDF",,1,2,2,2,6,2,1,similar,underpriced,intermediate-or-missing,marked,unfavorable,case_study_sample,1200,0.625,0,0,0
