listing_id,title,price_chf,source_status,ad_text,location,profile_creation_year,profile_creation_missing,content_score,price_score,profile_score,fraud_index,manual_state_code,risk_target,content_band,price_band,profile_band,risk_band,risk_target_label,dataset,market_price_chf,price_ratio,confirmed_extreme,confirmed_positive,confirmed_negative
2,iPhone 14 pro max 256gb,200,POSITIVE,"Disponible l'iPhone 14 pro max à 200 l'iPhone 14 Pro Max 256GB original , Batterie  100% avec ça facture tout d'origine ni souci","Grenoble, ARA",,1,1,3,2,10,3,1,unique,suspiciously-low,intermediate-or-missing,fraud-confirmed,unfavorable,exploratory_sample,850,0.23529411764705882,1,1,0
3,iPhone 14 pro max 256gb,200,POSITIVE,"Disponible l'iPhone 14 pro max à 200 l'iPhone 14 Pro Max 256GB original , Batterie  100% avec ça facture tout d'origine ni souci","Annecy, ARA",,1,3,3,2,10,3,1,duplicated,suspiciously-low,intermediate-or-missing,fraud-confirmed,unfavorable,exploratory_sample,850,0.23529411764705882,1,1,0
4,iPhone 14 pro max 256gb,200,POSITIVE,"Disponible l'iPhone 14 pro max à 200 l'iPhone 14 Pro Max 256GB original , Batterie  100% avec ça facture tout d'origine ni souci","Dijon, BFC",,1,3,3,2,10,3,1,duplicated,suspiciously-low,intermediate-or-missing,fraud-confirmed,unfavorable,exploratory_sample,850,0.23529411764705882,1,1,0
5,iPhone 14 pro max 256gb,200,POSITIVE,"Vente de iPhone 14 pro max à 200 l'iPhone 14 Pro Max 256GB original , Batterie  100% avec ça facture","Besançon, BFC",,1,2,3,2,10,3,1,similar,suspiciously-low,intermediate-or-missing,fraud-confirmed,unfavorable,exploratory_sample,850,0.23529411764705882,1,1,0
6,iPhone 14 pro max 256 GB,200,IDENTIFIED,"Vente de iPhone 14 pro max à 200 l'iPhone 14 Pro Max 256GB original , Batterie  100% avec ça facture Raison de vente : besoin d'argent pour régler une problème personnel","Thonon-les-Bains, ARA",,1,2,3,2,7,2,1,similar,suspiciously-low,intermediate-or-missing,marked,unfavorable,exploratory_sample,850,0.23529411764705882,0,0,0
7,iPhone 14 pro max 256 GB,200,POSITIVE,"Vente de iPhone 14 pro max à 200 l'iPhone 14 Pro Max 256GB original , Batterie  100% avec ça facture Raison de vente : besoin d'argent pour régler une problème personnel",-,,1,2,3,2,10,3,1,similar,suspiciously-low,intermediate-or-missing,fraud-confirmed,unfavorable,exploratory_sample,850,0.23529411764705882,1,1,0
8,iPhone 14 pro max 256gb,200,POSITIVE,"Vente de iPhone 14 pro max à 200 l'iPhone 14 Pro Max 256GB original , Batterie  100% avec ça facture","Annecy, ARA",,1,2,3,2,10,3,1,similar,suspiciously-low,intermediate-or-missing,fraud-confirmed,unfavorable,exploratory_sample,850,0.23529411764705882,1,1,0
9,iPhone 14 pro max 256 GB,208,POSITIVE,iPhone 14 pro max 256 GB A vendre avec tout les accessoires le chargeur l'écouteur facture et le carton,"Besançon, BFC",,1,2,3,2,10,3,1,similar,suspiciously-low,intermediate-or-missing,fraud-confirmed,unfavorable,exploratory_sample,850,0.2447058823529412,1,1,0
10,iPhone 14 pro max 256 GB,200,POSITIVE,"Vente de iPhone 14 pro max à 200 l'iPhone 14 Pro Max 256GB original , Batterie  100% avec ça facture Raison de vente : besoin d'argent pour régler une problème personnel","Aix-les-Bains, ARA",,1,2,3,2,10,3,1,similar,suspiciously-low,intermediate-or-missing,fraud-confirmed,unfavorable,exploratory_sample,850,0.23529411764705882,1,1,0
11,Iphone 14pro max 256gb,200,POSITIVE,"Disponible l'iPhone 14 pro max à 200 l'iPhone 14 Pro Max 256GB original , Batterie  100% avec ça facture tout d'origine ni souci","Annemasse, ARA",,1,3,3,2,10,3,1,duplicated,suspiciously-low,intermediate-or-missing,fraud-confirmed,unfavorable,exploratory_sample,850,0.23529411764705882,1,1,0
12,Iphone 14pro max 256gb,200,POSITIVE,"iPhone 14 Pro max 256GB originale est à 200  prix fermé c’est juste pour la vente au plus vite que j’ai mise ça à 200  car j’ai eu des problème personnel a régler urgent tout les papiers et les  accessoires , le chargeur , l'écouteur , protège et  d'achat  de l'entretien  batterie 100% est OK aucun frais à prévoir ","Blois-sur-Seille, BFC",,1,2,3,2,10,3,1,similar,suspiciously-low,intermediate-or-missing,fraud-confirmed,unfavorable,exploratory_sample,850,0.23529411764705882,1,1,0
13,Iphone 14pro max 256gb,200,POSITIVE,"iPhone 14 Pro max 256GB originale est à 200  prix fermé c’est juste pour la vente au plus vite que j’ai mise ça à 200  car j’ai eu des problème personnel a régler urgent tout les papiers et les  accessoires , le chargeur , l'écouteur , protège et  d'achat  de l'entretien  batterie 100% est OK aucun frais à prévoir","Aix-les-Bains, ARA",,1,2,3,2,10,3,1,similar,suspiciously-low,intermediate-or-missing,fraud-confirmed,unfavorable,exploratory_sample,850,0.23529411764705882,1,1,0
14,Iphone 14pro max 256gb,200,POSITIVE,iPhone 14 pro max couleur gris disponible a vendre urgent a 200 pour des raisons personnelles état nickel jamais devisé batterie 100%  nickel 10/10 Mémoire 256gb Tout d'origine a vérifier avant l'achat veuillez me contacter pour plus d'informations,"Thonon-les-Bains, ARA",,1,2,3,2,10,3,1,similar,suspiciously-low,intermediate-or-missing,fraud-confirmed,unfavorable,exploratory_sample,850,0.23529411764705882,1,1,0
15,iPhone 14 pro max de 256gb,200,IDENTIFIED,"Vente de iPhone 14 pro max à 200 l'iPhone 14 Pro Max 256GB original , Batterie  100% avec ça facture","Besançon, BFC",,1,2,3,2,7,2,1,similar,suspiciously-low,intermediate-or-missing,marked,unfavorable,exploratory_sample,850,0.23529411764705882,0,0,0
16,iPhone 14 pro max 256gb,200,IDENTIFIED,"Vente de iPhone 14 pro max à 200 l'iPhone 14 Pro Max 256GB original , Batterie  100% avec ça facture","Chambéry, ARA",,1,2,3,2,7,2,1,similar,suspiciously-low,intermediate-or-missing,marked,unfavorable,exploratory_sample,850,0.23529411764705882,0,0,0
17,iPhone 14 pro max 256gb,200,POSITIVE,"Disponible l'iPhone 14 pro max à 200 l'iPhone 14 Pro Max 256GB original , Batterie  100% avec ça facture tout d'origine ni souci ","Rouen, NOR",,1,3,3,2,10,3,1,duplicated,suspiciously-low,intermediate-or-missing,fraud-confirmed,unfavorable,exploratory_sample,850,0.23529411764705882,1,1,0
18,iPhone 14 pro max 256gb,200,POSITIVE,"Vente de iPhone 14 pro max à 200 l'iPhone 14 Pro Max 256GB original , Batterie  100% avec ça facture","Mulhouse, GES",,1,2,3,2,10,3,1,similar,suspiciously-low,intermediate-or-missing,fraud-confirmed,unfavorable,exploratory_sample,850,0.23529411764705882,1,1,0
19,iPhone 14 pro max 256gb,200,POSITIVE,"Disponible l'iPhone 14 pro max à 200 l'iPhone 14 Pro Max 256GB original , Batterie  100% avec ça facture tout d'origine ni souci","Villeurbanne, ARA",,1,3,3,2,10,3,1,duplicated,suspiciously-low,intermediate-or-missing,fraud-confirmed,unfavorable,exploratory_sample,850,0.23529411764705882,1,1,0
20,iPhone 14 pro max 256gb,200,POSITIVE,"Disponible l'iPhone 14 pro max à 200 l'iPhone 14 Pro Max 256GB original , Batterie  100% avec ça facture tout d'origine ni souci","Mulhouse, GES",,1,3,3,2,10,3,1,duplicated,suspiciously-low,intermediate-or-missing,fraud-confirmed,unfavorable,exploratory_sample,850,0.23529411764705882,1,1,0
21,Iphone 14pro max 256gb,200,POSITIVE,"Disponible l'iPhone 14 pro max à 200 l'iPhone 14 Pro Max 256GB original , Batterie  100% avec ça facture tout d'origine ni souci","Pouy-sur-Vannes, GES",,1,3,3,2,10,3,1,duplicated,suspiciously-low,intermediate-or-missing,fraud-confirmed,unfavorable,exploratory_sample,850,0.23529411764705882,1,1,0
22,iPhone 14 pro max 256gb,200,POSITIVE,"Vente de iPhone 14 pro max à 200 l'iPhone 14 Pro Max 256GB original , Batterie  100% avec ça facture","Brugge, VLG",,1,2,3,2,10,3,1,similar,suspiciously-low,intermediate-or-missing,fraud-confirmed,unfavorable,exploratory_sample,850,0.23529411764705882,1,1,0
23,iPhone 14 pro max 256gb,208,POSITIVE,"Vente de iPhone 14 pro max à 200 l'iPhone 14 Pro Max 256GB original , Batterie  100% avec ça facture","Perpignan, OCC",,1,2,3,2,10,3,1,similar,suspiciously-low,intermediate-or-missing,fraud-confirmed,unfavorable,exploratory_sample,850,0.2447058823529412,1,1,0
24,iPhone 14 pro max 256 GB,200,IDENTIFIED,"Vente de iPhone 14 pro max à 200 l'iPhone 14 Pro Max 256GB original , Batterie  100% avec ça facture Raison de vente : besoin d'argent pour régler une problème personnel","Tourcoing, HDF",,1,2,3,2,7,2,1,similar,suspiciously-low,intermediate-or-missing,marked,unfavorable,exploratory_sample,850,0.23529411764705882,0,0,0
25,Iphone 14pro max 256gb,200,POSITIVE,"Disponible l'iPhone 14 pro max à 200 l'iPhone 14 Pro Max 256GB original , Batterie  100% avec ça facture tout d'origine ni souci","Créteil, IDF",,1,3,3,2,10,3,1,duplicated,suspiciously-low,intermediate-or-missing,fraud-confirmed,unfavorable,exploratory_sample,850,0.23529411764705882,1,1,0
26,iPhone 14 pro max 256gb,200,IDENTIFIED,"Vente de iPhone 14 pro max à 200 l'iPhone 14 Pro Max 256GB original , Batterie  100% avec ça facture","Reims, GES",,1,2,3,2,7,2,1,similar,suspiciously-low,intermediate-or-missing,marked,unfavorable,exploratory_sample,850,0.23529411764705882,0,0,0
27,iPhone 14 pro max 256gb,208,POSITIVE,"Disponible l'iPhone 14 pro max à 200 l'iPhone 14 Pro Max 256GB original , Batterie  100% avec ça facture tout d'origine ni souci","Orléans, CVL",,1,3,3,2,10,3,1,duplicated,suspiciously-low,intermediate-or-missing,fraud-confirmed,unfavorable,exploratory_sample,850,0.2447058823529412,1,1,0
28,Iphone 14pro max 256gb,200,POSITIVE,"Disponible l'iPhone 14 pro max à 200 l'iPhone 14 Pro Max 256GB original , Batterie  100% avec ça facture tout d'origine ni souci","Troyon, GES",,1,3,3,2,10,3,1,duplicated,suspiciously-low,intermediate-or-missing,fraud-confirmed,unfavorable,exploratory_sample,850,0.23529411764705882,1,1,0
29,Iphone 14pro max 256gb,200,POSITIVE,iPhone 14 pro max couleur gris disponible a vendre urgent a 200 pour des raisons personnelles état nickel jamais devisé batterie 100% État nickel 10/10 Mémoire 256gb Tout d'origine a vérifier avant l'achat ,"Bailleul, HDF",,1,2,3,2,10,3,1,similar,suspiciously-low,intermediate-or-missing,fraud-confirmed,unfavorable,exploratory_sample,850,0.23529411764705882,1,1,0
30,iPhone 14 pro max 256gb,200,IDENTIFIED,"Vente de iPhone 14 pro max à 200 l'iPhone 14 Pro Max 256GB original , Batterie  100% avec ça facture","Besançon, BFC",,1,2,3,2,7,2,1,similar,suspiciously-low,intermediate-or-missing,marked,unfavorable,exploratory_sample,850,0.23529411764705882,0,0,0
31,Iphone 14pro max 256gb,200,POSITIVE,"Disponible l'iPhone 14 pro max à 200 l'iPhone 14 Pro Max 256GB original , Batterie  100% avec ça facture tout d'origine ni souci","Dijon, BFC",,1,3,3,2,10,3,1,duplicated,suspiciously-low,intermediate-or-missing,fraud-confirmed,unfavorable,exploratory_sample,850,0.23529411764705882,1,1,0
32,Iphone 14pro max 256gb,200,POSITIVE,"iPhone 14 Pro max 256GB originale est à 200  prix fermé c’est juste pour la vente au plus vite que j’ai mise ça à 200  car j’ai eu des problème personnel a régler urgent tout les papiers et les  accessoires , le chargeur , l'écouteur , protège et  d'achat  de l'entretien État batterie 100% est OK aucun frais à prévoir","Grenoble, ARA",,1,2,3,2,10,3,1,similar,suspiciously-low,intermediate-or-missing,fraud-confirmed,unfavorable,exploratory_sample,850,0.23529411764705882,1,1,0
33,Iphone 14pro max 256gb,200,POSITIVE,"Disponible l'iPhone 14 pro max à 200 l'iPhone 14 Pro Max 256GB original , Batterie  100% avec ça facture tout d'origine ni souci ","Plombières-lès-Dijon, BFC",,1,3,3,2,10,3,1,duplicated,suspiciously-low,intermediate-or-missing,fraud-confirmed,unfavorable,exploratory_sample,850,0.23529411764705882,1,1,0
34,pouillotfrelatalinemarine@gmail.com,200,IDENTIFIED,"Vente de iPhone 14 pro max à 200 l'iPhone 14 Pro Max 256GB original , Batterie  100% avec ça facture","Mulhouse, GES",,1,2,2,2,6,2,1,similar,underpriced,intermediate-or-missing,marked,unfavorable,exploratory_sample,400,0.5,0,0,0
35,iPhone 14 pro max 256 GB,200,POSITIVE,"Vente de iPhone 14 pro max à 200 l'iPhone 14 Pro Max 256GB original , Batterie  100% avec ça facture","Albon-d'Ardèche, ARA",,1,2,3,2,10,3,1,similar,suspiciously-low,intermediate-or-missing,fraud-confirmed,unfavorable,exploratory_sample,850,0.23529411764705882,1,1,0
36,iphone 15 max pro max 512Go,400,IDENTIFIED,"iphone 15pro max a vendre urgent mon iphone 15pro max avec son chargeur avec la facture, etat batterie 99%,  512Go, en etat nickel sans aucun soucis ","Charenton-le-Pont, IDF",,1,1,3,2,6,2,1,unique,suspiciously-low,intermediate-or-missing,marked,unfavorable,exploratory_sample,1200,0.3333333333333333,0,0,0
37,iphone 15 max pro max 512Go,400,POSITIVE,"iphone 15pro max a vendre urgent mon iphone 15pro max avec son chargeur avec la facture, etat batterie 99%,  512Go, en etat nickel sans aucun soucis","Le Kremlin-Bicêtre, IDF",,1,3,3,2,10,3,1,duplicated,suspiciously-low,intermediate-or-missing,fraud-confirmed,unfavorable,exploratory_sample,1200,0.3333333333333333,1,1,0
38,iphone 15 max pro max 512Go,400,POSITIVE,"iphone 15pro max a vendre urgent mon iphone 15pro max avec son chargeur avec la facture, etat batterie 99%,  512Go, en etat nickel sans aucun soucis","Neuilly-sur-Seine, IDF",,1,3,3,2,10,3,1,duplicated,suspiciously-low,intermediate-or-missing,fraud-confirmed,unfavorable,exploratory_sample,1200,0.3333333333333333,1,1,0
39,iphone 15 max pro max,400,IDENTIFIED,"iphone 15pro max a vendre urgent mon iphone 15pro max avec son chargeur avec la facture, etat batterie 99%,  512Go, en etat nickel sans aucun soucis","Le Pré-Saint-Gervais, IDF",,1,3,3,2,8,2,1,duplicated,suspiciously-low,intermediate-or-missing,marked,unfavorable,exploratory_sample,1200,0.3333333333333333,0,0,0
40,iphone 15 max pro max,400,IDENTIFIED,"iphone 15pro max a vendre urgent mon iphone 15pro max avec son chargeur avec la facture, etat batterie 99%,  512Go, en etat nickel sans aucun soucis","Paris, IDF",,1,3,3,2,8,2,1,duplicated,suspiciously-low,intermediate-or-missing,marked,unfavorable,exploratory_sample,1200,0.3333333333333333,0,0,0
41,Iphone 15 pro max,630,POSITIVE,Je vend un iPhone 15 pro max neuf sans aucun problème avec tout les assessoires de 512gb . La bactérie est à 100% . Le ramassage est possible ainsi que l'expédition,"Lyon, ARA",,1,1,2,2,10,3,1,unique,underpriced,intermediate-or-missing,fraud-confirmed,unfavorable,exploratory_sample,1200,0.525,1,1,0
42,Iphone 15 pro max,550,POSITIVE,Mis en vente d'un iPhone 15pro Max en état propre sans aucun dommage et avec tout ces accessoire en carton bien sûr disposant d'une capacité de 256gb et la batterie toujours à 100%,"Genève, GE",,1,2,3,2,10,3,1,similar,suspiciously-low,intermediate-or-missing,fraud-confirmed,unfavorable,exploratory_sample,1200,0.4583333333333333,1,1,0
43,Iphone 15 pro max,520,DETECTED,"Stock illimitées ""Nous représentons Apple et nous proposons des iPhone 15 Pro Max à batterie encore à 97%. C'est pourquoi nous avons réduit les prix. Livraison disponible. Venez chercher votre iPhone avant l'épuisement des stocks. Merci!"" État neuf En carton ","Nantes-en-Ratier, ARA",,1,1,3,2,6,2,1,unique,suspiciously-low,intermediate-or-missing,marked,unfavorable,exploratory_sample,1200,0.43333333333333335,0,0,0
44,iPhone 14 pro max,250,IDENTIFIED,"BONJOUR A VENDRE MON IPHONE 14PRO MAX 256GB A 250  PRIX FERME AVEC SON ACCESSOIRES,LA CHARGEUR, SON ÉCOUTEURS, NIVEAU DE LA BATTERIE 100% SANS AUCUN FRAIS A PRÉVOIR","Lyon, ARA",,1,2,3,2,7,2,1,similar,suspiciously-low,intermediate-or-missing,marked,unfavorable,exploratory_sample,850,0.29411764705882354,0,0,0
45,iPhone 14 pro max,250,IDENTIFIED,"BONJOUR A VENDRE MON IPHONE 14PRO MAX 256GB A 250  PRIX FERME AVEC SON ACCESSOIRES,LA CHARGEUR, SON ÉCOUTEURS, NIVEAU DE LA BATTERIE 100% SANS AUCUN FRAIS A PRÉVOIR","Gennevilliers, IDF",,1,2,3,2,7,2,1,similar,suspiciously-low,intermediate-or-missing,marked,unfavorable,exploratory_sample,850,0.29411764705882354,0,0,0
46,iPhone 14 pro max,250,IDENTIFIED,"BONJOUR A VENDRE MON IPHONE 14PRO MAX 256GB A 250  PRIX FERME AVEC SON ACCESSOIRES,LA CHARGEUR, SON ÉCOUTEURS, NIVEAU DE LA BATTERIE 100% SANS AUCUN FRAIS A PRÉVOIR","Versailles, IDF",,1,2,3,2,7,2,1,similar,suspiciously-low,intermediate-or-missing,marked,unfavorable,exploratory_sample,850,0.29411764705882354,0,0,0
47,iPhone 14 pro max 256gb,350,POSITIVE,iPhone 14 pro max couleur gold disponible a vendre urgent a 350 pour des raisons personnelles état nickel jamais devisé batterie 100% État nickel 10/10 Mémoire 256gb Tout d'origine a vérifier avant l'achat veuillez me contacter pour plus d'informations ,"Beauvais, HDF",,1,2,3,2,10,3,1,similar,suspiciously-low,intermediate-or-missing,fraud-confirmed,unfavorable,exploratory_sample,850,0.4117647058823529,1,1,0
48,iPhone 14 pro max 256gb,350,POSITIVE,iPhone 14 pro max couleur gold disponible a vendre urgent a 350 pour des raisons personnelles état nickel jamais devisé batterie 100% État nickel 10/10 Mémoire 256gb,"Aubervilliers, IDF",,1,2,3,2,10,3,1,similar,suspiciously-low,intermediate-or-missing,fraud-confirmed,unfavorable,exploratory_sample,850,0.4117647058823529,1,1,0
49,iPhone 14 pro max 256gb,350,POSITIVE,iPhone 14 pro max couleur gold disponible a vendre urgent a 350 pour des raisons personnelles état nickel jamais devisé batterie 100% État nickel 10/10 Mémoire 256gb Tout d'origine a vérifier avant l'achat veuillez me contacter pour plus d'informations,"Melun, IDF",,1,2,3,2,10,3,1,similar,suspiciously-low,intermediate-or-missing,fraud-confirmed,unfavorable,exploratory_sample,850,0.4117647058823529,1,1,0
50,iPhone 14 pro max 256gb,350,POSITIVE,iPhone 14 pro max 256gb disponible a vendre urgent a 350 pour des raisons personnelles état nickel jamais devisé batterie  100% veuillez me contacter pour plus d'informations,"Cergy, IDF",,1,2,3,2,10,3,1,similar,suspiciously-low,intermediate-or-missing,fraud-confirmed,unfavorable,exploratory_sample,850,0.4117647058823529,1,1,0
51,iPhone 14 pro max 256gb,350,POSITIVE,iPhone 14 pro max couleur gold disponible a vendre urgent a 350 pour des raisons personnelles état nickel jamais devisé batterie 100% État nickel 10/10 Mémoire 256gb,"Rosières-près-Troyes, GES",,1,2,3,2,10,3,1,similar,suspiciously-low,intermediate-or-missing,fraud-confirmed,unfavorable,exploratory_sample,850,0.4117647058823529,1,1,0
52,iPhone 14 pro max 256gb,350,POSITIVE,iPhone 14 pro max 256gb disponible a vendre urgent a 350 pour des raisons personnelles état nickel jamais devisé batterie  100% veuillez me contacter pour plus d'informations,"Clichy, IDF",,1,2,3,2,10,3,1,similar,suspiciously-low,intermediate-or-missing,fraud-confirmed,unfavorable,exploratory_sample,850,0.4117647058823529,1,1,0
53,iPhone 14 pro max 256gb,350,POSITIVE,iPhone 14 pro max couleur gold disponible a vendre urgent a 350 pour des raisons personnelles état nickel jamais devisé batterie 100% État nickel 10/10 Mémoire 256gb,"Créteil, IDF",,1,2,3,2,10,3,1,similar,suspiciously-low,intermediate-or-missing,fraud-confirmed,unfavorable,exploratory_sample,850,0.4117647058823529,1,1,0
54,iPhone 14 pro max 256gb,350,POSITIVE,iPhone 14 pro max 256gb disponible a vendre urgent a 350 pour des raisons personnelles état nickel jamais devisé batterie  100% veuillez me contacter pour plus d'informations,"Reims, GES",,1,2,3,2,10,3,1,similar,suspiciously-low,intermediate-or-missing,fraud-confirmed,unfavorable,exploratory_sample,850,0.4117647058823529,1,1,0
55,iPhone 14 pro max 256gb,350,POSITIVE,iPhone 14 pro max couleur gold disponible a vendre urgent a 350 pour des raisons personnelles état nickel jamais devisé batterie 100% État nickel 10/10 Mémoire 256gb Tout d'origine a vérifier avant l'achat veuillez me contacter pour plus d'informations,"Le Mans, PDL",,1,2,3,2,10,3,1,similar,suspiciously-low,intermediate-or-missing,fraud-confirmed,unfavorable,exploratory_sample,850,0.4117647058823529,1,1,0
56,iPhone 14 pro max 256gb,350,POSITIVE,iPhone 14 pro max couleur gold disponible a vendre urgent a 350 pour des raisons personnelles état nickel jamais devisé  batterie 100% État nickel 10/10 Mémoire 256gb Tout d'origine a vérifier avant l'achat  veuillez me contacter pour plus d'informations,"Blois, CVL",,1,2,3,2,10,3,1,similar,suspiciously-low,intermediate-or-missing,fraud-confirmed,unfavorable,exploratory_sample,850,0.4117647058823529,1,1,0
57,iPhone 14 pro max 256gb,350,POSITIVE,iPhone 14 pro max couleur gold disponible a vendre urgent a 350 pour des raisons personnelles état nickel jamais devisé batterie 100% État nickel 10/10 Mémoire 256gb Tout d'origine a vérifier avant l'achat veuillez me contacter pour plus d'informations,"Chambéry, ARA",,1,2,3,2,10,3,1,similar,suspiciously-low,intermediate-or-missing,fraud-confirmed,unfavorable,exploratory_sample,850,0.4117647058823529,1,1,0
58,iPhone 14 pro max 256gb,350,POSITIVE,iPhone 14 pro max 256gb disponible a vendre urgent a 350 pour des raisons personnelles état nickel jamais devisé batterie  100% veuillez me contacter pour plus d'informations,"Lyon, ARA",,1,2,3,2,10,3,1,similar,suspiciously-low,intermediate-or-missing,fraud-confirmed,unfavorable,exploratory_sample,850,0.4117647058823529,1,1,0
59,iPhone 14 pro max 256gb,350,POSITIVE,iPhone 14 pro max couleur gold disponible a vendre urgent a 350 pour des raisons personnelles état nickel jamais devisé batterie 100% État nickel 10/10 Mémoire 256gb Tout d'origine a vérifier avant l'achat veuillez me contacter pour plus d'informations,"Saint-Martin-le-Vinoux, ARA",,1,2,3,2,10,3,1,similar,suspiciously-low,intermediate-or-missing,fraud-confirmed,unfavorable,exploratory_sample,850,0.4117647058823529,1,1,0
60,iPhone 14 pro max 256gb,350,POSITIVE,iPhone 14 pro max couleur gold disponible a vendre urgent a 350 pour des raisons personnelles état nickel jamais devisé batterie 100% État nickel 10/10 Mémoire 256gb Tout d'origine a vérifier avant l'achat veuillez me contacter pour plus d'informations,"Annecy, ARA",,1,2,3,2,10,3,1,similar,suspiciously-low,intermediate-or-missing,fraud-confirmed,unfavorable,exploratory_sample,850,0.4117647058823529,1,1,0
61,iPhone 14 pro max 256gb,350,POSITIVE,iPhone 14 pro max couleur gold disponible a vendre urgent a 350 pour des raisons personnelles état nickel jamais devisé batterie 100% État nickel 10/10 Mémoire 256gb Tout d'origine a  vérifier avant l'achat veuillez me contacter pour plus d'informations ,"Villeneuve, VD",,1,2,3,2,10,3,1,similar,suspiciously-low,intermediate-or-missing,fraud-confirmed,unfavorable,exploratory_sample,850,0.4117647058823529,1,1,0
62,IPHONE 14PRO MAX 256GB COULEURS,350,POSITIVE,"A VENDRE  IPHONE 14PRO MAX 256GB A 350  PRIX FERME AVEC SON ACCESSOIRES,LA CHARGEUR, SON ÉCOUTEURS, NIVEAU DE LA BATTERIE 100% INTÉRESSÉ M'ENVOYER UNE MESSAGE MERCI","Créteil, IDF",,1,2,3,2,10,3,1,similar,suspiciously-low,intermediate-or-missing,fraud-confirmed,unfavorable,exploratory_sample,850,0.4117647058823529,1,1,0
63,IPHONE 14PRO MAX 256GB,350,POSITIVE,"A VENDRE  IPHONE 14PRO MAX 256GB A 350  PRIX FERME AVEC SON ACCESSOIRES,LA CHARGEUR, SON ÉCOUTEURS, NIVEAU DE LA BATTERIE 100% INTÉRESSÉ M'ENVOYER UNE MESSAGE MERCI","Nanterre, IDF",,1,2,3,2,10,3,1,similar,suspiciously-low,intermediate-or-missing,fraud-confirmed,unfavorable,exploratory_sample,850,0.4117647058823529,1,1,0
64,IPHONE 14PRO MAX 256GB,350,POSITIVE,"A VENDRE  IPHONE 14PRO MAX 256GB A 350  PRIX FERME AVEC SON ACCESSOIRES,LA CHARGEUR, SON ÉCOUTEURS, NIVEAU DE LA BATTERIE 100% INTÉRESSÉ M'ENVOYER UNE MESSAGE MERCI","Argenteuil, IDF",,1,2,3,2,10,3,1,similar,suspiciously-low,intermediate-or-missing,fraud-confirmed,unfavorable,exploratory_sample,850,0.4117647058823529,1,1,0
65,IPHONE 14PRO MAX 256GB,350,POSITIVE,"A VENDRE  IPHONE 14PRO MAX 256GB A 350  PRIX FERME AVEC SON ACCESSOIRES,LA CHARGEUR, SON ÉCOUTEURS, NIVEAU DE LA BATTERIE 100% INTÉRESSÉ M'ENVOYER UNE MESSAGE MERCI","Le Mans, PDL",,1,2,3,2,10,3,1,similar,suspiciously-low,intermediate-or-missing,fraud-confirmed,unfavorable,exploratory_sample,850,0.4117647058823529,1,1,0
66,IPHONE 14PRO MAX 256GB,350,POSITIVE,"A VENDRE  IPHONE 14PRO MAX 256GB A 350  PRIX FERME AVEC SON ACCESSOIRES,LA CHARGEUR, SON ÉCOUTEURS, NIVEAU DE LA BATTERIE 100% INTÉRESSÉ M'ENVOYER UNE MESSAGE MERCI","Le Havre, NOR",,1,2,3,2,10,3,1,similar,suspiciously-low,intermediate-or-missing,fraud-confirmed,unfavorable,exploratory_sample,850,0.4117647058823529,1,1,0
67,iPhone 14 Pro Max,230,NEGATIVE,Paiement en  3 fois prix total : 230 ÷3 = 690 (premier grade esthétique),"Paris, IDF",,1,1,3,2,0,3,0,unique,suspiciously-low,intermediate-or-missing,legitimate,acceptable,exploratory_sample,850,0.27058823529411763,1,0,1
68,iPhone 14 Pro Max,230,NEGATIVE,Paiement en  3 fois prix total : 230 ÷3 = 690 (premier grade esthétique),"Paris, IDF",2024.0,0,3,3,3,0,3,0,duplicated,suspiciously-low,new-profile,legitimate,acceptable,exploratory_sample,850,0.27058823529411763,1,0,1
69,iPhone 14 Pro Max 256 Go,230,NEGATIVE,Description : Paiement en  3 fois prix total : 690 ÷3 = 230 (premier grade esthétique),"Paris, IDF",2024.0,0,3,3,3,0,3,0,duplicated,suspiciously-low,new-profile,legitimate,acceptable,exploratory_sample,850,0.27058823529411763,1,0,1
70,iPhone 14 Pro Max,230,NEGATIVE,Paiement en  3 fois prix total : 690 ÷3 = 230 (premier grade esthétique),"Paris, IDF",2021.0,0,3,3,1,0,3,0,duplicated,suspiciously-low,older-profile,legitimate,acceptable,exploratory_sample,850,0.27058823529411763,1,0,1
71,iPhone 14 Pro 256 Go,200,NEGATIVE,Bonjour: Paiement en  3 fois prix total : 600 ÷3 = 200 (premier grade esthétique),"Paris, IDF",2022.0,0,2,3,1,0,3,0,similar,suspiciously-low,older-profile,legitimate,acceptable,exploratory_sample,850,0.23529411764705882,1,0,1
72,IPHONE 14PRO MAX,350,POSITIVE,"A VENDRE  IPHONE 14PRO MAX 256GB A 350  PRIX FERME AVEC SON ACCESSOIRES,LA CHARGEUR, SON ÉCOUTEURS, NIVEAU DE LA BATTERIE 100% INTÉRESSÉ M'ENVOYER UNE MESSAGE MERCI","Dijon, BFC",,1,2,3,2,10,3,1,similar,suspiciously-low,intermediate-or-missing,fraud-confirmed,unfavorable,exploratory_sample,850,0.4117647058823529,1,1,0
73,IPHONE 14PRO MAX 256GB,350,POSITIVE,"A VENDRE  IPHONE 14PRO MAX 256GB A 350  PRIX FERME AVEC SON ACCESSOIRES,LA CHARGEUR, SON ÉCOUTEURS, NIVEAU DE LA BATTERIE 100% INTÉRESSÉ M'ENVOYER UNE MESSAGE MERCI","Mulhouse, GES",,1,2,3,2,10,3,1,similar,suspiciously-low,intermediate-or-missing,fraud-confirmed,unfavorable,exploratory_sample,850,0.4117647058823529,1,1,0
74,IPHONE 14PRO MAX 256GB,350,POSITIVE,"A VENDRE  IPHONE 14PRO MAX 256GB A 350  PRIX FERME AVEC SON ACCESSOIRES,LA CHARGEUR, SON ÉCOUTEURS, NIVEAU DE LA BATTERIE 100% INTÉRESSÉ M'ENVOYER UNE MESSAGE MERCI","Clermont-Ferrand, ARA",,1,2,3,2,10,3,1,similar,suspiciously-low,intermediate-or-missing,fraud-confirmed,unfavorable,exploratory_sample,850,0.4117647058823529,1,1,0
75,IPHONE 14PRO MAX 256GB,350,IDENTIFIED,"A VENDRE  IPHONE 14PRO MAX 256GB A 350  PRIX FERME AVEC SON ACCESSOIRES,LA CHARGEUR, SON ÉCOUTEURS, NIVEAU DE LA BATTERIE 100% INTÉRESSÉ M'ENVOYER UNE MESSAGE MERCI","Créteil, IDF",,1,2,3,2,7,2,1,similar,suspiciously-low,intermediate-or-missing,marked,unfavorable,exploratory_sample,850,0.4117647058823529,0,0,0
76,IPHONE 14PRO MAX 256GB,350,IDENTIFIED,"A VENDRE  IPHONE 14PRO MAX 256GB A 350  PRIX FERME AVEC SON ACCESSOIRES,LA CHARGEUR, SON ÉCOUTEURS, NIVEAU DE LA BATTERIE 100% INTÉRESSÉ M'ENVOYER UNE MESSAGE MERCI","Marseille, PAC",,1,2,3,2,7,2,1,similar,suspiciously-low,intermediate-or-missing,marked,unfavorable,exploratory_sample,850,0.4117647058823529,0,0,0
77,IPHONE 14PRO MAX 256GB,350,IDENTIFIED,"A VENDRE  IPHONE 14PRO MAX 256GB A 350  PRIX FERME AVEC SON ACCESSOIRES,LA CHARGEUR, SON ÉCOUTEURS, NIVEAU DE LA BATTERIE 100% INTÉRESSÉ M'ENVOYER UNE MESSAGE MERCI","Dijon, BFC",,1,2,3,2,7,2,1,similar,suspiciously-low,intermediate-or-missing,marked,unfavorable,exploratory_sample,850,0.4117647058823529,0,0,0
78,IPHONE 14PRO MAX 256GB,350,POSITIVE,"A VENDRE  IPHONE 14PRO MAX 256GB A 350  PRIX FERME AVEC SON ACCESSOIRES,LA CHARGEUR, SON ÉCOUTEURS, NIVEAU DE LA BATTERIE 100% INTÉRESSÉ M'ENVOYER UNE MESSAGE MERCI","Perpignan, OCC",,1,2,3,2,10,3,1,similar,suspiciously-low,intermediate-or-missing,fraud-confirmed,unfavorable,exploratory_sample,850,0.4117647058823529,1,1,0
79,IPHONE 14PRO MAX 256GB,350,POSITIVE,"A VENDRE  IPHONE 14PRO MAX 256GB A 350  PRIX FERME AVEC SON ACCESSOIRES,LA CHARGEUR, SON ÉCOUTEURS, NIVEAU DE LA BATTERIE 100% INTÉRESSÉ M'ENVOYER UNE MESSAGE MERCI","Nanterre, IDF",,1,2,3,2,10,3,1,similar,suspiciously-low,intermediate-or-missing,fraud-confirmed,unfavorable,exploratory_sample,850,0.4117647058823529,1,1,0
80,IPHONE 14PRO MAX 256GB,350,POSITIVE,"A VENDRE  IPHONE 14PRO MAX 256GB A 350  PRIX FERME AVEC SON ACCESSOIRES,LA CHARGEUR, SON ÉCOUTEURS, NIVEAU DE LA BATTERIE 100% INTÉRESSÉ M'ENVOYER UNE MESSAGE MERCI","Brest, BRE",,1,2,3,2,10,3,1,similar,suspiciously-low,intermediate-or-missing,fraud-confirmed,unfavorable,exploratory_sample,850,0.4117647058823529,1,1,0
81,IPHONE 14PRO MAX 256GB,350,IDENTIFIED,"A VENDRE  IPHONE 14PRO MAX 256GB A 350  PRIX FERME AVEC SON ACCESSOIRES,LA CHARGEUR, SON ÉCOUTEURS, NIVEAU DE LA BATTERIE 100% INTÉRESSÉ M'ENVOYER UNE MESSAGE MERCI","Marseille, PAC",,1,2,3,2,7,2,1,similar,suspiciously-low,intermediate-or-missing,marked,unfavorable,exploratory_sample,850,0.4117647058823529,0,0,0
82,IPHONE 14PRO MAX 256GB,350,IDENTIFIED,"A VENDRE  IPHONE 14PRO MAX 256GB A 350  PRIX FERME AVEC SON ACCESSOIRES,LA CHARGEUR, SON ÉCOUTEURS, NIVEAU DE LA BATTERIE 100% INTÉRESSÉ M'ENVOYER UNE MESSAGE MERCI","Créteil, IDF",,1,2,3,2,7,2,1,similar,suspiciously-low,intermediate-or-missing,marked,unfavorable,exploratory_sample,850,0.4117647058823529,0,0,0
83,iPhone 14 pro max neuf +facture 512gb,250,IDENTIFIED,Bonjour je vends mon téléphone portable iPhone 14 pro max neuf +facture 512gb d'origine en occasion neuf est toujours disponible en bon état ,"Lille, HDF",,1,2,3,2,7,2,1,similar,suspiciously-low,intermediate-or-missing,marked,unfavorable,exploratory_sample,850,0.29411764705882354,0,0,0
84,iPhone 14 pro max neuf +facture 512gb,250,IDENTIFIED,Bonjour je vends mon téléphone portable iPhone 14 pro max neuf +facture 512gb d'origine en occasion neuf est toujours disponible en bon état,"Nancy, GES",,1,2,3,2,7,2,1,similar,suspiciously-low,intermediate-or-missing,marked,unfavorable,exploratory_sample,850,0.29411764705882354,0,0,0
85,iPhone 14 pro max neuf +facture 512gb,250,IDENTIFIED,Bonjour je vends mon téléphone portable iPhone 14 pro max neuf +facture 512gb d'origine en occasion neuf est toujours disponible en bon état,"Rouen, NOR",,1,2,3,2,7,2,1,similar,suspiciously-low,intermediate-or-missing,marked,unfavorable,exploratory_sample,850,0.29411764705882354,0,0,0
86,iPhone 14 pro max neuf +facture 512gb,250,IDENTIFIED,Bonjour je vends mon téléphone portable iPhone 14 pro max neuf +facture 512gb d'origine en occasion neuf est toujours disponible en bon état et sous garantie 1ans ,"Nantes, PDL",,1,2,3,2,7,2,1,similar,suspiciously-low,intermediate-or-missing,marked,unfavorable,exploratory_sample,850,0.29411764705882354,0,0,0
87,iPhone 14 pro max neuf +facture 512gb,250,IDENTIFIED,Bonjour je vends mon téléphone portable iPhone 14 pro max neuf +facture 512gb d'origine en occasion neuf est toujours disponible en bon état et sous garantie 1ans prix ferme 250e ,"Évreux, NOR",,1,1,3,2,6,2,1,unique,suspiciously-low,intermediate-or-missing,marked,unfavorable,exploratory_sample,850,0.29411764705882354,0,0,0
88,iPhone 14 pro max neuf +facture 512gb,250,IDENTIFIED,Bonjour je vends mon téléphone portable iPhone 14 pro max neuf +facture 512gb d'origine en occasion neuf est toujours disponible ,"Bron, ARA",,1,2,3,2,7,2,1,similar,suspiciously-low,intermediate-or-missing,marked,unfavorable,exploratory_sample,850,0.29411764705882354,0,0,0
89,iPhone 14 pro max neuf 512gb +facture,250,IDENTIFIED,Bonjour je vends mon téléphone portable iPhone 14 pro max neuf +facture 512gb d'origine en occasion neuf est toujours disponible en bon état ,"Bordeaux, NAQ",,1,2,3,2,7,2,1,similar,suspiciously-low,intermediate-or-missing,marked,unfavorable,exploratory_sample,850,0.29411764705882354,0,0,0
90,iPhone 14 pro max neuf +facture,250,IDENTIFIED,Bonjour je vends mon téléphone portable iPhone 14 pro max neuf +facture 512gb d'origine en occasion neuf est toujours disponible en bon état et sous garantie 1ans sans aucun soucis ni frais à prévoir ,"Lyon, ARA",,1,2,3,2,7,2,1,similar,suspiciously-low,intermediate-or-missing,marked,unfavorable,exploratory_sample,850,0.29411764705882354,0,0,0
91,iPhone 14 pro max neuf +facture 512gb,250,POSITIVE,Bonjour je vends mon téléphone portable iPhone 14 pro max neuf +facture 512gb d'origine en occasion neuf est toujours disponible en bon état ,"Amiens, HDF",2024.0,0,2,3,3,10,3,1,similar,suspiciously-low,new-profile,fraud-confirmed,unfavorable,exploratory_sample,850,0.29411764705882354,1,1,0
92,iPhone 14 pro max neuf 512gb +facture,250,POSITIVE,Bonjour je vends mon téléphone portable iPhone 14 pro max neuf +facture 512gb d'origine en occasion neuf est toujours disponible en bon état et sous garantie 1ans ,"Versailles, IDF",2024.0,0,2,3,3,10,3,1,similar,suspiciously-low,new-profile,fraud-confirmed,unfavorable,exploratory_sample,850,0.29411764705882354,1,1,0
93,iPhone 14 pro max neuf +facture 512gb,250,IDENTIFIED,Bonjour je vends mon téléphone portable iPhone 14 pro max neuf +facture 512gb d'origine en occasion neuf est toujours disponible en bon état et sous garantie 1ans ,"Montreuil, IDF",2024.0,0,2,3,3,8,2,1,similar,suspiciously-low,new-profile,marked,unfavorable,exploratory_sample,850,0.29411764705882354,0,0,0
94,iPhone 14 pro max neuf 512gb +facture,250,IDENTIFIED,Bonjour je vends mon téléphone portable iPhone 14 pro max neuf +facture 512gb d'origine en occasion neuf est toujours disponible en bon état ,"Nevers, BFC",2024.0,0,2,3,3,8,2,1,similar,suspiciously-low,new-profile,marked,unfavorable,exploratory_sample,850,0.29411764705882354,0,0,0
95,iPhone 14 pro max neuf 512gb,250,POSITIVE,Bonjour je vends mon téléphone portable iPhone 14 pro max neuf +facture 512gb d'origine en occasion neuf est toujours disponible en bon état et sous garantie 1ans ,"Rouen, NOR",2024.0,0,2,3,3,10,3,1,similar,suspiciously-low,new-profile,fraud-confirmed,unfavorable,exploratory_sample,850,0.29411764705882354,1,1,0
96,iPhone 14 pro max neuf +facture 512gb,250,IDENTIFIED,Bonjour je vends mon téléphone portable iPhone 14 pro max neuf +facture 512gb d'origine en occasion neuf est toujours disponible en bon état avec la garantie 1ans ,"Lons-le-Saunier, BFC",,1,2,3,2,7,2,1,similar,suspiciously-low,intermediate-or-missing,marked,unfavorable,exploratory_sample,850,0.29411764705882354,0,0,0
97,iPhone 14 pro max neuf +facture 512gb,250,POSITIVE,Bonjour je vends mon téléphone portable iPhone 14 pro max neuf +facture 512gb d'origine en occasion neuf est toujours disponible en bon état et sous garantie 1ans ,"Drancy, IDF",2024.0,0,2,3,3,10,3,1,similar,suspiciously-low,new-profile,fraud-confirmed,unfavorable,exploratory_sample,850,0.29411764705882354,1,1,0
98,iPhone 14 pro max neuf +facture en bon état,250,IDENTIFIED,Bonjour je vends mon téléphone portable iPhone 14 pro max neuf +facture 512gb d'origine en occasion neuf est toujours disponible en bon état ,"Tulle, NAQ",2024.0,0,2,3,3,8,2,1,similar,suspiciously-low,new-profile,marked,unfavorable,exploratory_sample,850,0.29411764705882354,0,0,0
99,iPhone 14 pro max neuf +facture 512gb,250,POSITIVE,Bonjour je vends mon téléphone portable iPhone 14 pro max neuf +facture 512gb d'origine en occasion neuf avec ces accessoires d'origine est toujours disponible en bon état et il est sous garantie 1ans ,"Strasbourg, GES",2024.0,0,2,3,3,10,3,1,similar,suspiciously-low,new-profile,fraud-confirmed,unfavorable,exploratory_sample,850,0.29411764705882354,1,1,0
100,iPhone 14 pro max neuf +facture 512gb,250,IDENTIFIED,Bonjour je vends mon téléphone portable iPhone 14 pro max neuf +facture 512gb d'origine en occasion neuf est toujours disponible en bon état ,"Chambéry, ARA",2024.0,0,2,3,3,8,2,1,similar,suspiciously-low,new-profile,marked,unfavorable,exploratory_sample,850,0.29411764705882354,0,0,0
101,iPhone 14 pro max neuf +facture 512gb,250,IDENTIFIED,Bonjour je vends mon téléphone portable iPhone 14 pro max neuf +facture 512gb d'origine en occasion neuf est toujours disponible en bon état et sous garantie 1ans ,"Annecy, ARA",,1,2,3,2,7,2,1,similar,suspiciously-low,intermediate-or-missing,marked,unfavorable,exploratory_sample,850,0.29411764705882354,0,0,0
102,iPhone 14 pro max neuf +facture 512gb,250,POSITIVE,Bonjour je vends mon téléphone portable iPhone 14 pro max neuf +facture 512gb d'origine en occasion neuf est toujours disponible en bon état ,"Besançon, BFC",2024.0,0,2,3,3,10,3,1,similar,suspiciously-low,new-profile,fraud-confirmed,unfavorable,exploratory_sample,850,0.29411764705882354,1,1,0
103,iPhone 14 pro max neuf +facture 512gb,250,IDENTIFIED,Bonjour je vends mon téléphone portable iPhone 14 pro max neuf +facture 512gb d'origine en occasion neuf est toujours disponible en bon état ,"Saint-Lô, NOR",,1,2,3,2,7,2,1,similar,suspiciously-low,intermediate-or-missing,marked,unfavorable,exploratory_sample,850,0.29411764705882354,0,0,0
104,iPhone 14 pro max neuf 512gb +facture,250,IDENTIFIED,Bonjour je vends mon téléphone portable iPhone 14 pro max neuf +facture 512gb d'origine en occasion neuf est toujours disponible en bon état et sous garantie 1ans ,"Clermont-Ferrand, ARA",,1,2,3,2,7,2,1,similar,suspiciously-low,intermediate-or-missing,marked,unfavorable,exploratory_sample,850,0.29411764705882354,0,0,0
105,iPhone 14 pro max neuf +facture 512gb,250,IDENTIFIED,Bonjour je vends mon téléphone portable iPhone 14 pro max neuf +facture 512gb d'origine en bon état avec ces accessoires d'origine est toujours disponible et sous garantie 1ans ,"Nîmes, OCC",,1,2,3,2,7,2,1,similar,suspiciously-low,intermediate-or-missing,marked,unfavorable,exploratory_sample,850,0.29411764705882354,0,0,0
106,iPhone 14 pro max neuf +facture 512gb,250,IDENTIFIED,Bonjour je vends mon téléphone portable iPhone 14 pro max neuf +facture 512gb d'origine en occasion neuf est toujours disponible en bon état avec sous garantie 1ans,"Évry-Courcouronnes, IDF",2024.0,0,2,3,3,8,2,1,similar,suspiciously-low,new-profile,marked,unfavorable,exploratory_sample,850,0.29411764705882354,0,0,0
107,iPhone 14 pro max neuf +facture,250,IDENTIFIED,Bonjour je vends mon téléphone portable iPhone 14 pro max neuf +facture 512gb d'origine en occasion avec ces accessoires ,"Châteauroux, CVL",,1,2,3,2,7,2,1,similar,suspiciously-low,intermediate-or-missing,marked,unfavorable,exploratory_sample,850,0.29411764705882354,0,0,0
108,iPhone 14 pro max neuf 512gb,250,POSITIVE,Bonjour je vends mon téléphone portable iPhone 14 pro max neuf +facture 512gb d'origine en occasion neuf est toujours disponible en bon état avec la garantie 1ans ,"Niort, NAQ",2024.0,0,2,3,3,10,3,1,similar,suspiciously-low,new-profile,fraud-confirmed,unfavorable,exploratory_sample,850,0.29411764705882354,1,1,0
109,Iphone 15pro max ,300,POSITIVE,"Das Handy wurde kaum genutzt!   Apple Panzerglas und Cover inklusive, keine einzige Gebrauchsspur!   Wie neu!   Fast 2 Monate.  Bitte senden Sie mir eine Nachricht, wenn Sie wirklich interessiert sind","Neuchâtel, NE",,1,1,3,2,10,3,1,unique,suspiciously-low,intermediate-or-missing,fraud-confirmed,unfavorable,exploratory_sample,1200,0.25,1,1,0
110,Iphone 14 Pro Max 256 GB,350,POSITIVE,"Je mets en vente mon iPhone 14 Pro Max 256. Comme on peut le voir sur les photos, il est à l'état neuf. Dès le départ, il dispose d’un verre blindé à l’avant et d’une protection de caméra à l’arrière. Vendu avec l'emballage d'origine ainsi que les accessoires qui n'ont jamais été sortis. La facture de Sunrise inclut la garantie jusqu'en 2024. Le téléphone portable peut également être inspecté. Peut être récupéré ou expédié. Je propose également Twint. Pour des questions, faites-le-moi savoir.","Appenzell, AI",,1,2,3,2,10,3,1,similar,suspiciously-low,intermediate-or-missing,fraud-confirmed,unfavorable,exploratory_sample,850,0.4117647058823529,1,1,0
111,iphone 15 pro max 256GB,350,DETECTED,"iPhone 15 Pro Max 256 GB ohne Probleme verfügbar oder Riss, der Defekt ist vorhanden, Versand ist ebenfalls möglich","Vevey, VD",,1,1,3,2,6,2,1,unique,suspiciously-low,intermediate-or-missing,marked,unfavorable,exploratory_sample,1200,0.2916666666666667,0,0,0
112,iphone 15 pro max 256GB,290,DETECTED,"iPhone 15 Pro Max 256 GB ohne Probleme verfügbar oder Riss, der Defekt ist vorhanden, Versand ist ebenfalls möglich","Meyrin, GE",,1,3,3,2,8,2,1,duplicated,suspiciously-low,intermediate-or-missing,marked,unfavorable,exploratory_sample,1200,0.24166666666666667,0,0,0
113,Iphone 15pro max,280,DETECTED,"Zu verkaufen: Apple iPhone 15 Pro Max -Speicher: 512 GB-Zustand: wie neu-Verpackung: Originalverpackung-Beweis: Rechnung-Display: Professionell aufgebrachte gehärtete Folie-Anfragen ohne konkrete Vorschläge werden ignoriert.- Versicherter Versand möglich - Bitte senden Sie mir eine Nachricht, wenn Sie wirklich interessiert sind.","Genève, GE",,1,2,3,2,7,2,1,similar,suspiciously-low,intermediate-or-missing,marked,unfavorable,exploratory_sample,1200,0.23333333333333334,0,0,0
114,Iphone 14 Pro Max 512 Gb,350,DETECTED,"Ich verkaufe mein iPhone 14 Pro max mit sämtlichem Zubehör.  Kopfhörer, Tasche und Ladekabel.  Es verfügt über einen Speicher von 512 GB RAM 12 und hat eine Garantie von 2 Jahren.  Es funktioniert perfekt und bietet eine erstaunliche Funktionalität.  Sowohl Belichtung als auch Sammlung sind möglich.  Für weitere Informationen kontaktieren Sie uns bitte","Genève, GE",2023.0,0,1,3,2,6,2,1,unique,suspiciously-low,intermediate-or-missing,marked,unfavorable,exploratory_sample,850,0.4117647058823529,0,0,0
115,iPhone 14 Pro (256 GB) mit AppleCare+Garantie,280,POSITIVE,"Assurance de Swisscom et AppleCare+ jusqu'en 2025. Avec garantie jusqu'en mai 2025 (comme indiqué sur le reçu d'achat) et emballage d'origine, câble de chargement non utilisé et tous les documents. État de la batterie 100%. Je le vends car j'ai reçu l'iPhone 15 Pro en cadeau. Il peut être récupéré à Bern ou envoyé par la poste.","Genève, GE",,1,1,3,2,10,3,1,unique,suspiciously-low,intermediate-or-missing,fraud-confirmed,unfavorable,exploratory_sample,850,0.32941176470588235,1,1,0
116,iPhone 14 pro max 256gb,350,POSITIVE,iPhone 14 pro max couleur gold disponible a vendre urgent a 350 pour des raisons personnelles état nickel jamais devisé batterie 100% État nickel 10/10 Mémoire 256gb Tout d'origine a vérifier avant l'achat veuillez me contacter pour plus d'informations,"Chambéry, ARA",,1,2,3,2,10,3,1,similar,suspiciously-low,intermediate-or-missing,fraud-confirmed,unfavorable,exploratory_sample,850,0.4117647058823529,1,1,0
117,iPhone 14 pro max 256gb,350,POSITIVE,iPhone 14 pro max couleur gold disponible a vendre urgent a 350 pour des raisons personnelles état nickel jamais devisé batterie 100% État nickel 10/10 Mémoire 256gb Tout d'origine a vérifier avant l'achat veuillez me contacter pour plus d'informations,"Roussillon, ARA",,1,2,3,2,10,3,1,similar,suspiciously-low,intermediate-or-missing,fraud-confirmed,unfavorable,exploratory_sample,850,0.4117647058823529,1,1,0
118,iPhone 14 pro max 256gb,350,POSITIVE,iPhone 14 pro max couleur gold disponible a vendre urgent a 350 pour des raisons personnelles état nickel jamais devisé batterie 100% État nickel 10/10 Mémoire 256gb Tout d'origine a vérifier avant l'achat veuillez me contacter pour plus d'informations,"Chambéry, ARA",,1,2,3,2,10,3,1,similar,suspiciously-low,intermediate-or-missing,fraud-confirmed,unfavorable,exploratory_sample,850,0.4117647058823529,1,1,0
119,iPhone 14 pro max,700,IDENTIFIED,iPhone 14 pro max sans problème ni fissures ni égratignures bactéries en état propre jamais devisé. A vendre avec tous les accessoires d'origine. J'ai la facture d'achat à ma disposition.,"Gagny, IDF",2024.0,0,2,2,3,7,2,1,similar,underpriced,new-profile,marked,unfavorable,exploratory_sample,850,0.8235294117647058,0,0,0
120,iPhone 14 pro max 256gb,350,POSITIVE,iPhone 14 pro max 256gb disponible a vendre urgent a 350 pour des raisons personnelles état nickel jamais devisé batterie 100% veuillez me contacter pour plus d'informations,"Saint-Martin-le-Vinoux, ARA",,1,2,3,2,10,3,1,similar,suspiciously-low,intermediate-or-missing,fraud-confirmed,unfavorable,exploratory_sample,850,0.4117647058823529,1,1,0
121,iPhone 14 pro max 256gb,350,POSITIVE,iPhone 14 pro max 256gb disponible a vendre urgent a 350 pour des raisons personnelles état nickel jamais devisé batterie 100% veuillez me contacter pour plus d'informations,"Chambéry, ARA",,1,2,3,2,10,3,1,similar,suspiciously-low,intermediate-or-missing,fraud-confirmed,unfavorable,exploratory_sample,850,0.4117647058823529,1,1,0
122,iPhone 14 pro max 256gb,350,POSITIVE,iPhone 14 pro max 256gb disponible a vendre urgent a 350 pour des raisons personnelles état nickel jamais devisé batterie 100% veuillez me contacter pour plus d'informations,"Vénissieux, ARA",,1,2,3,2,10,3,1,similar,suspiciously-low,intermediate-or-missing,fraud-confirmed,unfavorable,exploratory_sample,850,0.4117647058823529,1,1,0
123,Iphone 14pro max 256gb,300,POSITIVE,iPhone 14 pro max couleur gris disponible a vendre urgent a 300 pour des raisons personnelles état nickel jamais devisé batterie 100% État nickel 10/10 Mémoire 256gb Tout d'origine a vérifier avant l'achat veuillez me contacter pour plus d'informations,"Décines-Charpieu, ARA",,1,2,3,2,10,3,1,similar,suspiciously-low,intermediate-or-missing,fraud-confirmed,unfavorable,exploratory_sample,850,0.35294117647058826,1,1,0
124,IPHONE 15 PRO MAX 1.02 TB,500,DETECTED,IPHONE 15 PRO MAX 1.02 TB NEUF AVEC FACTURE ET GARANTIE LIVRAISON POSSIBLE,"Annecy, ARA",,1,2,3,2,7,2,1,similar,suspiciously-low,intermediate-or-missing,marked,unfavorable,exploratory_sample,1200,0.4166666666666667,0,0,0
125,iPhone 14 pro max neuf+ factures,300,POSITIVE,"Bonjour, je vends mon portable iPhone 14 pro max neuf avec ces factures en bon état et tout ces accessoires d'origine.","Grenoble, ARA",,1,2,3,2,10,3,1,similar,suspiciously-low,intermediate-or-missing,fraud-confirmed,unfavorable,exploratory_sample,850,0.35294117647058826,1,1,0
126,Je vends mon portable iPhone 14 pro max neuf,300,POSITIVE,Je vends mon portable iPhone 14 pro max neuf avec ces factures en bon état.,"Yerres, IDF",,1,2,3,2,10,3,1,similar,suspiciously-low,intermediate-or-missing,fraud-confirmed,unfavorable,exploratory_sample,850,0.35294117647058826,1,1,0
127,"iPhone 15 Pro max NEUF, facture, 100%, coque, verre trempé! -Coloris: Titanium Black -100%",450,DETECTED,"iPhone 15 Pro max NEUF, facture, 100%, coque, verre trempé! -Coloris: Titanium Black -100% -Fonctionne parfaitement! Et disponible avec tous les accessoires d'origine ainsi que la facture d'achat d'origine et c'est toujours sous garantie","Annemasse, ARA",2024.0,0,2,3,3,8,2,1,similar,suspiciously-low,new-profile,marked,unfavorable,exploratory_sample,1200,0.375,0,0,0
128,iPhone 14 Pro Max 256 GB Deep Purple,350,DETECTED,"Ich verkaufe ein Apple iPhone 14 Pro Max 256 GB Deep Purple, das iPhone ist gebraucht, funktioniert aber einwandfrei.   Wenn Sie interessiert sind, rufen Sie mich einfach per Gmail an: lafiayarou31@gmail.com","Genève, GE",,1,1,3,2,6,2,1,unique,suspiciously-low,intermediate-or-missing,marked,unfavorable,exploratory_sample,850,0.4117647058823529,0,0,0
129,Iphone 14pro max 256gb,300,POSITIVE,iPhone 14 pro max couleur gris disponible a vendre urgent a 300 pour des raisons personnelles état nickel jamais devisé batterie 100% État nickel 10/10 Mémoire 256gb Tout d'origine a vérifier avant l'achat veuillez me contacter pour plus d'informations,"Saint-Cergues, ARA",,1,2,3,2,10,3,1,similar,suspiciously-low,intermediate-or-missing,fraud-confirmed,unfavorable,exploratory_sample,850,0.35294117647058826,1,1,0
130,iPhone 14 pro max 512 GB,350,DETECTED,iPhone 14 pro max 512 GB disponible ,"Sursee, LU",,1,2,3,2,7,2,1,similar,suspiciously-low,intermediate-or-missing,marked,unfavorable,exploratory_sample,850,0.4117647058823529,0,0,0
131,iPhone 14 Pro Max 256 GB bactérie 98%,325,IDENTIFIED,"Je vends mon superbe téléphone iPhone 14 Pro Max 256 Go Charge de la batterie 98 % Le téléphone a été reçu de la compagnie d'assurance en remplacement d'un nouvel écran, un nouvel écran a donc été installé. Le téléphone est vendu tel quel. Expedition possible","Genève, GE",,1,2,3,2,7,2,1,similar,suspiciously-low,intermediate-or-missing,marked,unfavorable,exploratory_sample,850,0.38235294117647056,0,0,0
132,iphone 14 pro max 512GB,240,DETECTED,iPhone 14 Pro Max 512GB ohne Probleme verfügbar oder Crack die Rechnung liegt vor Versand ist auch möglich,"Gruyères, FR",,1,2,3,2,7,2,1,similar,suspiciously-low,intermediate-or-missing,marked,unfavorable,exploratory_sample,850,0.2823529411764706,0,0,0
133,"Apple iPhone 14 Pro Max, 256GB",350,DETECTED,"Apple iPhone 14 Pro Max, 256GB Aucune rayure ni signe d'usure. Capacité maximale de la batterie 100%. Pas de verrouillage SIM, gratuit pour tous les réseaux. L'appareil est désenregistré d'iCloud et réinitialisé aux paramètres d'usine. Garantie Sunrise jusqu'au : 11 septembre 2025 (preuve d'achat  incluse). Contenu de la livraison : iPhone avec protecteur d'écran parfaitement collé Emballage d'origine comprenant tous les accessoires d'origine  Étui de protection en cuir véritable Apple noir d'origine avec MagSafe Paiement : TWINT ou virement bancaire Envoie par courrier recommandé A- frais de port 8Frs","Crissier, VD",,1,1,3,2,6,2,1,unique,suspiciously-low,intermediate-or-missing,marked,unfavorable,exploratory_sample,850,0.4117647058823529,0,0,0
134,iPhone 14 pro Max bien utilisé avec bactérie 92%,320,IDENTIFIED,"Je vends un iPhone 14 Pro Max bien utilisé avec une capacité de stockage de 256 Go de couleur violet foncé. Il a toujours été protégé par un protecteur d’écran et une housse. Il y a actuellement un protecteur d'écran dessus et des couvertures sont incluses. Aucune rayure ni trace d'utilisation sur le téléphone. Câble de chargement, boîte et reçu inclus. Envoie par la poste unique dans la Suisse Possible","Fribourg, FR",,1,2,3,2,7,2,1,similar,suspiciously-low,intermediate-or-missing,marked,unfavorable,exploratory_sample,850,0.3764705882352941,0,0,0
135,Iphone 13 pro 128GB bacterie 86% comme neuf,298,IDENTIFIED,Je vends un iPhone 13 pro bien utilisé. Le téléphone a été acheté en 16  janvier 2022. Du coup sous garantie jusqu'au 16 janvier 2024 l'écran est totalement sans rayures et le reste du mobile aussi. Le téléphone a toujours été utilisé avec un protecteur d’écran et une coque. Le téléphone dispose désormais d’une capacité de batterie de 86 %. Une coque Apple MagSafe originale rose et orange est incluse. Peut être envoyé,"Bex, VD",,1,2,3,2,7,2,1,similar,suspiciously-low,intermediate-or-missing,marked,unfavorable,exploratory_sample,750,0.3973333333333333,0,0,0
138,Apple iPhone 14 Pro – 256 GB – Intensives Lila,270,POSITIVE,Apple iPhone 14 Pro – 256 GB – Intensives Lila (entsperrt,"Neuchâtel, NE",,1,2,3,2,10,3,1,similar,suspiciously-low,intermediate-or-missing,fraud-confirmed,unfavorable,exploratory_sample,850,0.3176470588235294,1,1,0
139,Apple iPhone 14 Pro 256 GB – Space Black – ENTSPERRT,280,DETECTED,Apple iPhone 14 Pro 256 GB – Space Black – ENTSPERRT,"Jaun, FR",,1,2,3,2,7,2,1,similar,suspiciously-low,intermediate-or-missing,marked,unfavorable,exploratory_sample,850,0.32941176470588235,0,0,0
140,iPhone 14 pro max,210,DETECTED,"Ausgezeichneter Zustand. Unter Garantie bis 9.04.2024g. B Reparatur war nicht, nicht geöffnet. B komplett: Telefon, Box, Kabel, Silikonhülle, Schutzglas und CHECK. Bce Funktionen arbeiten ohne Ausnahme. Batterie native 94%. Einstellungen auf Werkseinstellungen zurückgesetzt. Kontaktieren Sie uns, wenn Sie irgendwelche Fragen haben.","Alle, JU",2024.0,0,1,3,3,7,2,1,unique,suspiciously-low,new-profile,marked,unfavorable,exploratory_sample,850,0.24705882352941178,0,0,0
141,iphone 14 pro max 512GB,240,DETECTED,iPhone 14 Pro Max 512GB ohne Probleme verfügbar oder Crack die Rechnung liegt vor Versand ist auch möglich,"Gruyères, FR",,1,2,3,2,7,2,1,similar,suspiciously-low,intermediate-or-missing,marked,unfavorable,exploratory_sample,850,0.2823529411764706,0,0,0
142,iPhone 14 pro Max,300,POSITIVE,Tout fonctionne normalement sans problème avec accessoires Propre la livraison es également possible ,"Bern, BE",,1,2,3,2,10,3,1,similar,suspiciously-low,intermediate-or-missing,fraud-confirmed,unfavorable,exploratory_sample,850,0.35294117647058826,1,1,0
143,iPhone 14 pro max 256gb,200,POSITIVE,"Vente de iPhone 14 pro max à 200 l'iPhone 14 Pro Max 256GB original , Batterie 100% avec ça facture","Nancy, GES",,1,2,3,2,10,3,1,similar,suspiciously-low,intermediate-or-missing,fraud-confirmed,unfavorable,exploratory_sample,850,0.23529411764705882,1,1,0
144,iPhone 13 Pro Max 512 GB,300,POSITIVE,iPhone 13 pro max en forme et très propre sans aucun doute ni problème disponible pour tout achat rapide fiable et sécurisé paiement à la réception.,"Bordeaux, NAQ",,1,2,3,2,10,3,1,similar,suspiciously-low,intermediate-or-missing,fraud-confirmed,unfavorable,exploratory_sample,750,0.4,1,1,0
145,iPhone 13 Pro Max 512 GB,300,POSITIVE,iPhone 13 pro max en forme et très propre sans aucun doute ni problème disponible pour tout achat rapide fiable et sécurisé paiement à la réception.,"Paris, IDF",,1,2,3,2,10,3,1,similar,suspiciously-low,intermediate-or-missing,fraud-confirmed,unfavorable,exploratory_sample,750,0.4,1,1,0
146,iPhone 13 Pro Max 512 GB,300,POSITIVE,iPhone 13 pro max en forme et très propre sans aucun doute ni problème disponible pour tout achat rapide fiable et sécurisé paiement à la réception.,"Nantes, PDL",,1,2,3,2,10,3,1,similar,suspiciously-low,intermediate-or-missing,fraud-confirmed,unfavorable,exploratory_sample,750,0.4,1,1,0
147,iphone 14 max pro max 512gb,400,IDENTIFIED,"iphone 14pro max a vendre urgent mon iphone 14pro max avec son chargeur avec la facture, etat batterie 88%,  512GB, en etat nickel sans aucun soucis","Arcueil, IDF",,1,2,3,2,7,2,1,similar,suspiciously-low,intermediate-or-missing,marked,unfavorable,exploratory_sample,850,0.47058823529411764,0,0,0
148,iphone 15 max pro max,400,POSITIVE,"iphone 15pro max a vendre urgent mon iphone 15pro max avec son chargeur avec la facture, etat batterie 99%,  , en etat nickel sans aucun soucis","Paris, IDF",,1,3,3,2,10,3,1,duplicated,suspiciously-low,intermediate-or-missing,fraud-confirmed,unfavorable,exploratory_sample,1200,0.3333333333333333,1,1,0
149,iphone 15 max pro max,400,IDENTIFIED,"iphone 15pro max a vendre urgent mon iphone 15pro max avec son chargeur avec la facture, etat batterie 99%,  , en etat nickel sans aucun soucis","Paris, IDF",,1,3,3,2,8,2,1,duplicated,suspiciously-low,intermediate-or-missing,marked,unfavorable,exploratory_sample,1200,0.3333333333333333,0,0,0
150,iphone 15 max pro max 512Go,400,IDENTIFIED,"iphone 15pro max a vendre urgent mon iphone 15pro max avec son chargeur avec la facture, etat batterie 99%,  512Go, en etat nickel sans aucun soucis","Bois-Colombes, IDF",,1,3,3,2,8,2,1,duplicated,suspiciously-low,intermediate-or-missing,marked,unfavorable,exploratory_sample,1200,0.3333333333333333,0,0,0
151,iphone 15 max pro max 512Go,400,IDENTIFIED,"iphone 15pro max a vendre urgent mon iphone 15pro max avec son chargeur avec la facture, etat batterie 99%,  512Go, en etat nickel sans aucun soucis","Courbevoie, IDF",,1,3,3,2,8,2,1,duplicated,suspiciously-low,intermediate-or-missing,marked,unfavorable,exploratory_sample,1200,0.3333333333333333,0,0,0
152,iphone 15 max pro max 512Go,400,POSITIVE,"iphone 15pro max a vendre urgent mon iphone 15pro max avec son chargeur avec la facture, etat batterie 99%,  512Go, en etat nickel sans aucun soucis","Gentilly, IDF",,1,3,3,2,10,3,1,duplicated,suspiciously-low,intermediate-or-missing,fraud-confirmed,unfavorable,exploratory_sample,1200,0.3333333333333333,1,1,0
153,iphone 15 max pro max 512Go,400,POSITIVE,"iphone 15pro max a vendre urgent mon iphone 15pro max avec son chargeur avec la facture, etat batterie 99%,  512Go, en etat nickel sans aucun soucis","Vanves, IDF",,1,3,3,2,10,3,1,duplicated,suspiciously-low,intermediate-or-missing,fraud-confirmed,unfavorable,exploratory_sample,1200,0.3333333333333333,1,1,0
154,iphone 14 max pro max 512gb,400,POSITIVE,"iphone 14pro max a vendre urgent mon iphone 14pro max avec son chargeur avec la facture, etat batterie 88%,  512GB, en etat nickel sans aucun soucis","Arcueil, IDF",,1,2,3,2,10,3,1,similar,suspiciously-low,intermediate-or-missing,fraud-confirmed,unfavorable,exploratory_sample,850,0.47058823529411764,1,1,0
155,iPhone 14 Pro Neu(256GB)inkl Garantie,380,DETECTED,"iPhone 14 Pro 258 GB neu und garantiert bis 2025. Akkulaufzeit 100 %.  Das Telefon weist keine Mängel auf.Telefon kommt nach Altstatten. Ich verkaufe es, weil ich das iPhone 15 Pro geschenkt bekommen habe.","Neuchâtel, NE",,1,2,3,2,7,2,1,similar,suspiciously-low,intermediate-or-missing,marked,unfavorable,exploratory_sample,850,0.4470588235294118,0,0,0
156,iPhone 14 pro-max,200,IDENTIFIED,Je vends mon portable iphone 14 pro max encore neuf tout d'origine. Bactérie 97% avec tous les accessoires. ,"Genève, GE",,1,2,3,2,7,2,1,similar,suspiciously-low,intermediate-or-missing,marked,unfavorable,exploratory_sample,850,0.23529411764705882,0,0,0
157,iPhone 14 pro max ,350,DETECTED,"Gerät und Zubehör  Zustand  Werbung  iPhone 14 Pro Max, gebraucht, CHF 350  Kostenloser Versand erneuert  Das iPhone ist wie neu Versand ist möglich   Hat eine Batteriekapazität von 99","Biel/Bienne, BE",,1,1,3,2,6,2,1,unique,suspiciously-low,intermediate-or-missing,marked,unfavorable,exploratory_sample,850,0.4117647058823529,0,0,0
158,IPHONE 14pro ,200,IDENTIFIED,Je vend mon iphone 14pro Max 512Go Authentique avec les accessoires  et facture.,"Grenoble, ARA",,1,2,3,2,7,2,1,similar,suspiciously-low,intermediate-or-missing,marked,unfavorable,exploratory_sample,850,0.23529411764705882,0,0,0
159,iphone 14 pro max 256GB,430,DETECTED,iPhone 14 Pro Max 256GB problemlos lieferbar oder Crack die Rechnung liegt vor Versand ist auch möglich,"Neuchâtel, NE",,1,2,2,2,6,2,1,similar,underpriced,intermediate-or-missing,marked,unfavorable,exploratory_sample,850,0.5058823529411764,0,0,0
160,iPhone 14 pro max,350,DETECTED,iPhone 14 pro max 256GB,"Lausanne, VD",,1,2,3,2,7,2,1,similar,suspiciously-low,intermediate-or-missing,marked,unfavorable,exploratory_sample,850,0.4117647058823529,0,0,0
161,iPhone 14 Pro Max ,300,DETECTED,Ich verkaufe mein iPhone 14 Pro Max Solid State mit allem Zubehör und 512-GB-Akku zu 100 %.,"Crissier, VD",,1,2,3,2,7,2,1,similar,suspiciously-low,intermediate-or-missing,marked,unfavorable,exploratory_sample,850,0.35294117647058826,0,0,0
162,IPHONE 14pro ,200,POSITIVE,Je vend mon iphone 14pro Max 512Go Authentique avec les accessoires  et facture.,"Grenoble, ARA",,1,2,3,2,10,3,1,similar,suspiciously-low,intermediate-or-missing,fraud-confirmed,unfavorable,exploratory_sample,850,0.23529411764705882,1,1,0
163,iPhone 14 pro max 512 GB ,300,DETECTED,iPhone 14 pro max 511 GB disponible ,"Montreux, VD",,1,2,3,2,7,2,1,similar,suspiciously-low,intermediate-or-missing,marked,unfavorable,exploratory_sample,850,0.35294117647058826,0,0,0
165,iPhone 14 pro max,350,DETECTED,iPhone 14 pro max 256GB,"Lausanne, VD",,1,2,3,2,7,2,1,similar,suspiciously-low,intermediate-or-missing,marked,unfavorable,exploratory_sample,850,0.4117647058823529,0,0,0
166,iPhone 14 pro max 256 go ,230,POSITIVE,iPhone 14 pro max 256GB,"Genève, GE",,1,2,3,2,10,3,1,similar,suspiciously-low,intermediate-or-missing,fraud-confirmed,unfavorable,exploratory_sample,850,0.27058823529411763,1,1,0
167,iPhone 15 pro max,300,DETECTED,Je vends mon iphone 15 pro max qui est neuf et en parfait état de fonctionnement et ne contient aucun défaut.,"Porrentruy, JU",2024.0,0,2,3,3,8,2,1,similar,suspiciously-low,new-profile,marked,unfavorable,exploratory_sample,1200,0.25,0,0,0
168,iPhone 14 pro,266,DETECTED,iPhone 14 pro max original avec tout les accessoires original et la facture d'achat disponible sans aucun problème 512GB RAM 12 très bon état  y compris la boîte d'origine disponible. Ramassage possible uniquement aujourd'hui parce que demain je me déplace pour mon service.Expédition possible,"Neuchâtel, NE",,1,2,3,2,7,2,1,similar,suspiciously-low,intermediate-or-missing,marked,unfavorable,exploratory_sample,850,0.3129411764705882,0,0,0
169,Apple iPhone 14 Pro Max - 256 Go - Violet foncé (sans Simlock) A2894 (CDMA + GSM),650,DETECTED,"iPhone 14 Pro Max, Violet, 258 Go . Pas de verrouillage SIM. Garantie restante jusqu'au 18 octobre 2024.L'article sera livrer dans sa boite d'origine . Un reçu sera fourni sur demande.Pas de ramassage pour des raison de santé , je souhaite envoyer .l'article par la poste .",,,1,1,2,2,5,2,0,unique,underpriced,intermediate-or-missing,borderline,acceptable,exploratory_sample,850,0.7647058823529411,0,0,0
170,iPhone 14 Pro 256GB inkl Garantie/AppleCare+,380,DETECTED,"iPhone 14 Pro 256 GB neu und garantiert bis Januar 2025. Telefon bei MediaMarkt gekauft. AppleCare+ Garantie bis 2025. 100 % Akku. Keine Kratzer, keine Mängel. SIM-frei","Neuchâtel, NE",,1,1,3,2,6,2,1,unique,suspiciously-low,intermediate-or-missing,marked,unfavorable,exploratory_sample,850,0.4470588235294118,0,0,0
171,iPhone 15 pro max,350,IDENTIFIED,Je vends mon iphone 15 pro max état boutique neuf avec tous ses accessoires. Garantie encore valable bactérie 97% sans aucun problème.,"Zürich, ZH",,1,2,3,2,7,2,1,similar,suspiciously-low,intermediate-or-missing,marked,unfavorable,exploratory_sample,1200,0.2916666666666667,0,0,0
172,iPhone 15 Pro Max,320,DETECTED,"Vente de tout sortes de iPhone, on fait aussi des livraisons à domicile ","Schlieren, ZH",,1,1,3,2,6,2,1,unique,suspiciously-low,intermediate-or-missing,marked,unfavorable,exploratory_sample,1200,0.26666666666666666,0,0,0
173,Iphone 14 pro max 512go,450,DETECTED,Bonjour comment allez vous j'ai mon  iphone 15 pro max à vendre urgent intéressé contactez-moi directement merci beaucoup,"Basel, BS",,1,2,2,2,6,2,1,similar,underpriced,intermediate-or-missing,marked,unfavorable,exploratory_sample,850,0.5294117647058824,0,0,0
174,iPhone 15 pro max,380,DETECTED,"iPhone 15 pro max avec tout les accessoires disponibles,me contacter pour plus de détails ","Lausanne, VD",,1,2,3,2,7,2,1,similar,suspiciously-low,intermediate-or-missing,marked,unfavorable,exploratory_sample,1200,0.31666666666666665,0,0,0
175,Iphone 14pro max 256gb,350,POSITIVE,Iphone 14pro max a vendre a 350€ urgent pour des raisons personnelles urgent état nickel jamais réparé état 10/10 batterie 100 256gb couleur gold avec son chargeur a jour a vérifier avant l'achat ,"Le Mans, PDL",,1,2,3,2,10,3,1,similar,suspiciously-low,intermediate-or-missing,fraud-confirmed,unfavorable,exploratory_sample,850,0.4117647058823529,1,1,0
176,Iphone 14pro max 256gb,350,POSITIVE,Iphone 14pro max a vendre a 350€ urgent pour des raisons personnelles urgent état nickel jamais réparé état 10/10 batterie 100 256gb couleur gold avec son chargeur a jour a vérifier avant l'achat ,"Lyon, ARA",,1,2,3,2,10,3,1,similar,suspiciously-low,intermediate-or-missing,fraud-confirmed,unfavorable,exploratory_sample,850,0.4117647058823529,1,1,0
177,iPhone 14 pro max 256 GB,350,DETECTED,Apple iPhone 14 pro max 256gb n'a aucun défaut et fonctionne parfaitement très bien et la facture d'achat est incluse dans l'emballage d'origine avec une garantie,"Paris, IDF",,1,2,3,2,7,2,1,similar,suspiciously-low,intermediate-or-missing,marked,unfavorable,exploratory_sample,850,0.4117647058823529,0,0,0
178,iPhone 13 Pro Max 512 GB ,300,POSITIVE,iPhone 13 pro max en forme et très propre sans aucun doute ni problème disponible pour tout achat rapide fiable et sécurisé paiement à la réception.,"Marseille-en-Beauvaisis, HDF",,1,2,3,2,10,3,1,similar,suspiciously-low,intermediate-or-missing,fraud-confirmed,unfavorable,exploratory_sample,750,0.4,1,1,0
179,Iphone 13 Pro Max 512 GB,300,POSITIVE,Iphone 13 Pro Max en forme très propre et sans aucun doute ni problème ,"Décines-Charpieu, ARA",,1,2,3,2,10,3,1,similar,suspiciously-low,intermediate-or-missing,fraud-confirmed,unfavorable,exploratory_sample,750,0.4,1,1,0
180,Iphone 14 pro max,220,IDENTIFIED,Met en vente mon iphone 14 pro max de 512gb disponible avec tout les accessoires.,"Genève, GE",,1,2,3,2,7,2,1,similar,suspiciously-low,intermediate-or-missing,marked,unfavorable,exploratory_sample,850,0.25882352941176473,0,0,0
181,Iphone 13 Pro Max 512 GB,300,POSITIVE,Iphone 13 Pro Max en forme très propre et sans aucun doute ni problème ,"Le Touquet-Paris-Plage, HDF",,1,2,3,2,10,3,1,similar,suspiciously-low,intermediate-or-missing,fraud-confirmed,unfavorable,exploratory_sample,750,0.4,1,1,0
182,Je vends mon IPhone 15 Pro Max 256 GB,450,DETECTED,Bonjour je vends mon IPhone 14 Pro Max 512 GB. Le téléphone est dans un état neuf sans aucun problème avec les accessoires et la boîte d'origine. la capacité de la batterie est de 100 %.La facture d'achat pour la garantie est également disponible.,"Lausanne, VD",,1,2,3,2,7,2,1,similar,suspiciously-low,intermediate-or-missing,marked,unfavorable,exploratory_sample,1200,0.375,0,0,0
183,Iphone 15 pro max,300,POSITIVE,Met en vente mon iphone 15 pro max de 512gb disponible en état parfait ,"Neuchâtel, NE",,1,2,3,2,10,3,1,similar,suspiciously-low,intermediate-or-missing,fraud-confirmed,unfavorable,exploratory_sample,1200,0.25,1,1,0
184,Iphone 14 pro max,220,POSITIVE,Met en vente mon iphone 14 pro max de 512gb disponible avec tout les accessoires.,"Neuchâtel, NE",,1,2,3,2,10,3,1,similar,suspiciously-low,intermediate-or-missing,fraud-confirmed,unfavorable,exploratory_sample,850,0.25882352941176473,1,1,0
185,IPHONE 15 pro max,530,DETECTED,IPHONE 15 pro max tous neuf sans aucun problèmes êta neuf vendu avec tous les accessoires,"Genève, GE",,1,2,3,2,7,2,1,similar,suspiciously-low,intermediate-or-missing,marked,unfavorable,exploratory_sample,1200,0.44166666666666665,0,0,0
186,iPhone 14 pro max,340,DETECTED,iPhone 14 Pro Max 256 GB,"Lausanne, VD",,1,2,3,2,7,2,1,similar,suspiciously-low,intermediate-or-missing,marked,unfavorable,exploratory_sample,850,0.4,0,0,0
187,Iphone 15 pro max,500,DETECTED,"Comme neuf, sous garentie","Nice, PAC",,1,1,3,2,6,2,1,unique,suspiciously-low,intermediate-or-missing,marked,unfavorable,exploratory_sample,1200,0.4166666666666667,0,0,0
188,iPhone 14 pro max,380,DETECTED,Je revends mon iphone 14 pro max juste déballé encore très neuf sans égratinures à un bon prix.,"Genève, GE",,1,2,3,2,7,2,1,similar,suspiciously-low,intermediate-or-missing,marked,unfavorable,exploratory_sample,850,0.4470588235294118,0,0,0
189,iPhone 14 bleu 256 giga,400,DETECTED,"Je possède 2 iPhones 14 bleus, 256 giga je cherche à en vendre 1 des 2, le premier (photos) date de février - mars, état de batterie 98% marche parfaitement bien, comme neuf, aucune rayure ni dommage je le vends pour 600.-. Le 2e est beaucoup plus récent, état de batterie à 100% en revanche il a 2-3 petites fissures sur l’écran, je le vends 470.- avec possibilité de négocier","Lausanne, VD",,1,1,3,2,6,2,1,unique,suspiciously-low,intermediate-or-missing,marked,unfavorable,exploratory_sample,850,0.47058823529411764,0,0,0
191,iPhone 14,550,DETECTED,iPhone 14 128 GO jamais ouvert avec garantie 2 ans et facture ,"Lausanne, VD",,1,1,2,2,5,2,0,unique,underpriced,intermediate-or-missing,borderline,acceptable,exploratory_sample,850,0.6470588235294118,0,0,0
192,iphone 15 pro max 512GB,580,DETECTED,iPhone 15 Pro Max 512GB problemlos lieferbar oder Crack die Rechnung liegt vor Versand ist auch möglich,"Genève, GE",,1,2,3,2,7,2,1,similar,suspiciously-low,intermediate-or-missing,marked,unfavorable,exploratory_sample,1200,0.48333333333333334,0,0,0
193,Iphone 15 Pro Max 512GB Neu Zustand ,620,POSITIVE,,"Genève, GE",,1,1,2,2,10,3,1,unique,underpriced,intermediate-or-missing,fraud-confirmed,unfavorable,exploratory_sample,1200,0.5166666666666667,1,1,0
194,Apple iPhone 15 Pro Max - 256 Go,500,DETECTED,Je vends mon Apple iPhone 15 Pro Max - 256 Go tout neuf,"Bern, BE",,1,2,3,2,7,2,1,similar,suspiciously-low,intermediate-or-missing,marked,unfavorable,exploratory_sample,1200,0.4166666666666667,0,0,0
195,Iphone+15+pro+max+,500,DETECTED,Iphone+15+pro+max+neu+ohne+Probleme+1+Monat+mit+Rechnung+und+100+%+Akkukapazität+im+Einsatz+,"Le Mont-sur-Lausanne, VD",,1,1,1,2,4,2,0,unique,market-consistent,intermediate-or-missing,borderline,acceptable,exploratory_sample,400,1.25,0,0,0
196,iPhone 15 pro 256gb,600,POSITIVE,"Excellent phone, regrettable sale but my work is supplying me a phone and I can justify keeping this one as a spare. ","Ecublens, FR",,1,1,2,2,10,3,1,unique,underpriced,intermediate-or-missing,fraud-confirmed,unfavorable,exploratory_sample,1200,0.5,1,1,0
197,iPhone 15 pro max und 14 pro max ,700,DETECTED,Iphone-Promo-Promo,"Prilly, VD",,1,1,2,2,5,2,0,unique,underpriced,intermediate-or-missing,borderline,acceptable,exploratory_sample,1200,0.5833333333333334,0,0,0
198,Iphone 15pro max 512GB,700,DETECTED,"Hallo für einen Familiennotfall, ich verkaufe mein IPhone 15 Pro Max 512 GB.  Das Telefon ist in neu","Lausanne, VD",,1,2,2,2,6,2,1,similar,underpriced,intermediate-or-missing,marked,unfavorable,exploratory_sample,1200,0.5833333333333334,0,0,0
199,Ich verkaufe mein neues iPhone 15 Pro Max in 256 GB Karton.,390,POSITIVE,"Ich verkaufe mein iPhone 15pro max 256 GB neu im Karton.  nie in der Box geöffnet.   garantiert bis 25.02.2026.   Ich verkaufe es, weil ich zum Geburtstag zwei iPhone 15pro max geschenkt bekommen habe","Luzern, LU",,1,1,3,2,10,3,1,unique,suspiciously-low,intermediate-or-missing,fraud-confirmed,unfavorable,exploratory_sample,1200,0.325,1,1,0
200,Iphone 15 pro Max 256GB,500,POSITIVE,"L'iPhone 15 pro Max tout neuf est en bon état et entièrement fonctionnel. Le câble de chargement original du téléphone portable est inclus. Le téléphone dispose également du reçu d'achat. Je recherche des acheteurs sérieux sans perdre de temps, expédition uniquement paiement par PayPal biens et services.","Lausanne, VD",,1,2,3,2,10,3,1,similar,suspiciously-low,intermediate-or-missing,fraud-confirmed,unfavorable,exploratory_sample,1200,0.4166666666666667,1,1,0
201,iPhone 15 Pro Max 256Gb gris,500,DETECTED,,"Granges, FR",,1,3,3,2,8,2,1,duplicated,suspiciously-low,intermediate-or-missing,marked,unfavorable,exploratory_sample,1200,0.4166666666666667,0,0,0
202,Iphone 15 pro max ,500,DETECTED,Iphone 15 pro max neu ohne Probleme 1 Monat lang mit Rechnung und 100 % Akkukapazität genutzt ,"Le Mont-sur-Lausanne, VD",,1,2,3,2,7,2,1,similar,suspiciously-low,intermediate-or-missing,marked,unfavorable,exploratory_sample,1200,0.4166666666666667,0,0,0
203,Iphone 15 pro max ,500,DETECTED,Iphone 15 pro max neu ohne Probleme 1 Monat mit Rechnung und 100 % Akkukapazität im Einsatz,"Tägerwilen, TG",,1,2,3,2,7,2,1,similar,suspiciously-low,intermediate-or-missing,marked,unfavorable,exploratory_sample,1200,0.4166666666666667,0,0,0
204,iPhone 15 pro max ,500,POSITIVE,iPhone 15 pro max problemlos neu mit allem Komfort mit einer Akkukapazität von 100 % mit Quittung und allem Fa,"Bissone, TI",2024.0,0,2,3,3,10,3,1,similar,suspiciously-low,new-profile,fraud-confirmed,unfavorable,exploratory_sample,1200,0.4166666666666667,1,1,0
205,Iphone 15 pro max ,500,DETECTED,iPhone 15 pro max problemlos oder knacken 100 % Akkukapazität mit Rechnung,"Appenzell, AI",,1,2,3,2,7,2,1,similar,suspiciously-low,intermediate-or-missing,marked,unfavorable,exploratory_sample,1200,0.4166666666666667,0,0,0
206,iPhone 15 pro max ,500,DETECTED,"Nouvel arrivage d'iPhone 15 pro max 256 GBBoîtes ouvertesVersion américaine originaleÉtat de la batterie à 100 %Très bon étatMU-10pcsPour acheter, envoyez-moi un message","Paris, IDF",,1,2,3,2,7,2,1,similar,suspiciously-low,intermediate-or-missing,marked,unfavorable,exploratory_sample,1200,0.4166666666666667,0,0,0
207,Iphone 15 pro max,450,DETECTED,Iphone 15 pro max très stable près pour la livraison ,"Vétroz, VS",,1,2,3,2,7,2,1,similar,suspiciously-low,intermediate-or-missing,marked,unfavorable,exploratory_sample,1200,0.375,0,0,0
208,iPhone 15 pro max,450,POSITIVE,iPhone 15 pro max à vendre était neuf 13 jour d'utilisation encore très neuf et toujours sous garantie avec tous les accessoires et carton. Bactérie 100% ,"Zürich, ZH",,1,2,3,2,10,3,1,similar,suspiciously-low,intermediate-or-missing,fraud-confirmed,unfavorable,exploratory_sample,1200,0.375,1,1,0
209,iPhone 15 pro max ,500,DETECTED,iPhone 15 pro max ohne Probleme neu mit Box 100 % Akkukapazität und mit Rechnung ,"Genève, GE",,1,2,3,2,7,2,1,similar,suspiciously-low,intermediate-or-missing,marked,unfavorable,exploratory_sample,1200,0.4166666666666667,0,0,0
210,Iphone 15 pro max ,500,DETECTED,iPhone 15 pro max ohne Probleme oder mehr mit 100 % Akkukapazität und mit Rechnung,"Basel, BS",,1,2,3,2,7,2,1,similar,suspiciously-low,intermediate-or-missing,marked,unfavorable,exploratory_sample,1200,0.4166666666666667,0,0,0
211,Iphone 15 pro max ,500,DETECTED,Iphone 15 pro max neu ohne Probleme 1 Monat mit Rechnung und 100 % Akkukapazität im Einsatz ,"Einsiedeln, SZ",2024.0,0,2,3,3,8,2,1,similar,suspiciously-low,new-profile,marked,unfavorable,exploratory_sample,1200,0.4166666666666667,0,0,0
212,Iphone 15 pro max ,500,DETECTED,Iphone 15 pro max neu ohne Probleme mit Erhalt und 100 % Akkukapazität ,"Mörel-Filet, VS",,1,2,3,2,7,2,1,similar,suspiciously-low,intermediate-or-missing,marked,unfavorable,exploratory_sample,1200,0.4166666666666667,0,0,0
213,iPhone 15 Pro Max in Titan Natur mit 256 GB.,500,POSITIVE,"Ich kaufe mir das Apple iPhone 15 Pro Max in MIGROS mit 256 GB. Es befindet sich in der Originalverpackung mit dem Original-Apple-Kabel. Das iPhone befindet sich in einem Neuzustand und unterliegt einer manuellen Handhabung. Alle Funktionen sind mit dem Original-Tag versehen.  Die Größe der Größe ist unterschiedlich, aber sie ist kleiner als die Mini","Schlieren, ZH",,1,2,3,2,10,3,1,similar,suspiciously-low,intermediate-or-missing,fraud-confirmed,unfavorable,exploratory_sample,1200,0.4166666666666667,1,1,0
214,iPhone 15 pro max,480,DETECTED,"Das iPhone 15 Pro Max ist in einwandfreiem, funktionsfähigem Zustand ","Vernier, GE",,1,2,3,2,7,2,1,similar,suspiciously-low,intermediate-or-missing,marked,unfavorable,exploratory_sample,1200,0.4,0,0,0
215,Iphone 15 pro max,480,DETECTED,Je vend mon iphone 15 pro max qui est neuf et en parfait état de fonctionnement et ne contient aucun défaut.,"Zürich, ZH",,1,2,3,2,7,2,1,similar,suspiciously-low,intermediate-or-missing,marked,unfavorable,exploratory_sample,1200,0.4,0,0,0
216,Apple iPhone 15 Pro Max – 256 GB – Titanschwarz,500,POSITIVE,"Genießen Sie die ultimative Raffinesse und Leistung mit dem iPhone 15 Pro Max.  Tauchen Sie ein in Innovation auf höchstem Niveau und entdecken Sie neu, was ein Smartphone für Sie leisten kann.  Mit Expressversand möglich","Bern, BE",,1,1,3,2,10,3,1,unique,suspiciously-low,intermediate-or-missing,fraud-confirmed,unfavorable,exploratory_sample,1200,0.4166666666666667,1,1,0
217,Iphone 15 pro max 256GB ,500,POSITIVE,"Ich verkaufe mein iPhone 15 pro max 256 GB mit all diesem Zubehör in gutem Zustand und funktionsfähig, noch im Rahmen der Garantie, immer noch versiegelt und in der Originalverpackung ","Kandergrund, BE",,1,2,3,2,10,3,1,similar,suspiciously-low,intermediate-or-missing,fraud-confirmed,unfavorable,exploratory_sample,1200,0.4166666666666667,1,1,0
218,Iphone 15 pro max ,520,DETECTED,"Ich verkaufe das neue iPhone 15 pro max. Es funktioniert sehr gut, kein Problem, alle Zubehörteile unterliegen noch der Garantie.","Dürnten, ZH",,1,1,3,2,6,2,1,unique,suspiciously-low,intermediate-or-missing,marked,unfavorable,exploratory_sample,1200,0.43333333333333335,0,0,0
219,Apple iPhone 15 Pro Max - 512GB - Titan Natur,550,POSITIVE,Hier angeboten wird ein iPhone 15 Pro Max in Naturtitan mit 512 GB Speicher.   Das iPhone funktioniert einwandfrei und hat eine Akkukapazität von 99 %.   Das iPhone sieht neu aus.,"Schlieren, ZH",,1,2,3,2,10,3,1,similar,suspiciously-low,intermediate-or-missing,fraud-confirmed,unfavorable,exploratory_sample,1200,0.4583333333333333,1,1,0
222,iPhone 14 pro max ,200,POSITIVE,"Mon IPhone 14 pro max fonctionne très parfaitement j'ai la facture d'achat et elle n'a ni fissure sa capacité de mémoire est de 512GB ainsi que la bactérie est à 100%, veiller me laisser un message si vous êtes intéressé ","Montreuil, IDF",,1,2,3,2,10,3,1,similar,suspiciously-low,intermediate-or-missing,fraud-confirmed,unfavorable,exploratory_sample,850,0.23529411764705882,1,1,0
223,iPhone 12 pro max 512gb,95,POSITIVE,iPhone 12 pro max 512gbBactérie 100% neuf et fonctionne parfaitement sans égratignures sans aucun problème ni rayures le Natel sera envoyer avec tout ces accessoires c'est neuf jamais utilisé. Prix: 95.- Frais de post: 7.- Possible de payer par TWINT. PS: JE PEUX QUE L'ENVOYER PAR LA POSTE. Merci.,"Sankt Gallen, SG",,1,2,3,2,10,3,1,similar,suspiciously-low,intermediate-or-missing,fraud-confirmed,unfavorable,exploratory_sample,400,0.2375,1,1,0
224,iPhone 14 pro max ,200,POSITIVE,"Mon IPhone 14 pro max fonctionne très parfaitement j'ai la facture d'achat et elle n'a ni fissure sa capacité de mémoire est de 512GB ainsi que la bactérie est à 100%, veiller me laisser un message si vous êtes intéressé ","Montreuil, IDF",,1,2,3,2,10,3,1,similar,suspiciously-low,intermediate-or-missing,fraud-confirmed,unfavorable,exploratory_sample,850,0.23529411764705882,1,1,0
225,iPhone 14 pro max ,200,POSITIVE,"Mon IPhone 14 pro max fonctionne très parfaitement j'ai la facture d'achat et elle n'a ni fissure sa capacité de mémoire est de 512GB ainsi que la bactérie est à 100%, veiller me laisser un message si vous êtes intéressé ","Montreuil-aux-Lions, HDF",,1,2,3,2,10,3,1,similar,suspiciously-low,intermediate-or-missing,fraud-confirmed,unfavorable,exploratory_sample,850,0.23529411764705882,1,1,0
226,iPhone 14 pro max ,200,POSITIVE,"Mon IPhone 14 pro max fonctionne très parfaitement j'ai la facture d'achat et elle n'a ni fissure sa capacité de mémoire est de 512GB ainsi que la bactérie est à 100%, veiller me laisser un message si vous êtes intéressé ","Montreuil, IDF",,1,2,3,2,10,3,1,similar,suspiciously-low,intermediate-or-missing,fraud-confirmed,unfavorable,exploratory_sample,850,0.23529411764705882,1,1,0
227,iPhone 14 Pro Max avec revêtement - 256 Go Bacterie 97%,296,IDENTIFIED,"Le manteau iPhone 14 pro max est vendu256 GoCapacité de la batterie de 97% sans fissure ni rayureLivré avec un câble de chargement , une housse , la facture d’achat et la garantie sont disponible ainsi que l’emballage d’origineExpedition posdible ","Val-de-Ruz, NE",,1,2,3,2,7,2,1,similar,suspiciously-low,intermediate-or-missing,marked,unfavorable,exploratory_sample,850,0.34823529411764703,0,0,0
228,iPhone 14 pro max,250,IDENTIFIED,"Mon iphone 14 pro max est en vente avec tous les accessoires, bactérie 96% à  l'état neuf, toujours sous garantie avec carton. ","Zürich, ZH",,1,2,3,2,7,2,1,similar,suspiciously-low,intermediate-or-missing,marked,unfavorable,exploratory_sample,850,0.29411764705882354,0,0,0
229,IPhone 14 Pro Max 128gb bacterie 91%,305,IDENTIFIED,"Je vend mon Iphobe 14 pro max 128 gb bacterie 91% comme sur la photo.  sans aucun problème, sans fissure ni rayure.  Le téléphone ne présente aucune trace d'utilisation. Je le vend parcequ'on m'a offert un nouveau téléphone.  Le téléphone vient avec le chargeur le papier d'achat l'emballage d'origine .J'ai effacé mon icloud ainsi que mes photos et vidéos L'expédition est possible ","Bern, BE",2024.0,0,2,3,3,8,2,1,similar,suspiciously-low,new-profile,marked,unfavorable,exploratory_sample,850,0.3588235294117647,0,0,0
230,iPhone 15 pro max 512gb,500,IDENTIFIED,"iPhone 15 pro max d'origine, la bactérie est a 100% je vend avec toute ces accessoires dans sa boîte d'origine. L'expédition est possible.","Basel, BS",2024.0,0,2,3,3,8,2,1,similar,suspiciously-low,new-profile,marked,unfavorable,exploratory_sample,1200,0.4166666666666667,0,0,0
231,iPhone 14,270,POSITIVE,,"Zürich, ZH",,1,3,3,2,10,3,1,duplicated,suspiciously-low,intermediate-or-missing,fraud-confirmed,unfavorable,exploratory_sample,850,0.3176470588235294,1,1,0
232,Iphone 15pro Max ,670,IDENTIFIED,"Je vends mon IPhone 15 Pro Max avec 256 Go de stockage et 100 % de performances de batterie.  Des accessoires sont disponibles et la durée de vie est de deux mois.   La facture est disponible.  L'enlèvement est possible, l'expédition par le même itinéraire est également possible.   Merci pour l'avance","Bellinzona, TI",2023.0,0,2,2,2,6,2,1,similar,underpriced,intermediate-or-missing,marked,unfavorable,exploratory_sample,1200,0.5583333333333333,0,0,0
233,Iphone 15 pro max,660,IDENTIFIED,"Je vends mon IPhone 15 Pro Max avec 256 Go de stockage et 100 % de performances de batterie.  Des accessoires sont disponibles et la durée de vie est de deux mois.   La facture est disponible.  L'enlèvement est possible, l'expédition par le même itinéraire est également possible.   Merci pour l'avance","Bern, BE",2023.0,0,2,2,2,6,2,1,similar,underpriced,intermediate-or-missing,marked,unfavorable,exploratory_sample,1200,0.55,0,0,0
234,iPhone 15 Pro Max - Titane noir - 256 Go,625,DETECTED,"Bonjour,je mets en vente mon iPhone 15 Pro Max - Titane noir - 256 Go très peu servie acheté le 24 janvier notifié sur la facture toujours sous garantie vendu avec tout les accessoires d'origine.","Bern, BE",,1,2,2,2,6,2,1,similar,underpriced,intermediate-or-missing,marked,unfavorable,exploratory_sample,1200,0.5208333333333334,0,0,0
235,Apple iPhone 13 Pro max,510,DETECTED,"Vendu Apple iPhone 13 Pro max - 256GB - Sierra Blue débloqué comme neuve garantie et facture d'achat disponible. Le téléphone a été soigneusement utilisé dans de bonne conditions, pas de rayure ni de fissure et l'état de la batterie est 90%. ","Wil, SG",,1,2,2,2,6,2,1,similar,underpriced,intermediate-or-missing,marked,unfavorable,exploratory_sample,750,0.68,0,0,0
236,iPhone 15promax 512 giga 500 CHF,500,DETECTED,"Je vend mon Iphone 15 Pro Max 512 GB d'origine y compris tout ses accessoires et le carton qui est d'origine . Mon téléphone n'a aucun problème , il est tout neuf et la capacité de la batterie est de 100 %. La facture d'achat est également disponible pour la garantie .","Zürich, ZH",,1,2,3,2,7,2,1,similar,suspiciously-low,intermediate-or-missing,marked,unfavorable,exploratory_sample,1200,0.4166666666666667,0,0,0
237,iPhone 15 Pro Max 512 GB NEU!,1010,DETECTED,"Je vends mon nouvel iPhone 15 Pro Max avec 512 Go de stockage, comme déjà mentionné l'appareil est complètement neuf et inutilisé !","Münsingen, BE",,1,2,2,2,6,2,1,similar,underpriced,intermediate-or-missing,marked,unfavorable,exploratory_sample,1200,0.8416666666666667,0,0,0
238,iPhone 15 Pro Max noir 512gb,1100,DETECTED,Bonjour je vend mon iPhone 15 pro Max 512gb neuf encore dans la boîte Jamais ouvert ! ( car on a voulu me l’offrir ciné cadeau mais j’ai déjà le même).,"Genève, GE",,1,2,1,2,5,2,0,similar,market-consistent,intermediate-or-missing,borderline,acceptable,exploratory_sample,1200,0.9166666666666666,0,0,0
239,iPhone 15 pro max,750,IDENTIFIED,Je vends mon iphone 15 pro max 512 GB l'état de la bactérie est 100% avec garantie de 1ans il mes iPhones 15 pro max sont toujours d'origine ,"Hinwil, ZH",2024.0,0,2,2,3,7,2,1,similar,underpriced,new-profile,marked,unfavorable,exploratory_sample,1200,0.625,0,0,0
240,iPhone 15 pro jamais ouvert,800,DETECTED,"iPhone 15 pro, dans sa boîte d'origine, jamais ouvert, scellé.Couleur noir,256GBN'hésitez pas à me contacter ","Lausanne, VD",,1,1,2,2,5,2,0,unique,underpriced,intermediate-or-missing,borderline,acceptable,exploratory_sample,1200,0.6666666666666666,0,0,0
241,iPhone 15 pro,850,DETECTED,Jamais utiliser encore dans la boîte n’a jamais été ouvert couleur natural titanium 128 giga ,"Genève, GE",,1,2,2,2,6,2,1,similar,underpriced,intermediate-or-missing,marked,unfavorable,exploratory_sample,1200,0.7083333333333334,0,0,0
242,iPhone 14 pro Max 512g,1000,DETECTED,Produit neuf vendu dans la boîte jamais ouvert 512g couleur gold 14 pro max ,"Paris, IDF",,1,2,1,2,5,2,0,similar,market-consistent,intermediate-or-missing,borderline,acceptable,exploratory_sample,850,1.1764705882352942,0,0,0
243,iPhone 15 Pro Max 256 GB bleue Neuf,1200,NEGATIVE,iPhone 15 Pro Max 256 GB Neuf jamais ouvert Sous blister ,"Genève, GE",2023.0,0,2,1,2,0,3,0,similar,market-consistent,intermediate-or-missing,legitimate,acceptable,exploratory_sample,1200,1.0,1,0,1
244,iPhone 14 pro neuf sous blister,700,DETECTED,Vends iPhone 14 pro jamais ouvert 128GoCouleur noir ,"Genève, GE",,1,2,2,2,6,2,1,similar,underpriced,intermediate-or-missing,marked,unfavorable,exploratory_sample,850,0.8235294117647058,0,0,0
245,IPhone,458,DETECTED,"Vends Apple iPhone 15 Pro Max (256 Go) - Titane Naturel NEUF Jamais ouvert Je l'ai acheté alors que j'en ai reçu un en cadeau.Acheté 1419 euros ( Voir Facture )Marque Apple Système d'exploitation iOS Capacité de stockage de la mémoire256 Go Taille de l'écran6,7 Pouces Nom de modèle iPhone 15 Pro Max Opérateur sans fil Tous les Transporteurs Technologies cellulaire 5G Technologies de connectivité 5GCouleur Titane naturel Technologie réseau sans fil des Wi-Fi","Genève, GE",,1,2,1,2,5,2,0,similar,market-consistent,intermediate-or-missing,borderline,acceptable,exploratory_sample,400,1.145,0,0,0
247,Iphone 15 pro max 256GB,700,POSITIVE,"Je vends un iPhone 15 Pro Max 256 Go Graphite.Aucune rayure ou autre, l'appareil fonctionne parfaitement, le film de protection est toujours présent sur l'écran.La facture est là.Batterie : 100 %Des photos supplémentaires peuvent être envoyées sur demande.Vente privée. Donc pas de retours, ni de garanties ni de garanties.Je préfère l'expédition parce que je suis occupé par mon travail","Lausanne, VD",2024.0,0,2,2,3,10,3,1,similar,underpriced,new-profile,fraud-confirmed,unfavorable,exploratory_sample,1200,0.5833333333333334,1,1,0
248,iPhone 15 Pro Max 256GB,550,DETECTED,"iPhone 15 Pro Max 256GB , L'appareil n'a été utilisé qu'avec un film protecteur sur l'écran et un couvercle de protection. Il n'y a pas de trace d'usure sur le cadre. L'appareil fonctionne parfaitement et ne présente aucun défaut.   L'appareil dispose de 256 Go de capacité de stockage et est disponible sans contrat et sans verrouillage SIM. Il prend en charge la connectivité 5G ainsi que Bluetooth, Wi-Fi, Lightning et NFC. La boussole électronique, le capteur gyroscope, le capteur de proximité, le téléobjectif, le capteur de lumière ambiante, le capteur d'accélération, le baromètre, l'eSIM, la détection d'accident et l'annuaire téléphonique font de l'iPhone 15 Pro Max un compagnon idéal pour toutes les situations.   La capacité de la batterie est encore à 100%. Pas de perte de temps","Delémont, JU",,1,1,3,2,6,2,1,unique,suspiciously-low,intermediate-or-missing,marked,unfavorable,exploratory_sample,1200,0.4583333333333333,0,0,0
249,Iphone 13 pro max 256GB,310,IDENTIFIED,"Je vends un iPhone 13 Pro Max 256 Go Graphite.Aucune rayure ou autre, l'appareil fonctionne parfaitement, le film de protection est toujours présent sur l'écran.La facture est là.Batterie : 100 %Des photos supplémentaires peuvent être envoyées sur demande.Vente privée. Donc pas de retours, ni de garanties ni de garanties.Je préfère l'expédition parce que je suis occupé par mon travail","Luzern, LU",2024.0,0,1,3,3,7,2,1,unique,suspiciously-low,new-profile,marked,unfavorable,exploratory_sample,750,0.41333333333333333,0,0,0
250,Iphone 14 pro max 256GB ,420,IDENTIFIED,"Je vends un iPhone 14 Pro Max 256 Go Graphite.Aucune rayure ou autre, l'appareil fonctionne parfaitement, le film de protection est toujours présent sur l'écran.La facture est là.Batterie : 100 %Des photos supplémentaires peuvent être envoyées sur demande.Vente privée. Donc pas de retours, ni de garanties ni de garanties.Je préfère l'expédition parce que je suis occupé par mon travail","Basel, BS",2024.0,0,3,3,3,9,2,1,duplicated,suspiciously-low,new-profile,high,unfavorable,exploratory_sample,850,0.49411764705882355,0,0,0
251,Iphone 13 pro max 256GB ,300,IDENTIFIED,"Je vends un iPhone 13 Pro Max 256 Go Graphite.Aucune rayure ou autre, l'appareil fonctionne parfaitement, le film de protection est toujours présent sur l'écran.La facture est là.Batterie : 100 %Des photos supplémentaires peuvent être envoyées sur demande.Vente privée. Donc pas de retours, ni de garanties ni de garanties.Je préfère l'expédition parce que je suis occupé par mon travail","Genève, GE",2024.0,0,3,3,3,9,2,1,duplicated,suspiciously-low,new-profile,high,unfavorable,exploratory_sample,750,0.4,0,0,0
252,Apple iPhone 14 Pro Max - 128Go or,700,DETECTED,"Je me sépare de mon Apple iPhone 14 Pro Max - 128Go - Or (Déverrouillé)L’iPhone est en parfait état et ne possède ni fissure ni éclat,La Batterie de l’iPhone est  98% de sa capacité,L’iPhone sera Vendu avec câble d’Origine et toutes ses accessoires Un film hydrogel de protection est déjà posé sur l’écran","Fällanden, ZH",,1,2,2,2,6,2,1,similar,underpriced,intermediate-or-missing,marked,unfavorable,exploratory_sample,850,0.8235294117647058,0,0,0
254,iPhone 15 pro,300,DETECTED,"À vendre iPhone 15 pro comme neuf 256go , batterie 100 pour-cent facture encore garantit 6 mois me contacter au 0621692455","Douai, HDF",,1,1,3,2,6,2,1,unique,suspiciously-low,intermediate-or-missing,marked,unfavorable,exploratory_sample,1200,0.25,0,0,0
255,Iphone 14,300,DETECTED,Uniquement sur livraison,"Genève, GE",2023.0,0,1,3,2,6,2,1,unique,suspiciously-low,intermediate-or-missing,marked,unfavorable,exploratory_sample,850,0.35294117647058826,0,0,0
256,iphone 15 pro max clone,250,DETECTED,iphone 15 pro max 1 tb clone,"Sint-Gillis, BRU",,1,2,3,2,7,2,1,similar,suspiciously-low,intermediate-or-missing,marked,unfavorable,exploratory_sample,1200,0.20833333333333334,0,0,0
257,Redmi note 13 pro,250,DETECTED,"Bonjour,  Je le vend suite a l’achat de mon iPhone 15 !","Court-Saint-Étienne, WAL",,1,2,2,2,6,2,1,similar,underpriced,intermediate-or-missing,marked,unfavorable,exploratory_sample,400,0.625,0,0,0
258,Faux iPhone 15 pro Max 512 giga,230,NEGATIVE,Faux iPhone 150 pro Max négociable avec facture Darty etc,"Toul, GES",,1,2,3,2,0,3,0,similar,suspiciously-low,intermediate-or-missing,legitimate,acceptable,exploratory_sample,1200,0.19166666666666668,1,0,1
261,iPhone 14 jaune 128GB,450,DETECTED,"Bonjour, je vends mon iPhone 14 de couleur jaune 128 giga débloquer tout opérateur.  Il est en parfait état. Il l’a toujours été protégé par un écran en verre ainsi que d’un étui,  je fournis le téléphone ainsi que la boîte + le fil de charge qui est neuf n’a jamais été utilisé  Je le vends car je change régulièrement mes téléphones. Je viens d’avoir le 15.  Remise en main propre uniquement","Gratentour, OCC",,1,1,2,2,5,2,0,unique,underpriced,intermediate-or-missing,borderline,acceptable,exploratory_sample,850,0.5294117647058824,0,0,0
262,IPhone 15 pro max 1TB,400,IDENTIFIED,"MERCI DE BIEN LIRE LA DESCRIPTION AVANT D’ENVOYER UN MESSAGE. ( SI IL EST TOUJOURS EN VENTE C’EST QU’IL EST TOUJOURS DISPONIBLE MERCI DE VOTRE COMPRÉHENSION).  Je vends mon iPhone 15 pro max neuf, L’état de la batterie est a 100% avec une capacité de 1Tb. Le téléphone est encore neuf aucune rayure jamais servi vendu avec sa boîte et son chargeur. Encore garanti jusqu’en Octobre.   Prix négociable dans le raisonnable","Strasbourg, GES",,1,2,3,2,7,2,1,similar,suspiciously-low,intermediate-or-missing,marked,unfavorable,exploratory_sample,1200,0.3333333333333333,0,0,0
263,IPhone 15 pro max 1TB,400,IDENTIFIED,"MERCI DE BIEN LIRE LA DESCRIPTION AVANT D’ENVOYER UN MESSAGE. ( SI IL EST TOUJOURS EN VENTE C’EST QU’IL EST TOUJOURS DISPONIBLE MERCI DE VOTRE COMPRÉHENSION).  Je vends mon iPhone 15 pro max neuf, L’état de la batterie est a 100% avec une capacité de 1Tb. Le téléphone est encore neuf aucune rayure jamais servi vendu avec sa boîte et son chargeur. Encore garanti jusqu’en Octobre.   Prix négociable dans le raisonnable","Lyon, ARA",,1,2,3,2,7,2,1,similar,suspiciously-low,intermediate-or-missing,marked,unfavorable,exploratory_sample,1200,0.3333333333333333,0,0,0
264,Iphone 15 pro max 256 gb,400,IDENTIFIED,"A VENDRE  IPHONE 15PRO MAX 256GB A 400€  PRIX FERME AVEC SON ACCESSOIRES,LA CHARGEUR, SON ÉCOUTEURS, NIVEAU DE LA BATTERIE 100% INTÉRESSÉ M'ENVOYER UNE MESSAGE MERCI","Ajaccio, COR",,1,2,3,2,7,2,1,similar,suspiciously-low,intermediate-or-missing,marked,unfavorable,exploratory_sample,1200,0.3333333333333333,0,0,0
265,Iphone 15 pro max 256 gb,400,IDENTIFIED,"A VENDRE  IPHONE 15PRO MAX 256GB A 400€  PRIX FERME AVEC SON ACCESSOIRES,LA CHARGEUR, SON ÉCOUTEURS, NIVEAU DE LA BATTERIE 100% INTÉRESSÉ M'ENVOYER UNE MESSAGE MERCI","Dunkerque, HDF",,1,2,3,2,7,2,1,similar,suspiciously-low,intermediate-or-missing,marked,unfavorable,exploratory_sample,1200,0.3333333333333333,0,0,0
266,Iphone 15 pro max 256 gb,400,IDENTIFIED,"A VENDRE  IPHONE 15PRO MAX 256GB A 400€  PRIX FERME AVEC SON ACCESSOIRES,LA CHARGEUR, SON ÉCOUTEURS, NIVEAU DE LA BATTERIE 100% INTÉRESSÉ M'ENVOYER UNE MESSAGE MERCI","Noisy-le-Grand, IDF",,1,2,3,2,7,2,1,similar,suspiciously-low,intermediate-or-missing,marked,unfavorable,exploratory_sample,1200,0.3333333333333333,0,0,0
267,Iphone 15 pro max 256 gb,400,IDENTIFIED,"A VENDRE  IPHONE 15PRO MAX 256GB A 400€  PRIX FERME AVEC SON ACCESSOIRES,LA CHARGEUR, SON ÉCOUTEURS, NIVEAU DE LA BATTERIE 100% INTÉRESSÉ M'ENVOYER UNE MESSAGE MERCI","Béziers, OCC",,1,2,3,2,7,2,1,similar,suspiciously-low,intermediate-or-missing,marked,unfavorable,exploratory_sample,1200,0.3333333333333333,0,0,0
268,iPhone 13 pro max,400,DETECTED,iPhone 13 Pro Max Bleu iOS 15.1.1 Rare Pour Connaisseur Facture à l’appui Aucune Rayure Film Avant officiel Apple covering PSG derrière peut être enlevé état irréprochable toujours avec housse de protection et films de protection Chargeur Neuf officiel Apple sera envoyé en Colissimo avec numéro suivi vendeur et acheteur depuis 2011 évaluation 100% Avec garantie,"Marseille, PAC",,1,1,2,2,5,2,0,unique,underpriced,intermediate-or-missing,borderline,acceptable,exploratory_sample,750,0.5333333333333333,0,0,0
269,IPhone 15 pro max 1TB,400,IDENTIFIED,"Bonjour je vends mn iPhone jamais utiliser encore neuf, 1 tb de capacité le prix est a négocié dans la limites du raisonnable,","Toulon, PAC",,1,1,3,2,6,2,1,unique,suspiciously-low,intermediate-or-missing,marked,unfavorable,exploratory_sample,1200,0.3333333333333333,0,0,0
270,Iphone 15 pro max 256 gb,400,IDENTIFIED,"A VENDRE  IPHONE 15PRO MAX 256GB A 400€  PRIX FERME AVEC SON ACCESSOIRES,LA CHARGEUR, SON ÉCOUTEURS, NIVEAU DE LA BATTERIE 100% INTÉRESSÉ M'ENVOYER UNE MESSAGE MERCI","Rueil-Malmaison, IDF",,1,2,3,2,7,2,1,similar,suspiciously-low,intermediate-or-missing,marked,unfavorable,exploratory_sample,1200,0.3333333333333333,0,0,0
271,IPhone 15 pro max 1TB,400,IDENTIFIED,"Bonjour je vends mn iPhone jamais utiliser encore neuf, 1 tb de capacité le prix est a négocié dans la limites du raisonnable","Le Mans, PDL",,1,3,3,2,8,2,1,duplicated,suspiciously-low,intermediate-or-missing,marked,unfavorable,exploratory_sample,1200,0.3333333333333333,0,0,0
272,IPhone 15 pro max,400,POSITIVE,"MERCI DE BIEN LIRE LA DESCRIPTION AVANT D’ENVOYER UN MESSAGE. ( SI IL EST TOUJOURS EN VENTE C’EST QU’IL EST TOUJOURS DISPONIBLE MERCI DE VOTRE COMPRÉHENSION).  Je vends mon iPhone 15 pro max neuf, L’état de la batterie est a 100% avec une capacité de 1Tb. Le téléphone est encore neuf aucune rayure jamais servi vendu avec sa boîte et son chargeur. Encore garanti jusqu’en Octobre.   Prix négociable dans le raisonnable","Aix-en-Provence, PAC",,1,2,3,2,10,3,1,similar,suspiciously-low,intermediate-or-missing,fraud-confirmed,unfavorable,exploratory_sample,1200,0.3333333333333333,1,1,0
273,IPhone 15 pro max 1TB,400,IDENTIFIED,"Bonjour je vends mn iPhone jamais utiliser encore neuf, 1 tb de capacité le prix est a négocié dans la limites du raisonnable, il est possible de le faire sur envoi aussi mais contre un acompte pour éviter toutes arnaque.","Montpellier, OCC",,1,2,3,2,7,2,1,similar,suspiciously-low,intermediate-or-missing,marked,unfavorable,exploratory_sample,1200,0.3333333333333333,0,0,0
274,iphone 15 max pro max,400,IDENTIFIED,"iphone 15pro max   a vendre urgent mon iphone 15pro max avec son chargeur avec la facture, etat batterie 99%,  512Go, en etat nickel sans aucun soucis","Le Pré-Saint-Gervais, IDF",,1,3,3,2,8,2,1,duplicated,suspiciously-low,intermediate-or-missing,marked,unfavorable,exploratory_sample,1200,0.3333333333333333,0,0,0
275,Apple iPhone 14 Pro Max 512 GB,310,DETECTED,"Il s’agit d’un fantastique Apple iPhone 14 Pro Max doté d’une capacité de stockage de 512 Go.  Le téléphone est de couleur noire, a une taille d’écran de 6,7 pouces et fonctionne sur le système d’exploitation iOS.  Le téléphone est déverrouillé et est livré avec la connectivité Bluetooth, Wi-Fi, USB, NFC et GPS.  Il est également livré avec sa boîte d'origine, ce qui le rend parfait pour offrir.  Ce téléphone est en excellent état cosmétique et sera un atout précieux pour le nouveau propriétaire.  La batterie est à 98%.","Schlieren, ZH",2024.0,0,2,3,3,8,2,1,similar,suspiciously-low,new-profile,marked,unfavorable,exploratory_sample,850,0.36470588235294116,0,0,0
276,iPhone 15 Pro max,600,DETECTED,Il est en bon état,"Paris, IDF",,1,1,2,2,5,2,0,unique,underpriced,intermediate-or-missing,borderline,acceptable,exploratory_sample,1200,0.5,0,0,0
277,iPhone 15,600,DETECTED,Bonjour je vend mon iPhone 15 très bonne état aucune rayure rien à signaler batterie 90%facture disponible,"Paris, IDF",,1,2,2,2,6,2,1,similar,underpriced,intermediate-or-missing,marked,unfavorable,exploratory_sample,1200,0.5,0,0,0
278,iPhone 15 Rouge 128 Go,600,DETECTED,Vend iPhone 15 Rouge 128 Go  État comme neuf toujours protégé avec une coque et un verre trempé   Câble + chargeur  batterie 100%  Pour tout renseignement je suis à votre disposition  600 €  à débattre,"Fitz-James, HDF",,1,2,2,2,6,2,1,similar,underpriced,intermediate-or-missing,marked,unfavorable,exploratory_sample,1200,0.5,0,0,0
279,iPhone 15 128g,600,DETECTED,À venir cherché  avec facture et chargeur rapide,"Schaarbeek, BRU",,1,2,2,2,6,2,1,similar,underpriced,intermediate-or-missing,marked,unfavorable,exploratory_sample,1200,0.5,0,0,0
280,Apple iPhone 15pro,600,DETECTED,No de modèle A3105 IMEI 354449449950956 Numéro de série HFYHYXTW1J N° d''article 1876226 Garantie 12 mois Date de publication 8.08.2024 Mémoire 512Go Type de SIM SIM + eSIM Couleur noire  Système d'exploitation iOS Diagonale de l'écran 6.70 Mémoire extensible Non Réseau mobile standard 5G Résolution caméra 48 Mpx Type caméra Triple Résolution caméra frontale 12 Mpx Classe de protection IP68Téléphonie & Radiocom Portables Apple iPhone 15 Pro Max 512Go noire...,"Paris, IDF",,1,1,2,2,5,2,0,unique,underpriced,intermediate-or-missing,borderline,acceptable,exploratory_sample,1200,0.5,0,0,0
281,iphone 15 pro max,600,DETECTED,"Bonjour j'ai un iphone 15 pro max que j'aimerais vendre. Il est tout neuf, veuillez ne pas envoyer de message si vous n'êtes pas prêt à l'acheter, il est également bon marché car j'ai besoin d'argent, donc je le vendrai à ce prix.","La Haye-Saint-Sylvestre, NOR",,1,2,2,2,6,2,1,similar,underpriced,intermediate-or-missing,marked,unfavorable,exploratory_sample,1200,0.5,0,0,0
282,iPhone 15,600,DETECTED,Vend iPhone 15 tout neuf jamais servi  Dans sa pochette avec chargeurs  Garantie. Tout neuf,"Paris, IDF",,1,2,2,2,6,2,1,similar,underpriced,intermediate-or-missing,marked,unfavorable,exploratory_sample,1200,0.5,0,0,0
283,iPhone 15 128 gb avc facture achetée y’a 1 mois,600,DETECTED,Batterie 100/100 avc facture chargeur,"Schaarbeek, BRU",,1,1,2,2,5,2,0,unique,underpriced,intermediate-or-missing,borderline,acceptable,exploratory_sample,1200,0.5,0,0,0
284,iPhone 15 Neuf jamais utilisé en 128gb,600,DETECTED,Tout est dit si ce n’est en plus qu’il est libre de tout opérateur et n’a jamais été utilisé.,"Morges, VD",2009.0,0,1,2,1,4,2,0,unique,underpriced,older-profile,borderline,acceptable,exploratory_sample,1200,0.5,0,0,0
285,iPhone 15,590,DETECTED,"Bonjour, je vends mon iPhone 15 état neuf encore sous garantie","Roye, HDF",,1,2,3,2,7,2,1,similar,suspiciously-low,intermediate-or-missing,marked,unfavorable,exploratory_sample,1200,0.49166666666666664,0,0,0
286,iPhone 15,590,DETECTED,"Bonjour, je vends mon iPhone 15 état neuf encore sous garantie","Roye, HDF",,1,2,3,2,7,2,1,similar,suspiciously-low,intermediate-or-missing,marked,unfavorable,exploratory_sample,1200,0.49166666666666664,0,0,0
287,IPhone 13,587,DETECTED,My son wants and upgrade to iphone 15 so I have to sell this.,"Paris, IDF",,1,1,2,2,5,2,0,unique,underpriced,intermediate-or-missing,borderline,acceptable,exploratory_sample,750,0.7826666666666666,0,0,0
288,iPhone 15 pro max,580,IDENTIFIED,Batterie à changer d’où le prix qui est assez bas . Prix ferme! Merci de me contacter pour plus d’informations,"Paris, IDF",,1,1,3,2,6,2,1,unique,suspiciously-low,intermediate-or-missing,marked,unfavorable,exploratory_sample,1200,0.48333333333333334,0,0,0
289,iPhone 15 pro max,580,DETECTED,iPhone parfait état sauf la batterie qui est à changer sinon le téléphone n’a aucun autre problème d’où le prix qui est bas pour un iPhone 15 pro max . Merci de me contacter.,"Paris, IDF",,1,2,3,2,7,2,1,similar,suspiciously-low,intermediate-or-missing,marked,unfavorable,exploratory_sample,1200,0.48333333333333334,0,0,0
290,IPHONE 15PRO MAX,550,IDENTIFIED,"A VENDRE IPHONE 15PRO MAX 256GB A 550€ PRIX FERME AVEC SON ACCESSOIRES,LA CHARGEUR, SON ÉCOUTEURS, NIVEAU DE LA BATTERIE 100% INTÉRESSÉ ENVOYER MOI UNE MESSAGE MERCI","Namur, WAL",,1,2,3,2,7,2,1,similar,suspiciously-low,intermediate-or-missing,marked,unfavorable,exploratory_sample,1200,0.4583333333333333,0,0,0
291,iPhone 15 Green,550,DETECTED,Il a un mois je n’aime juste pas ! Je préfère un plus petit téléphone,"Mons, WAL",,1,1,3,2,6,2,1,unique,suspiciously-low,intermediate-or-missing,marked,unfavorable,exploratory_sample,1200,0.4583333333333333,0,0,0
292,IPHONE 15PRO MAX,550,IDENTIFIED,"A VENDRE IPHONE 15PRO MAX 256GB A 550€ PRIX FERME AVEC SON ACCESSOIRES,LA CHARGEUR, SON ÉCOUTEURS, NIVEAU DE LA BATTERIE 100% INTÉRESSÉ ENVOYER MOI UNE MESSAGE MERCI","Lier, VLG",,1,2,3,2,7,2,1,similar,suspiciously-low,intermediate-or-missing,marked,unfavorable,exploratory_sample,1200,0.4583333333333333,0,0,0
293,IPHONE 15PRO MAX,550,IDENTIFIED,"A VENDRE IPHONE 15PRO MAX 256GB A 550€ PRIX FERME AVEC SON ACCESSOIRES,LA CHARGEUR, SON ÉCOUTEURS, NIVEAU DE LA BATTERIE 100% INTÉRESSÉ ENVOYER MOI UNE MESSAGE MERCI","Brugge, VLG",,1,2,3,2,7,2,1,similar,suspiciously-low,intermediate-or-missing,marked,unfavorable,exploratory_sample,1200,0.4583333333333333,0,0,0
294,IPHONE 15PROX MAX,550,IDENTIFIED,"A VENDRE IPHONE 15PRO MAX 256GB A 550€ PRIX FERME AVEC SON ACCESSOIRES,LA CHARGEUR, SON ÉCOUTEURS, NIVEAU DE LA BATTERIE 100% INTÉRESSÉ ENVOYER MOI UNE MESSAGE MERCI","La Louvière, WAL",,1,2,3,2,7,2,1,similar,suspiciously-low,intermediate-or-missing,marked,unfavorable,exploratory_sample,1200,0.4583333333333333,0,0,0
295,IPHONE 15PRO MAX,550,IDENTIFIED,"A VENDRE IPHONE 15PRO MAX 256GB A 550€ PRIX FERME AVEC SON ACCESSOIRES,LA CHARGEUR, SON ÉCOUTEURS, NIVEAU DE LA BATTERIE 100% INTÉRESSÉ ENVOYER MOI UNE MESSAGE MERCI","Mons, WAL",,1,2,3,2,7,2,1,similar,suspiciously-low,intermediate-or-missing,marked,unfavorable,exploratory_sample,1200,0.4583333333333333,0,0,0
296,IPHONE 15PRO MAX,550,IDENTIFIED,"A VENDRE IPHONE 15PRO MAX 256GB A 550€ PRIX FERME AVEC SON ACCESSOIRES,LA CHARGEUR, SON ÉCOUTEURS, NIVEAU DE LA BATTERIE 100% INTÉRESSÉ ENVOYER MOI UNE MESSAGE MERCI","Liège, WAL",,1,2,3,2,7,2,1,similar,suspiciously-low,intermediate-or-missing,marked,unfavorable,exploratory_sample,1200,0.4583333333333333,0,0,0
297,déverrouiller l'iPhone 15 pro max 256 Go,550,DETECTED,déverrouiller l'iPhone 15 pro max 256 Go  Apple iPhone 15 pro max à vendre en tout neuf dans sa boîte d'origine déverrouillé en usine avec garantie,"Paris, IDF",,1,2,3,2,7,2,1,similar,suspiciously-low,intermediate-or-missing,marked,unfavorable,exploratory_sample,1200,0.4583333333333333,0,0,0
298,IPHONE 15PRO MAX,550,IDENTIFIED,"A VENDRE IPHONE 15PRO MAX 256GB A 550€ PRIX FERME AVEC SON ACCESSOIRES,LA CHARGEUR, SON ÉCOUTEURS, NIVEAU DE LA BATTERIE 100% INTÉRESSÉ ENVOYER MOI UNE MESSAGE MERCI","Buxerolles, NAQ",,1,2,3,2,7,2,1,similar,suspiciously-low,intermediate-or-missing,marked,unfavorable,exploratory_sample,1200,0.4583333333333333,0,0,0
299,Apple iPhone 15 - 128Go - Noir,525,IDENTIFIED,"Apple iPhone 15 - 128Go - Noir Les téléphones en excellent état général. Tout fonctionne, garantie toujours disponible. La boîte inclus. L'état de la bactérie toujours 100%","Genève, GE",2023.0,0,2,3,2,7,2,1,similar,suspiciously-low,intermediate-or-missing,marked,unfavorable,exploratory_sample,1200,0.4375,0,0,0
300,iPhone 15 pro,500,DETECTED,Achèter il y’a moin d’un mois a vendre urgemment avec chargeur boite d’origine et garantie. Livraison +main propre,"Biel/Bienne, BE",2020.0,0,1,3,1,5,2,0,unique,suspiciously-low,older-profile,borderline,acceptable,exploratory_sample,1200,0.4166666666666667,0,0,0
301,iphone 14/15. 128gb new!,750,DETECTED,iphone 15 black 128 - 750€  iphone 14 white 128 - 650€,Bratislava,,1,2,2,2,6,2,1,similar,underpriced,intermediate-or-missing,marked,unfavorable,exploratory_sample,850,0.8823529411764706,0,0,0
302,iPhone 15,750,DETECTED,vend iPhone 15  128go  État de la batterie 99% remise uniquement en main propre  vendu avec ces 5 coques+ chargeur+ boîte d’origine,"Crest, ARA",,1,2,2,2,6,2,1,similar,underpriced,intermediate-or-missing,marked,unfavorable,exploratory_sample,1200,0.625,0,0,0
304,iPhone 15,750,DETECTED,À vendre iPhone 15 neuf utiliser 15 jours ! Je le vend car j’ai craquer pour le 15 pro ! Pour plus de renseignements me contacter au 0781828658,"Condrieu, ARA",,1,2,2,2,6,2,1,similar,underpriced,intermediate-or-missing,marked,unfavorable,exploratory_sample,1200,0.625,0,0,0
305,"Je revends, car j’ai acheté iPhone 15. Pro.",750,DETECTED,"Je revends, j’ai acheté iPhone 15 Pro","Charvieu-Chavagneux, ARA",,1,1,2,2,5,2,0,unique,underpriced,intermediate-or-missing,borderline,acceptable,exploratory_sample,1200,0.625,0,0,0
306,iPhone 15,750,DETECTED,Je vends mon iPhone 15 neuf. Je l’ai déjà en rose.,"Nancy, GES",,1,2,2,2,6,2,1,similar,underpriced,intermediate-or-missing,marked,unfavorable,exploratory_sample,1200,0.625,0,0,0
307,Téléphone,750,DETECTED,IPHONE 15 128GB BLEU CADEAU   D ENTREPRISE DOUBLE EMPLOI DONC VENTE AVEC VITRE PROTECTION + COQUE + CHARGEUR,"Charvieu-Chavagneux, ARA",,1,1,1,2,4,2,0,unique,market-consistent,intermediate-or-missing,borderline,acceptable,exploratory_sample,400,1.875,0,0,0
308,iPhone 15 128gb rose,750,DETECTED,iPhone 15 rose 128gb comme neuf toujours protéger avec coque et verre tremper état de la batterie est à 99%,"Huy, WAL",,1,2,2,2,6,2,1,similar,underpriced,intermediate-or-missing,marked,unfavorable,exploratory_sample,1200,0.625,0,0,0
309,IPHONE 15,750,DETECTED,"Iphone 15 Neuf dans sa boîte, jamais ouvert.","Marseille, PAC",,1,2,2,2,6,2,1,similar,underpriced,intermediate-or-missing,marked,unfavorable,exploratory_sample,1200,0.625,0,0,0
310,"iPhone 15, 128gb",750,DETECTED,"Caractéristiques principales :  Modèle : iPhone 15 Capacité : 128GB État : Neuf, jamais utilisé, encore dans son emballage d'origine Prix : 750€ (Légèrement discutable)  Veuillez noter que je ne répondrai pas aux offres ridicules ou déraisonnables. Merci de respecter le prix indiqué. Si vous êtes intéressé et sérieux, n'hésitez pas à me contacter pour plus d'informations","Charleroi, WAL",,1,2,2,2,6,2,1,similar,underpriced,intermediate-or-missing,marked,unfavorable,exploratory_sample,1200,0.625,0,0,0
311,iPhone 15,750,DETECTED,Vend iPhone 15 neuf 4 mois toujours protégé aucune rayure,"Hesdin, HDF",,1,1,2,2,5,2,0,unique,underpriced,intermediate-or-missing,borderline,acceptable,exploratory_sample,1200,0.625,0,0,0
312,IPhone 15 128 go (sous blister),750,DETECTED,Bonjour je vends iPhone 15 128 gb en bleu sous blister jamais ouvert avec la facture à l’appuie  Remise en main propre uniquement,"Besançon, BFC",,1,2,2,2,6,2,1,similar,underpriced,intermediate-or-missing,marked,unfavorable,exploratory_sample,1200,0.625,0,0,0
313,iPhone 15 pro 128gb blanc,750,DETECTED,Neuf et garantie 2 ans,"Delémont, JU",,1,2,2,2,6,2,1,similar,underpriced,intermediate-or-missing,marked,unfavorable,exploratory_sample,1200,0.625,0,0,0
314,Iphone 15 128 gb neuf et avec tous les accessoires,750,DETECTED,Je vends un iPhone 15 rose 128 neuf apple care 1 an et avec tous les accessoires,"Le Mesnil-Saint-Denis, IDF",,1,2,2,2,6,2,1,similar,underpriced,intermediate-or-missing,marked,unfavorable,exploratory_sample,1200,0.625,0,0,0
315,IPHONE 15 PRO 258 GO,750,DETECTED,Paiement en crypto monnaie seulement (Binance/Coinbase etc).  envoie par mondial relay ou colissimo   (Prix négociable a la limite du raisonnable)  pour plus d'information venez message privée merci.,"Paris, IDF",,1,1,2,2,5,2,0,unique,underpriced,intermediate-or-missing,borderline,acceptable,exploratory_sample,1200,0.625,0,0,0
316,IPhone 15,750,DETECTED,Vends iPhone 15 acheter en avril avec la boîte,"Seclin, HDF",,1,1,2,2,5,2,0,unique,underpriced,intermediate-or-missing,borderline,acceptable,exploratory_sample,1200,0.625,0,0,0
317,Iphone15 neuf noir 128 Go,750,DETECTED,Bonjour  Je vends un iphone15 noir 128 Go encore sous blister .  Remise en uniquement en main propre  VALEUR ACTUELLE 969 euros en magasin  Très bonne affaire  Pas négociable,"Grenoble, ARA",2023.0,0,1,2,2,5,2,0,unique,underpriced,intermediate-or-missing,borderline,acceptable,exploratory_sample,400,1.875,0,0,0
318,iPhone,750,DETECTED,"Spirig Dressursattel 17""","Genève, GE",2024.0,0,1,1,3,5,2,0,unique,market-consistent,new-profile,borderline,acceptable,exploratory_sample,400,1.875,0,0,0
319,Zuverkaufen i Phone 15 Pro Max 256gb,750,DETECTED,Spirig Dressursattel 17,"Sirnach, TG",2008.0,0,2,1,1,4,2,0,similar,market-consistent,older-profile,borderline,acceptable,exploratory_sample,400,1.875,0,0,0
320,iphone15 128 GB,700,DETECTED,Neuf  iPhone 15 128 GB,"Lausanne, VD",2017.0,0,2,2,1,5,2,0,similar,underpriced,older-profile,borderline,acceptable,exploratory_sample,400,1.75,0,0,0
321,iPhone 15 pro,700,DETECTED,Bonjour je vend un iphone 15 pro avec 99% de capacité batterie venir prendre sur place pas d’envois,"Genève, GE",2022.0,0,2,2,1,5,2,0,similar,underpriced,older-profile,borderline,acceptable,exploratory_sample,1200,0.5833333333333334,0,0,0
322,iPhone 14 Pro Max,650,DETECTED,iPhone 14 Pro Max Noir,Marque,2024.0,0,2,2,3,7,2,1,similar,underpriced,new-profile,marked,unfavorable,exploratory_sample,850,0.7647058823529411,0,0,0
323,iPhone 15 pro max 256gb,650,DETECTED,iPhone 15 pro max 256gb  a vendre à un bon prix état 10/10 .la batterie 99%  ...1 mois d'utilisation,"Basel, BS",2024.0,0,2,2,3,7,2,1,similar,underpriced,new-profile,marked,unfavorable,exploratory_sample,1200,0.5416666666666666,0,0,0
324,iPhone 15 Pro 256 Go,900,DETECTED,iPhone 15 Pro Blue Titanuim 256Go  Neuf jamais ouvert !!!!,"Lausanne, VD",,1,2,2,2,6,2,1,similar,underpriced,intermediate-or-missing,marked,unfavorable,exploratory_sample,1200,0.75,0,0,0
325,iPhone 15 Pro Max,900,IDENTIFIED,iPhone 15 Pro Max neuf jamais utilisé ni déballé tout d'origine directement importé de la maison apple. Capacité de stockage 512 GB. Disponible en stock également à un prix compétitif. Livraison possible. Contacter nous pour plus d'informations.,"Paris, IDF",,1,2,2,2,6,2,1,similar,underpriced,intermediate-or-missing,marked,unfavorable,exploratory_sample,1200,0.75,0,0,0
326,iPhone 15 pro,900,DETECTED,Bonjour je met en vente mon iPhone 15 pro 128giga acheté y’a un mois  Aucunes rayures ni impact  Il les comme neuf 900€,"Toulouse, OCC",,1,2,2,2,6,2,1,similar,underpriced,intermediate-or-missing,marked,unfavorable,exploratory_sample,1200,0.75,0,0,0
327,apple iPhone 15 pro 256 GO titanium,900,DETECTED,téléphone apple iPhone 15 PRO 256 GO  parfait état vendu complet avec boite et cable débloqué tous reseaux film protection écran acheté en janvier 2024 visible région brumath,"Brumath, GES",,1,1,2,2,5,2,0,unique,underpriced,intermediate-or-missing,borderline,acceptable,exploratory_sample,1200,0.75,0,0,0
